msno,song_id,source_system_tab,source_screen_name,source_type,target
YU6fAgCFgPkaJ1YSW2838KzGTxmBCfgousTO8jwuHYM=,d5ayexvXscdzmuGxENyY8Uwb4AQaxt0dEcnkAgES7xw=,my library,My library,song-based-playlist,1
UjuPJCQo/YoGVR/yJ+CocmWUk2czJE0BBKqaPpVYV64=,HbqkjwnnIt6BtfmvVyXTdPHAsFCYxU74sv8+s1lfIwE=,my library,Radio,radio,0
tNvUsQwOJX5OgGsBBN9to3vI+DoUc6S1BFgNXUaYoo0=,WTTcFYZNyqe1dL6Rm+jQMLx/tospfRR+PhD1OFix1mQ=,discover,Discover Feature,song,1
/mmecbnAd2Jrji3aonisktBko1/o+F68GqpV8X4gHiI=,+yj1hcpU3QLGXS2iW9srqWCBV5NE73L9hHR3kbV2NQg=,discover,Explore,online-playlist,0
mrjKYVskMUAksvPgRky/E2g/TiPdbpH1j5CCOzAC5RU=,limwLMOy3/jAQ5dOa3x7k/eJmA1ARXel99C337h+E34=,my library,Discover Feature,song-based-playlist,1
DqwB7smOAIbNnnQbWOpfsmy9znTwfDEQCW1I6ujFG48=,h90KlUZE/mlkkPjhbhz3hXY1zvOhqJXuiKBoFWnTDAo=,my library,Local playlist more,local-library,1
YU6fAgCFgPkaJ1YSW2838KzGTxmBCfgousTO8jwuHYM=,zuyzUP11fbgoVp6IMfWK378GDToe59ZlK5gkf+7aKdg=,my library,Local playlist more,online-playlist,1
O6cmcavFpTlX0oU/WxJrYGxLIvR22dVpHz/VJxylp8g=,7vGvrf5l1XzNbeLZXzQgaNvc2VBmncarpN3LQpLUZiY=,discover,Discover Feature,song-based-playlist,0
Wg1bSRX3JtJ9ElarOhpbEaV5pu9lgTeS33mARTV+Sl8=,fCCmIa0Y5m+MCGbQga31MOLTIqi7ddgXvkjFPmfslGw=,my library,My library,radio,1
TxneOykZ/MOIbQmA/aJ4EUQUIR9r+Egt6TNQu0WgwpA=,THqGcrzQyUhBn1NI/+Iptc1vKtxBIEg0uA8iaoJnO1Q=,discover,Discover Feature,local-library,1
OyELWVNKZMJtqg+BFArzAokp8bn+pGhBWbCZaxyLIus=,9zVQUtq/Uzlxk3X7BwI28CSY7FomzpmtsRc8f2bRyJE=,discover,My library,radio,1
aMB9nC9PVKXsk/K++qMMG0in0dvk2XiUFuAnr10qiac=,Sb2AlcokNNB8/NfoJjK+C/N5lmET1mY6HAd781MxQy0=,my library,My library,online-playlist,1
wobMEyGx2iCkFu27/HPRJIky3S8tO/rS8Rr+tsvEe0k=,eaEPf0VwQhIvfAm8xzQucpa0/OnWo18Ig1cfMIUsZ3M=,radio,Radio,radio,0
0gR6Hl63ExurTrvY9uEfmgDDgRj0nBaIse0DU199YT8=,B2jGIdcFp/C/jeFaJdOwrw72q0kEetFFo+fReLkd6o0=,radio,Discover Feature,online-playlist,0
rdNI0wgxmcsOgjH0akX2/zzW8qbDZc45D681Mpq45jI=,R1769yIwSejBpG/qGgxdD3BiYXI2fJgMg1jjlKCPhIo=,search,Radio,online-playlist,1
V8pNUizcKwTRuSQAtzXJBAJ7B8cyf0EegXkljvIvFqo=,7EnDBkQYJpipCyRd9JBsug4iKnfAunUXc14/96cNotg=,search,Local playlist more,song-based-playlist,0
wv0o115CdKSsFlsV7VvHikjyxLG0LFc5qALhM8xkUZ4=,+cP03fE+hnJUB/v2PHLsD9UHBjmDIYvbuX+NrFqeudI=,explore,Radio,local-library,1
HVcWdf8CEo9s6qwt5V7TpoPYJfRlQSTA6b7kxEAImpc=,QZBm8SOwnEjNfCpgsKBBGPMGET6y6XaQgnJiirspW7I=,radio,My library,song,0
sgT7F0PbR9/iCyzeSzcl//+E+fK3CeZmM1deeeJ5rZ8=,KxxFN09YQwSN0eAJSUf2xa5ZKjyZmX3nIVKM+zKxq6Q=,discover,My library,local-library,1
tiYOcOjJ0qgAJDL3hTboZye11uT8tBbNTscBDWxCWLw=,Z2Y3t/lsoBgA/2HAfy3UP+QWfdckt9BK2u6n8xwqkng=,search,Discover Feature,radio,1
08sWvzS2VVyKAVQRi6z4gxGxRQ0YQM0BXsXdVEKuzSQ=,euRuXf+FKUosn295WoeqQbQJ4MQ7es1jJAQlmqZFA/I=,explore,My library,song,0
pJxMd9PL/N7CdwTwKu3YqiqYSRAJHuejlrTonaPfPfU=,LBFRdBacp7Ob6Ada2N7uCQ47DhiNT2KjUtwOA7oSm7I=,radio,Local playlist more,song-based-playlist,0
qljEWgpUDxIw7Lpc9mpZSYjpH+RmsE3T6s0x852lzRY=,XUz4Z4wPPChz+OIwkwj7HJ8teIjW3rEMdEATM80rDxM=,search,Radio,online-playlist,1
p9Lk74DKfVohPHjTvzHSVQ3lRaqW2ofcBolP45FJgiQ=,IhNTvk4edMSv0PCLIS6Ry23aEYtKEA/KwbJNi1OV84A=,radio,My library,local-library,0
n5v6IqRk4CZnELtP0Z2et7EZrdPicfyhvD2gIdq1Mcc=,kFx6IW7O34CiWxdfV61/cIjZs57ZasQBPjJQSJk2pk0=,search,Discover Feature,song,0
1m91HsZUO53drOd2CmAT2nf4JnK4xxBfbzPNTu9pkjU=,pCf4HI+z4rQsY9FF79m+Sojnl207qtHqtOWU2VFW1ZE=,discover,Radio,song-based-playlist,0
E9jsIxPWhebfnR8cbqPgS+FxCt0zBSXP+72mYRFg0+U=,oAfWzsEYsibZUgmlL8NNYoO0aB4gSyU2tfsQvQp+7f4=,discover,Discover Feature,radio,1
4abUL+lw0T5WFbdgeEyj8UHqyYxA7Exgw2tWiDJVSwY=,Bmj+IwjGGnbUyQ02jJpz5K+2vmxCOKfBqVd7ypu6OLo=,radio,Explore,local-library,1
baemFqI4x+fpHweCJQeb64jdSmOWUKkJuwK5BrgcsX0=,JP0GJixHOHSNDsjKiQY2ttQKbDmWSk35JMMfPtR06BM=,my library,Explore,radio,1
H1D92jYJ3GyJWLmt3ZAE3QgxgfCCit8WTsT7+KwS+vw=,41aDNLPNdJ8PZdNo46uAPDJ4yFTKrPYY1jeM4CucBGs=,discover,Radio,online-playlist,1
tiYOcOjJ0qgAJDL3hTboZye11uT8tBbNTscBDWxCWLw=,edlow+cUeR+1RqGQ87VV7D3gqMw0amQYGEZZDm+sm7Q=,radio,Discover Feature,radio,0
EZmIP7zKgqKwpEHnuDjRIkzCmcLNlHn4hkiglZ5LxK8=,9W/H8tPBKQ7VWmBctuQ6RabciYdr1l+/kg1YPDcPOlU=,discover,Radio,local-library,1
TxneOykZ/MOIbQmA/aJ4EUQUIR9r+Egt6TNQu0WgwpA=,zcieWa7/2VeVp0m0fa95RI3i6FIfNTMzVvYXm3X64Y8=,search,Explore,online-playlist,1
n7V1D5AuwLykWxCzsU1eNPSyxVbrSXs6IXiWF2zN0gY=,qiF4WAvKyVZZIBi4oSntG2GrHa1+p3oMaiZBXUpeDT8=,discover,My library,song-based-playlist,1
38LUs5mVWNKfyjL7ilf9JCnWZLjnno2obLXr69JJKcw=,bTlSHgnwaBMIKHseTFHanJ3Zr4x82ybrGkexpnxDhTY=,my library,Discover Feature,local-library,0
JkQacE3rvmhh65R04eDLbu+M7MCkpzmHwMGrbZo0puc=,ys+EL8Sok4HC4i7sDY0+slDNGVZ8+uOQi6TQ6g8VSF4=,search,Explore,song-based-playlist,1
DqwB7smOAIbNnnQbWOpfsmy9znTwfDEQCW1I6ujFG48=,OE6pqPyTUHX2LrFokqXrAVv6VkRGadC8XQ8CZZpaa3g=,my library,My library,radio,1
ZIThPCdbFdxx0T+qKaAnQprzkTcoMTJL66Of3nlFGLA=,PQ60bLYQn4lnOqNp2pmsUziCKclqLai5pemA9rWWQko=,radio,My library,radio,1
3TZaybijIyaqU3P+moI/mzFWcAj6aR0p7bmxLT9iRq8=,GIDL+PW6bG3ZeBgOby6JNIQn82kPQ+MZjIybnyI3D6M=,radio,Radio,song-based-playlist,1
YQiox2a4tbRbNBaL+VfOLH8oea77HPJMPWRh8euXZqM=,U8VgelI8G461f4FVJHnavdn4zx7XjmSFcNHZ3Hru3TU=,search,Radio,online-playlist,0
Xbrr2Sbq8NuLG+1QZWm/Iu5P52fUTvgspCYNG8wmfPQ=,AyU+NHMfkl3i4KQlaVcu2Y5w4JS+yMgNapvCrDuQtmY=,my library,Local playlist more,song-based-playlist,1
3yBpYWqEybBPazsqB5NIhrXKCFe1Djn5orPBvxz9ArE=,QjRlzbxmVxusW6CP2Xr8GjX3BnPitUMFBxCWxd/5AKY=,search,Explore,online-playlist,0
akW+xn32y3X+ZisQokWwV8+caojTEpm3E8lV8E3yuBk=,h45pWoMzCvsq3e3rBIuHggNB/3NG06/SIVDPEPOF1Gc=,my library,Explore,online-playlist,1
f2c4l3mhW4SmXKRP+OfPUdbQ4U8afe+gqcX9Dmh03Xs=,x6u5YRNWfWRwBSupKIjHonX/pAAr4HtXW4ZUIh7/iPo=,search,Radio,radio,1
gxxBbzV3eE2XGjUrFVB2FzAve55Oe1s86HD+OEh36Gw=,+yj1hcpU3QLGXS2iW9srqWCBV5NE73L9hHR3kbV2NQg=,radio,My library,song,0
9wwJC2y3YDYTilHnM+uYnPS7GCxV625Hs4VZ7sc6OKY=,M0vkEMBlcbeVSWQQx/6FtXbJ57IiCw27TW8/vmSayk8=,discover,Radio,online-playlist,0
yBXKYfcmQ+TtIEvkLQXabAY2uwudIGn21dEZYAwCDCg=,JA6C0GEK1sSCVbHyqtruH/ARD1NKolYrw7HXy6EVNAc=,radio,Local playlist more,song,1
Bljj9o7B1zgL0RIpZef1SlSigiTIMr0mDPv7aUyzuXo=,2uFTn3kDES2C3JeqzV4cpSAGQ756GFK0XajzEDLqER4=,search,Local playlist more,local-library,1
SyBjgDUF6aV+1d17oV4XPDBkJLU//LAOwWdYh4DAUiU=,7dUiqNIuyM+aDRJEw3+ZSYydeZGAQ1AAI0eOd0Nzh8c=,discover,Radio,song,1
rGbXmjKDOsBV9n2LJEPtx4GcJS00c7Bs9ZFo6icxVJM=,jRzcNOC0WGSfwQmr9ZP5mxiPYxAdkGrPFGc0GvS1dOs=,search,My library,song,0
3yBpYWqEybBPazsqB5NIhrXKCFe1Djn5orPBvxz9ArE=,NhQfOVnptpW5z5qsP/sN+hVS8TM2iYvdy/ZGVe7K+kM=,discover,Explore,radio,1
a3O5che4tB5RTo8XoApn10uQ+FpVjTNwJfNrrQyaMXk=,gvHR5iZ5GWVYZBMTQFo/k0LB3Hh2RDUNhDgOCzICosE=,search,Local playlist more,song,0
4DlS5LiANEKlMTQD08dakyV1JWwPYI/n1wyjx4ImjPc=,nnGh305rOmte1K/4D+qsL1LyY6P+jvDlzATIqwbCa/0=,radio,Explore,song,1
TxvdtN1Ehq4kbgU5J7lw+ik6Pc0NZjnQKARPiCCf0fk=,+h+uIXLQyXHuCdwAY5oT3T302vt0IdQJtux0APXhriw=,discover,My library,song-based-playlist,1
E3yiQ2d5+KiGkm622V73IRgukx9qXPYJIpG6xWF/lF4=,JVwoBKjxxE9L/IpNKsSCJJIYHcxvwxOKbFnM3TLwcTQ=,radio,Discover Feature,online-playlist,0
OOUnJuX4SteRhUdJZ9B2DqtfiwsfcZVBefEhXLeBsFg=,7zFV1bMlN//PbeZut5RL6SnRlZ7/9nBKIXf/dzhK9kM=,discover,Radio,radio,0
baemFqI4x+fpHweCJQeb64jdSmOWUKkJuwK5BrgcsX0=,T86YHdD4C9JSc274b1IlMkLuNdz4BQRB50fWWE7hx9g=,my library,Radio,radio,0
2tmUzRCcD0l3et0ck9XfxZT6gT9LM3w8gwfckVNylIU=,CTwL9Gnx6QsaZ6+ygo/VHirN/XZKxlUJEB2VGQX8yjg=,search,Discover Feature,online-playlist,0
a4aEMKA1bMIwfCarB0qN+Fjag8swMwFfXm6ri5KJvms=,WTTcFYZNyqe1dL6Rm+jQMLx/tospfRR+PhD1OFix1mQ=,explore,My library,song-based-playlist,0
JoGt+PgRGKHAhTQnaRqQygBWdDwGE6gdPbeGiGP4/Lc=,WrVBxKvotVYzAKxCxNAGssQ1oCgO0gAJ4sNCfhfdfOY=,discover,Discover Feature,radio,1
J/KdXo5kGQs+dRxYam3/tZlwhl7ZX+sYvvCdjg8Tqzg=,CXdtx7/QxePhjYwYFcXVv+lXjCDEGRJ9r/OC7IQXthw=,my library,Explore,radio,1
a4aEMKA1bMIwfCarB0qN+Fjag8swMwFfXm6ri5KJvms=,4eWKqiadX4L+cYSy1VEcazqQDV1YxvYo1YHU5VR81pM=,explore,Explore,local-library,0
5wvbHjIY9vAARXRg82rOSUqfZlHLqJN88I8W8bwsiSc=,WrVBxKvotVYzAKxCxNAGssQ1oCgO0gAJ4sNCfhfdfOY=,discover,Local playlist more,radio,1
R7AyK9ZUi5d21sCDumgghXW+TNacd/qN0dNMa0C22pA=,fEAIgFRWmhXmo6m3ukQeqRksZCcO/7CjkqNckRHiVQo=,my library,Radio,song,1
lfK5QUAaa28niDIyQ2oGkSntvSe7G5EmQ1N6nvnE8lY=,shYcSF/8MpYMxMzLfRznBZjwoQIvd+RUH06UamCj8ks=,explore,Local playlist more,radio,1
Y4FvDsosFNoz4ZHIAbuwgUBSFK8qY2oE5p7V8wymc/Q=,48PnLVsKQXwlRoNr7779QyZxweYBbpX9z3E1YZm2F/A=,discover,Explore,song,0
LR9NLKme+aT6uoW3R5XlLu9gq7LQG6tt+bJTEPpcrGg=,un97bVjGL490RQbl8kr/58qbzkeuFBGMnXFRst9RArs=,explore,Discover Feature,local-library,0
pJxMd9PL/N7CdwTwKu3YqiqYSRAJHuejlrTonaPfPfU=,nW60n6qAGoytY/yX4w0r1IT462C9Xs/ZxbV6MLDSpUk=,discover,Radio,local-library,0
jL7ukei/Kb4gDCfTG4+VhV4TzLaDecjji/aW+GqWvac=,SHV52/0W8kZcf3uJZF9+ZP3S5vu2RO4WNGhZ8qQHulU=,search,Explore,online-playlist,1
TxvdtN1Ehq4kbgU5J7lw+ik6Pc0NZjnQKARPiCCf0fk=,gG3/58uZyyOwaPT+eGWL81mwCzcDPW2EmwYcjWmvJSs=,search,Local playlist more,online-playlist,1
Tb5tCteFbk+G5Jyvq9SqD1eAzgZ98WR/xOCvvjkNCog=,IgMar/mVrJQ+ODFPytDf7jwQMmR09+slyZUdVylRFLc=,explore,Discover Feature,song-based-playlist,1
K7obY5lUlZTd6a/byE9NG/e7Q/dlgHfppLbYk8OL7os=,AJQOsWR+d8TYfx8K3IngAs9/GSQE5ujDqBx/8PYm6zo=,search,Explore,song-based-playlist,0
nAiRf+UmYT7ZWIOUF6Ig3D0FDVIVpSgUb+H40Vg1eQU=,Y87wssIvAzfpJA1z7WGawlIQl7mNFDWzmKS/FlLtLA8=,my library,Local playlist more,radio,1
HVcWdf8CEo9s6qwt5V7TpoPYJfRlQSTA6b7kxEAImpc=,d5ayexvXscdzmuGxENyY8Uwb4AQaxt0dEcnkAgES7xw=,search,Radio,radio,0
x+k/zTEqdgYq6O+r1iDjKRaQnaCS5118gzBe8c12r1Y=,b7yydI1iGdF/kFybrbVHHDXeI/9stzEWK1i77MLj4rU=,discover,Explore,online-playlist,1
P3tJU/DjIEbh0ucnC1KT8wojenDDSwx+blB8pFp/KeE=,T86YHdD4C9JSc274b1IlMkLuNdz4BQRB50fWWE7hx9g=,explore,Local playlist more,radio,1
H5DWyI7bujtol5aU1pzvLdfBAs45Ym/5jicdUlerf2s=,NDtiB0N12yjIn9D9reqXF8NPPCq6vMNhOwd9A/c3qd8=,radio,Radio,song,1
EZmIP7zKgqKwpEHnuDjRIkzCmcLNlHn4hkiglZ5LxK8=,/6kgyFt1nsLDNbZh0AHM4Pb3sbp3CZ0C4DbPa4++eVE=,explore,Explore,song,0
lSkUSnCm60kDLdEsnAVp6jwr2HkyIhDCEZLX82djjHg=,TYhx9eqWklddkLQlApQ5MS9jJCO4H3JHdpISZ3kZSRE=,search,Explore,song-based-playlist,1
KXS4mDTuweetiTTxgkbg8uohB20KUXvkXz6g4l3r40c=,nwSpTQoTbubQRzCAjsWTemzjG0B36aa5Dqpi2py8jsU=,my library,Discover Feature,radio,1
6bwk5TTaA1YSOmPoxDgBBlV5CrZJEar2C6SxwT5nDrU=,Y2CFnBr/mdTuaxOu3vKcbuUBE0UmhAIx+Pkgazp+j4c=,my library,Radio,online-playlist,1
/mmecbnAd2Jrji3aonisktBko1/o+F68GqpV8X4gHiI=,WrVBxKvotVYzAKxCxNAGssQ1oCgO0gAJ4sNCfhfdfOY=,my library,Discover Feature,local-library,1
cNssc+2L1Fx77CzASou28E9qfWeJjQKZtfoADkl/xkQ=,DRWs2zLgDBAqLqyHsNZVPyiBed+Iutm+qsoWqvo6dkA=,radio,Explore,song,1
XHJRZV5Xgcub4dNGuzRj5tVfDD1iwrtoXmdQOWtlc3U=,YpeEDiJw4nf+dGvwJJqGWlFsbJp2cRxhmB3vioPeU0E=,discover,Discover Feature,song-based-playlist,0
EErUQnZWpOhxSvs3UlAQ6Jme7r+DjJyvkqhEceArwBA=,hme5eV1flIR0iLiRc0XRKQHssHaz7palP92OutFelak=,radio,My library,radio,1
akW+xn32y3X+ZisQokWwV8+caojTEpm3E8lV8E3yuBk=,xeyouM+hIjUtImV20of0p7SrDY4UnejP5Q/BnCHYG00=,radio,Explore,song-based-playlist,0
LThaiVqGGnVTPmTcmwN/LLo4fVb5dzkduzd7s1SgzIA=,uzU6ntNZT60j0CqFNXTpF6Oo8W3w5UwU/ANEODidW04=,search,My library,online-playlist,1
H/MB+uttGlGIMr7qru4HYG4dVbh0e1mBuoryBOKz/RU=,VkILU0H1h3NMmk9MQrXouNudGk5n8Ls5cqRRuBxeTh4=,search,My library,local-library,0
lFQM2AQ0IIifeOgmnRDSFEuWfh7XQZm0Z+O6K696CQk=,nnGh305rOmte1K/4D+qsL1LyY6P+jvDlzATIqwbCa/0=,radio,Discover Feature,song,1
XHJRZV5Xgcub4dNGuzRj5tVfDD1iwrtoXmdQOWtlc3U=,+WZeyJdxSPcag6xHLPjJOfJoc1haKiC4j0BcbZHG5ig=,my library,Explore,local-library,1
/mmecbnAd2Jrji3aonisktBko1/o+F68GqpV8X4gHiI=,zg6SzD3aqsnOqqyhFYTdbCNFrhSACbwefB/ZFi68AO0=,my library,Discover Feature,local-library,1
8ncKS6kWM+oSslEfrPcRMcHq5VVQqBcbWoQ0FHlDgPA=,LFxbY1lvAdJXl0Pa/SRc0GrBc6js3NobwKR2qsm1T/o=,explore,Discover Feature,song,0
b5XWI+EhZTCGoQ6YK/SLu3tmCnKh8Z7wBK6Gztm49uA=,7dUiqNIuyM+aDRJEw3+ZSYydeZGAQ1AAI0eOd0Nzh8c=,search,Local playlist more,radio,1
NzxFYmHEK32NaephTO2QGtxiR93Cf7U/Tp6jkoY25WE=,+CvzJ0dbjOAypszTDhMrSjJJQYNbEiDrSod3wwcOA1k=,explore,Explore,song,0
UGX+2jh3WO5XRuVOPuPCiIetzHlBjh0DPOLPeJSe36E=,jRzcNOC0WGSfwQmr9ZP5mxiPYxAdkGrPFGc0GvS1dOs=,my library,Discover Feature,song,1
OOETiYOFhuTowtgRUIiKommGv0eo6XUHLc1ofgwcJew=,Hg9Bv1grz9a7lTp6HxpK//dV5AOqft4uk1fjIfPMJFE=,discover,Local playlist more,online-playlist,0
+Y+wTRRkZ0QA3bV4+7nwu8qlN5Kb7ygMhqvB5L929YI=,Z+mhovcYbExPp66GnBecKttDRM5S5YCAw9vzJACsQAU=,explore,Local playlist more,song,0
JoGt+PgRGKHAhTQnaRqQygBWdDwGE6gdPbeGiGP4/Lc=,3W6VBSN09a/Vh9w1Fwmdus4H4xxmde/yu0RBgMcTtZM=,explore,Radio,radio,0
2yBzq7nUBV99ankkp7O46elZikHVB5BvqHcr2Lzetlc=,4eWKqiadX4L+cYSy1VEcazqQDV1YxvYo1YHU5VR81pM=,my library,My library,radio,0
6aH1YAi5YwvZUHtpjEaMQwM0p4wP4XLrkWQSdXDF9L8=,bTlSHgnwaBMIKHseTFHanJ3Zr4x82ybrGkexpnxDhTY=,my library,Explore,song,1
XHJRZV5Xgcub4dNGuzRj5tVfDD1iwrtoXmdQOWtlc3U=,l71bGvOgjZIJQHa+E1GW7L5QWYSliCUKy+Hg3SmxzOE=,radio,Local playlist more,online-playlist,1
ocQB699RoI5sBlRUfv8tu++vqupI35/95l3U507jdpw=,9tMmo3BI0ElPvI5O0DoVc4u12TzxgEdtwTadElAbc1U=,my library,Discover Feature,radio,1
8ncKS6kWM+oSslEfrPcRMcHq5VVQqBcbWoQ0FHlDgPA=,kFx6IW7O34CiWxdfV61/cIjZs57ZasQBPjJQSJk2pk0=,discover,Explore,radio,1
o+5RNlSWrzvrphgBNGIo1FLkGxBgyICns6qXj3nS7Pk=,wp1gSQ4LlMEF6bzvEaJl8VdHlAj/EJMTJ0ASrXeddbo=,my library,Local playlist more,local-library,1
Tb5tCteFbk+G5Jyvq9SqD1eAzgZ98WR/xOCvvjkNCog=,5myS1WHBGGzoGGXLLGo/tIuHzWsyp0Ez0NoLWKdkA9Y=,discover,Discover Feature,online-playlist,0
V8pNUizcKwTRuSQAtzXJBAJ7B8cyf0EegXkljvIvFqo=,338YQI2OhQDjVCbuAJ2t0PQtzDG8KRSFdB69kiwt3CM=,search,Radio,local-library,0
n5v6IqRk4CZnELtP0Z2et7EZrdPicfyhvD2gIdq1Mcc=,J4qKkLIoW7aYACuTupHLAPZYmRp08en1AEux+GSUzdw=,radio,Local playlist more,local-library,1
oqovZIlVcIUL0aIMGYtXxy3R+xJcxmJBJUXeIb+HJYA=,qHD46j2HpNipwKHtoE0035AIr+FAdNYaSi1VNT3gACk=,explore,My library,radio,1
WtuOpsYQ8St9zt7yySdryqDUCxeT4/v2rLRA7+lsahQ=,IIPVkO6EB8ymcuxkuxkum1N5gowLdTzy9sYF9luyhVk=,explore,Explore,song-based-playlist,1
0ut67E6+04VZ9RDX1nJYPmPARhbgYbsjEKl7K4dpjDw=,Gew5+s/HwCSjQ6bX7/dZ0pXS6TB4ccOrOYcQg7FWDZI=,discover,Radio,song-based-playlist,0
3TZaybijIyaqU3P+moI/mzFWcAj6aR0p7bmxLT9iRq8=,LnbFBEyneTI7mID7Pw+s14Kf3o73LucRxwS3Wpfjsf4=,explore,Explore,song,1
n5v6IqRk4CZnELtP0Z2et7EZrdPicfyhvD2gIdq1Mcc=,JiHWUXkERiCPai7GKXVal+Cns8SWC8Ft0+5NKSQdbfU=,discover,Radio,radio,1
4MSFgArmrrq1abQEeuHkmNQjEkqn5r/Z6/LNObSm3xc=,+CvzJ0dbjOAypszTDhMrSjJJQYNbEiDrSod3wwcOA1k=,search,Local playlist more,online-playlist,0
O3ElkgfVd3DoJysnWAIgIPF4N3Y9LPmlm+aC5G+UXGY=,6HofPS0v2MVFsL10yCN7dXUL+gUOnvsD35vx3HmRbdE=,discover,My library,online-playlist,0
rEVqJ3NIxC9LSUZYOj1ft5VSAvFo3AxNu2k36hKKtWc=,IXP1a2o3NL8WU4WK1X0WJAKaSW+LgGRpPDn4Gt1HrV8=,radio,Explore,song,1
UvM0IMLJ11PTOjdjhqapNQmHcbttfsiyv5+dtIR2IK0=,EL5DbsSvhAFtMBBoOjs4aipOjC3Xj4syX/l/wlK+kdM=,my library,Radio,song-based-playlist,1
dU4RbzpIRRd/EkA9Xncpy9CglzDBZp7nKMfdnfr3Aj8=,RxCEvZAXgnh1ZDlQBuVb/J9xpnopFSJBaBxLqGZIXSs=,explore,Discover Feature,song-based-playlist,1
6aH1YAi5YwvZUHtpjEaMQwM0p4wP4XLrkWQSdXDF9L8=,TVtxD8qAAl8KeA5CU+1c4Pg6+/PR3vK2vYMnY/eSGho=,search,Discover Feature,online-playlist,0
z1IXxOkXP6uCWwFJLibRkXzU7USedggSWIfGJl/HFQg=,4brTUuIjK24sVlWzSLLL33b3JbwhNVfaDo7vvBt9FCQ=,discover,Local playlist more,radio,0
TDHfjwkLrnoorqjTUFtlzSL47Yl1oEBpHM8k7qHrIdI=,/RYwZD+IL/0YEgpu71HgW9q6c2A80gr/fC/j0BmYGvo=,search,Radio,radio,1
/mmecbnAd2Jrji3aonisktBko1/o+F68GqpV8X4gHiI=,nW60n6qAGoytY/yX4w0r1IT462C9Xs/ZxbV6MLDSpUk=,radio,Radio,local-library,1
KXS4mDTuweetiTTxgkbg8uohB20KUXvkXz6g4l3r40c=,wR+LLM957WfBdaXmUsdE9AiGzOVki7yjelGea+0Ze8E=,radio,Radio,local-library,1
tNvUsQwOJX5OgGsBBN9to3vI+DoUc6S1BFgNXUaYoo0=,CivTL87a654wHFVt1BEZu+cryDKO8mYRsrxpEW8oVm8=,search,Local playlist more,local-library,1
WtuOpsYQ8St9zt7yySdryqDUCxeT4/v2rLRA7+lsahQ=,Rerp71vL127G1162T5Bwgk3D6r/ZtiXDfWvYz+3ljhE=,my library,Radio,song,0
DqwB7smOAIbNnnQbWOpfsmy9znTwfDEQCW1I6ujFG48=,Ot8WIXZXzvgZeZoCwcimfORgLbZJJdslmuvO1ufZB7k=,explore,Local playlist more,online-playlist,1
UvM0IMLJ11PTOjdjhqapNQmHcbttfsiyv5+dtIR2IK0=,h90KlUZE/mlkkPjhbhz3hXY1zvOhqJXuiKBoFWnTDAo=,discover,Local playlist more,song,1
jL7ukei/Kb4gDCfTG4+VhV4TzLaDecjji/aW+GqWvac=,cQI8Uzy06tt/XJ59vDlifTQTl2qOiTFBkf5yVCUNoyg=,search,Discover Feature,online-playlist,0
0gR6Hl63ExurTrvY9uEfmgDDgRj0nBaIse0DU199YT8=,yLoN4bFNhNb3LXZ4EdnptePHtj3Ztmrw/p13qGn3GTw=,my library,My library,song,1
uhEkft9Ht4TsUF5wBkmmZbtbaIVESVfiUnMlxHYl0HI=,rFLawM8j/vW78o/S3P2GTsmy6HwkTI15P7NF/i9CkX4=,search,Explore,local-library,1
YQiox2a4tbRbNBaL+VfOLH8oea77HPJMPWRh8euXZqM=,shYcSF/8MpYMxMzLfRznBZjwoQIvd+RUH06UamCj8ks=,explore,Discover Feature,online-playlist,1
UvM0IMLJ11PTOjdjhqapNQmHcbttfsiyv5+dtIR2IK0=,VkDBgh89umc9m6uAEfD6LXngetyGhln4vh/ArCGO0nY=,search,Explore,online-playlist,0
n7V1D5AuwLykWxCzsU1eNPSyxVbrSXs6IXiWF2zN0gY=,VkILU0H1h3NMmk9MQrXouNudGk5n8Ls5cqRRuBxeTh4=,search,My library,radio,1
TxneOykZ/MOIbQmA/aJ4EUQUIR9r+Egt6TNQu0WgwpA=,vkagi2Lrvjx/FxLWE6FHZFoDoOaSWI052fEQCwouDUs=,explore,Explore,radio,1
4MSFgArmrrq1abQEeuHkmNQjEkqn5r/Z6/LNObSm3xc=,NO3PiEzofJglKjD8+biTGWkEVRDfE799y8c9wQS1XWo=,my library,Explore,local-library,1
IU4XmahhntFf39v7Xzd/Nk6fjzZCCpAjOU8xW2TWHGk=,kHpEHXKwwG+dwmOR2NnvrXwsE24vqD7n40tcNQE/niQ=,radio,Explore,song,1
16fsOt7imefLSFsV7mWoP1AL+bpjP1NuWzQ5QP9tj8k=,podlycp3c6tOEDw7q8iQBVgvFjiMpkWWXTlXljGdbTY=,explore,Local playlist more,song-based-playlist,1
B4P1g6sGBILzGhelH/YKkfpkFgWfn/LgS4KgU+bEaD0=,q5/Vwifgv0SGdEIyiMU2F0pIXkeCIW3w2xB8n4iMoS0=,discover,My library,local-library,1
SZ5NNypqaTWljFO1HiVZwkw3713+rM9x/JNdJd8/fzc=,ZcKgNis1AP1LA0sdtIddrtk7P04iiJzJrXvwXdT/X3Q=,explore,My library,local-library,1
xQp8uu2ljPWqokw6Eg+4TCB/GUC/EZwFMcapcleGiDw=,WL4ipO3Mx9pxd4FMs69ha6o9541+fLeOow67Qkrfnro=,my library,Discover Feature,song-based-playlist,1
/mmecbnAd2Jrji3aonisktBko1/o+F68GqpV8X4gHiI=,oAfWzsEYsibZUgmlL8NNYoO0aB4gSyU2tfsQvQp+7f4=,discover,Explore,song,1
fVZedYe9G51wW8jy3Ws7FuF5IKx7zxQYWvPAfCdIRJE=,XUz4Z4wPPChz+OIwkwj7HJ8teIjW3rEMdEATM80rDxM=,explore,My library,song-based-playlist,1
bEJvXhD1XWK8qi0Lhydk9nt30hOTCkxG0a70s9ZeCEk=,M9rAajz4dYuRhZ7jLvf9RRayVA3os61X/XXHEuW4giA=,search,Explore,song,0
3TZaybijIyaqU3P+moI/mzFWcAj6aR0p7bmxLT9iRq8=,8Kn45Wt6j2eOQSYFai72rdxvmy6rXFGXCcbi92hzOAY=,discover,Discover Feature,song,1
2LbejuZF550yFLDXLIBw3gd/c462BIJ+S/SOwneSXUM=,kE+FVLsG03zTzYoGVDqTmVkoSKC9DjJwQr2puF6MkOI=,discover,Explore,local-library,1
AEZNdJt0QGYpBlT97tdnNaNHW5SqpgJb70TFmeZBYbg=,fCCmIa0Y5m+MCGbQga31MOLTIqi7ddgXvkjFPmfslGw=,my library,My library,radio,1
TO253iXvHroemKYZ23M7YL7uu6Um4zEwByNl4wcpIYs=,bFbleyVHx6Nr9tHMr4OybO2i3A4FS2Be0/62K2+FSpY=,discover,My library,online-playlist,1
SZ5NNypqaTWljFO1HiVZwkw3713+rM9x/JNdJd8/fzc=,ih58jIWgit7qPy3VpvbM6E7AIvs57ylCHMVpIl1T+Io=,discover,Discover Feature,song-based-playlist,0
tlFGRF/TtrSwJA9XPHL4cajWghZCbAbhzif/6wJiN6Q=,wfSboJwFBF6YyVmGO0wCeRtMdrqwkOgwPHV+YmSUl5Y=,discover,My library,local-library,0
4abUL+lw0T5WFbdgeEyj8UHqyYxA7Exgw2tWiDJVSwY=,o9HWMBZMeIPnYEpSuscGoORKE44sj3BYOdvGuIi0P68=,discover,Discover Feature,local-library,1
4tuTIArXO3WO8/zS9y2CC34ywEfChjAKUchlKW00DMM=,jZVQRajq2WbbIoSiF5MSCyJKgTt7tpITHayD3PYKg88=,search,My library,radio,1
DqwB7smOAIbNnnQbWOpfsmy9znTwfDEQCW1I6ujFG48=,PgRtmmESVNtWjoZHO5a1r21vIz9sVZmcJJpFCbRa1LI=,discover,Local playlist more,song-based-playlist,1
NwX1NaVlyw0jvfQNxLTcx9ztIUKVL/sjkccdAmMpfCA=,9YRkIrpN2f9PtHpeYsE03vYy9X7RpIR9XmGtxuyO5iY=,my library,Discover Feature,song-based-playlist,0
Mue3orxlJaHmK07bXWDrchFW1f/Or6TLVfMwx9fO9aA=,opfHqJ0Oz4KsSqM5/TqBERkLI9DFnMD0Jywzh7XSE6Y=,radio,Explore,radio,0
xjA4Fs3CO4k3jQSXLFhn21zxTcYVRRRTzof3ZPn8KFg=,uWREia5CNSoapbU9+BpqQxlSfntw1J/01HQGpVxFiM4=,radio,Radio,radio,1
mrjKYVskMUAksvPgRky/E2g/TiPdbpH1j5CCOzAC5RU=,wBTWuHbjdjxnG1lQcbqnK4FddV24rUhuyrYLd9c/hmk=,radio,Local playlist more,online-playlist,1
oqovZIlVcIUL0aIMGYtXxy3R+xJcxmJBJUXeIb+HJYA=,w4Zku7HxtkAKl/BB8H81ZfWOXwnnmVbZBvFZeRPuRUU=,explore,My library,song-based-playlist,0
HVcWdf8CEo9s6qwt5V7TpoPYJfRlQSTA6b7kxEAImpc=,8f/T4ohROj1wa25YHMItOW2/wJhRXZM0+T5/2p86COc=,search,My library,local-library,1
4MSFgArmrrq1abQEeuHkmNQjEkqn5r/Z6/LNObSm3xc=,GQqErVwbH/YaifR6wl2S6prosRVHhwGO2/Aq5aIJLA8=,discover,Discover Feature,local-library,1
rEVqJ3NIxC9LSUZYOj1ft5VSAvFo3AxNu2k36hKKtWc=,Sb2AlcokNNB8/NfoJjK+C/N5lmET1mY6HAd781MxQy0=,discover,Radio,radio,1
n5v6IqRk4CZnELtP0Z2et7EZrdPicfyhvD2gIdq1Mcc=,+h+uIXLQyXHuCdwAY5oT3T302vt0IdQJtux0APXhriw=,search,Explore,online-playlist,1
EBXSMA3gzTff0F01n56dHSBQR/IDWiwuw5S+ksPgTc0=,jFUlstiDM/0JBpQz1N1Mr1uJj0H8kiQsJjfbnx45gHs=,discover,My library,radio,1
oqovZIlVcIUL0aIMGYtXxy3R+xJcxmJBJUXeIb+HJYA=,66NCw1qHAROy0PiUC1tPNmGYqRvBSfvGUsO+46BooDc=,discover,Local playlist more,song-based-playlist,1
2LbejuZF550yFLDXLIBw3gd/c462BIJ+S/SOwneSXUM=,JiY2ckGkra5KGchu3Rh6KPH9FL2J0tTmAB3pGyVi4BQ=,discover,Local playlist more,online-playlist,0
2LbejuZF550yFLDXLIBw3gd/c462BIJ+S/SOwneSXUM=,JA6C0GEK1sSCVbHyqtruH/ARD1NKolYrw7HXy6EVNAc=,discover,Explore,song-based-playlist,1
vBNHobQRQsofef7+9NZk4C6Y6T2PBXSGXUbn6c8UOcg=,bTlSHgnwaBMIKHseTFHanJ3Zr4x82ybrGkexpnxDhTY=,discover,Radio,online-playlist,1
PwnWgkloewAh6nr1MpRnSm6jbrltEb328ifDj7ccDZc=,opfHqJ0Oz4KsSqM5/TqBERkLI9DFnMD0Jywzh7XSE6Y=,my library,Discover Feature,online-playlist,1
R2FvE4x+hefwL4evbgNGNCng13c1MkP3PHocNtU91qU=,w0/+8z/tSrUK3JctMyhYTh2LfNl9OFga+Tw0yl0IVfc=,radio,Radio,local-library,1
Xbrr2Sbq8NuLG+1QZWm/Iu5P52fUTvgspCYNG8wmfPQ=,u67UjhgKuy5EciXXCkJvpAYxT+l8agXUqFuD5Hs3STc=,discover,Explore,song,0
H5DWyI7bujtol5aU1pzvLdfBAs45Ym/5jicdUlerf2s=,7NV5ZpaFlc7e3fjuxNiiuL0+HEr8qASFr+HHztIhwGY=,search,Radio,song-based-playlist,1
cqjRBV/jWN2ujhc+z/4tz+Mj6xEfflAAt6qBXCqxKvw=,pCf4HI+z4rQsY9FF79m+Sojnl207qtHqtOWU2VFW1ZE=,discover,Discover Feature,song-based-playlist,0
2+T8pswRgDmvZ6B4esKi3lWZyT4xqeVKmv19J0/y51w=,ih58jIWgit7qPy3VpvbM6E7AIvs57ylCHMVpIl1T+Io=,radio,Discover Feature,local-library,1
TxneOykZ/MOIbQmA/aJ4EUQUIR9r+Egt6TNQu0WgwpA=,XUz4Z4wPPChz+OIwkwj7HJ8teIjW3rEMdEATM80rDxM=,search,Discover Feature,song,1
UjuPJCQo/YoGVR/yJ+CocmWUk2czJE0BBKqaPpVYV64=,VdVi5NKMJeRDsz4+3xvrpu66FNVTcQ4G26TXoUxW8bU=,my library,Local playlist more,local-library,1
UhqjLSMwLYzjZFDyYQF6A33phr0tPNXyu7+I08q/u8g=,l71bGvOgjZIJQHa+E1GW7L5QWYSliCUKy+Hg3SmxzOE=,my library,Explore,song,0
O6cmcavFpTlX0oU/WxJrYGxLIvR22dVpHz/VJxylp8g=,DhuNF1B0GK4zzZ7U+v/vt/Y+3aQbTRmV2bd99TUAXzI=,discover,Local playlist more,song,1
nAiRf+UmYT7ZWIOUF6Ig3D0FDVIVpSgUb+H40Vg1eQU=,1UHqpOyecqH+8NytyogNdQz/2zUDpmHzUF5lgH1gvyw=,explore,Radio,local-library,0
rdNI0wgxmcsOgjH0akX2/zzW8qbDZc45D681Mpq45jI=,7vGvrf5l1XzNbeLZXzQgaNvc2VBmncarpN3LQpLUZiY=,search,Discover Feature,local-library,1
cNssc+2L1Fx77CzASou28E9qfWeJjQKZtfoADkl/xkQ=,TLU46LbiJ+1mmJr4Le4Z5eaUQq3TiXgdZpE5EtR4WZI=,explore,Local playlist more,local-library,1
Y8fGbgG4J6bpoXzljxRIp+hwVjk2ULHaLAfJatxHjg0=,ufjl9/oJJRQx/0JUEBaIeyE82HP0CF7Fy2LwOIiNiYY=,discover,My library,song,1
08sWvzS2VVyKAVQRi6z4gxGxRQ0YQM0BXsXdVEKuzSQ=,3W6VBSN09a/Vh9w1Fwmdus4H4xxmde/yu0RBgMcTtZM=,radio,Local playlist more,song,1
Mn98O4X/zceMt9nswcoq08F16ciCqhuN7lQ951MAL2o=,Bh52i4Qxauj9DCtTLH9CeKZgB59FIP2NofIbc6Dh0Xw=,radio,Radio,local-library,1
2tmUzRCcD0l3et0ck9XfxZT6gT9LM3w8gwfckVNylIU=,fDBtAj8rHHCQGeSsDEeT0WA3gSp6p7g3z71981gFuQA=,discover,My library,radio,0
E3yiQ2d5+KiGkm622V73IRgukx9qXPYJIpG6xWF/lF4=,izWkEacMHX6lc+hEC3QnWwWd2LXiHZ9tacUNpfUz+aw=,discover,Discover Feature,song,0
O6cmcavFpTlX0oU/WxJrYGxLIvR22dVpHz/VJxylp8g=,B4o9XjQJPJGGJr63sxzS4LUoQOrNhyVU1DersrYXRlI=,discover,Local playlist more,online-playlist,0
E3yiQ2d5+KiGkm622V73IRgukx9qXPYJIpG6xWF/lF4=,jHMqK5wu5C0txl0QCxpkSM1xbIev60ii+dc99LXu8EI=,discover,Explore,song,0
yBXKYfcmQ+TtIEvkLQXabAY2uwudIGn21dEZYAwCDCg=,7sD/47OK7UjsdmBjtLCUTIdX9Df8TjpHyOOeA0Koxy8=,radio,Discover Feature,online-playlist,1
Xbrr2Sbq8NuLG+1QZWm/Iu5P52fUTvgspCYNG8wmfPQ=,Bh52i4Qxauj9DCtTLH9CeKZgB59FIP2NofIbc6Dh0Xw=,discover,Radio,online-playlist,1
EDSn8rAs8qjUvqhhFG5diTbaVbJi8qkoKXeMzf2JGVQ=,kE+FVLsG03zTzYoGVDqTmVkoSKC9DjJwQr2puF6MkOI=,radio,Explore,online-playlist,0
+Y+wTRRkZ0QA3bV4+7nwu8qlN5Kb7ygMhqvB5L929YI=,IgMar/mVrJQ+ODFPytDf7jwQMmR09+slyZUdVylRFLc=,discover,Discover Feature,online-playlist,1
16fsOt7imefLSFsV7mWoP1AL+bpjP1NuWzQ5QP9tj8k=,limwLMOy3/jAQ5dOa3x7k/eJmA1ARXel99C337h+E34=,search,Explore,radio,1
JoGt+PgRGKHAhTQnaRqQygBWdDwGE6gdPbeGiGP4/Lc=,J3iRhTSYqG12XgzsbOSJYdIFWZ39JaYoP3XSWM/pcHM=,radio,Radio,online-playlist,1
YQiox2a4tbRbNBaL+VfOLH8oea77HPJMPWRh8euXZqM=,8Ckw1wek5d6oEsNUoM4P5iag86TaEmyLwdtrckL0Re8=,explore,Local playlist more,online-playlist,1
o6lVTGcU8lL0OI4fOMWc21THJHoOjqxxYlYACoyTN6g=,+h+uIXLQyXHuCdwAY5oT3T302vt0IdQJtux0APXhriw=,my library,Radio,song,1
4DlS5LiANEKlMTQD08dakyV1JWwPYI/n1wyjx4ImjPc=,THqGcrzQyUhBn1NI/+Iptc1vKtxBIEg0uA8iaoJnO1Q=,discover,Local playlist more,online-playlist,1
SWoa4UvhuutHxhcRAxlfTc6Jr1j5tGw9cp3Kiq+ayKM=,s84FxzZB6F3J6VOD21RuFLngqi6nMsKA4txNXn+pbK8=,discover,Discover Feature,song,1
YU6fAgCFgPkaJ1YSW2838KzGTxmBCfgousTO8jwuHYM=,Bh52i4Qxauj9DCtTLH9CeKZgB59FIP2NofIbc6Dh0Xw=,my library,Explore,local-library,0
P+Sxa9gtP8P8IQcpPGbwWmEFdrF16hTrtfXyfa5aGoI=,d5ayexvXscdzmuGxENyY8Uwb4AQaxt0dEcnkAgES7xw=,discover,Discover Feature,local-library,0
mGDObQQojFOJfK2rJKcme282huuk0qDxBzWL22/qYbc=,euRuXf+FKUosn295WoeqQbQJ4MQ7es1jJAQlmqZFA/I=,radio,Local playlist more,song-based-playlist,1
vSstkkQzt3KMmyvh0MGHpXpgzHO6kobAYipy6ik6HB8=,GFWjz4apE8zMiXe6wc0qCjr+DbK9BFkwo/rr+FsNm+g=,explore,Explore,radio,1
lq5Q5jIo2pNtn/bTBZy8e07jc4qcIhLI7PXeieo/EgI=,izWkEacMHX6lc+hEC3QnWwWd2LXiHZ9tacUNpfUz+aw=,discover,Radio,song,1
5wvbHjIY9vAARXRg82rOSUqfZlHLqJN88I8W8bwsiSc=,d2k4F/IYpmudgfCxsRAXVHBdYHPfcWmhCYmjdXxigLE=,my library,Explore,song,1
LR9NLKme+aT6uoW3R5XlLu9gq7LQG6tt+bJTEPpcrGg=,bG9ptdK+Pb7m4ozflF/RjUqbG/uo5ipgAo1ffT8mnfU=,my library,Explore,local-library,1
E3yiQ2d5+KiGkm622V73IRgukx9qXPYJIpG6xWF/lF4=,66NCw1qHAROy0PiUC1tPNmGYqRvBSfvGUsO+46BooDc=,radio,Radio,song-based-playlist,1
O6cmcavFpTlX0oU/WxJrYGxLIvR22dVpHz/VJxylp8g=,ux6db2W4f9nhapYVkSg81Uzhxnw0vf44cFWHSd2EuJo=,discover,Local playlist more,radio,0
O3ElkgfVd3DoJysnWAIgIPF4N3Y9LPmlm+aC5G+UXGY=,BgqjNqzsyCpEGvxyUmktvHC8WO5+FQO/pQTaZ4broMU=,my library,Discover Feature,song-based-playlist,1
wIeuCRmznzwE6bVrKuo2QRfkztVfQVEYMNaugLCPTS4=,31Tp9mUO5cVc8fEd67bI5GTrfev3MiXPUokaum1m3K8=,search,Local playlist more,radio,1
0gR6Hl63ExurTrvY9uEfmgDDgRj0nBaIse0DU199YT8=,AJQOsWR+d8TYfx8K3IngAs9/GSQE5ujDqBx/8PYm6zo=,explore,Explore,radio,1
R7AyK9ZUi5d21sCDumgghXW+TNacd/qN0dNMa0C22pA=,pCf4HI+z4rQsY9FF79m+Sojnl207qtHqtOWU2VFW1ZE=,search,My library,song,0
saNgxsUQwx4IXBRgFF0w3uJN6KzvQBEv3dI7dDaz97g=,ajjUpdQjWCwzCHNd6C0hB3Fz8BIPGjSy6IT35+UWD1I=,radio,Local playlist more,local-library,1
rGbXmjKDOsBV9n2LJEPtx4GcJS00c7Bs9ZFo6icxVJM=,WTTcFYZNyqe1dL6Rm+jQMLx/tospfRR+PhD1OFix1mQ=,my library,My library,song,0
saNgxsUQwx4IXBRgFF0w3uJN6KzvQBEv3dI7dDaz97g=,3VkD5ekIf5duJm1hmYTZlXjyl0zqV8wCzuAh3uocfCg=,search,Radio,song-based-playlist,1
rdNI0wgxmcsOgjH0akX2/zzW8qbDZc45D681Mpq45jI=,hDaCYJApKdeZGK7HPAWppz+FfmRwNh9g1wBc/EkBfYE=,search,My library,song,1
V8pNUizcKwTRuSQAtzXJBAJ7B8cyf0EegXkljvIvFqo=,3Yz717mUtR+r4L0zzgDgWnYeFtY9g68ZjKlq1U72KNw=,explore,Explore,local-library,1
yBXKYfcmQ+TtIEvkLQXabAY2uwudIGn21dEZYAwCDCg=,+cP03fE+hnJUB/v2PHLsD9UHBjmDIYvbuX+NrFqeudI=,search,Explore,song,1
wobMEyGx2iCkFu27/HPRJIky3S8tO/rS8Rr+tsvEe0k=,Kpyp6PVaOaQz81TH4KYB59FJiO/GVgzDVyCmiyxHTxc=,discover,Local playlist more,local-library,1
w4SNbHDAMuMbulkgcHGYOl/datijVua3CR5D73DylLs=,HRg8zzy3PcS4sBcZIFOcUL4uCqg7SurUslUQyF2op+o=,discover,Local playlist more,local-library,1
jL7ukei/Kb4gDCfTG4+VhV4TzLaDecjji/aW+GqWvac=,5TKFWT9ivwAJiqRWz5apDsePXcJZ2b1RA/1gxTm6XoQ=,discover,Explore,online-playlist,1
LThaiVqGGnVTPmTcmwN/LLo4fVb5dzkduzd7s1SgzIA=,6LdT9BiGIlQ3rJped7PACqnrzstFXz8dXD6MmmsA8uI=,explore,Radio,online-playlist,0
yBXKYfcmQ+TtIEvkLQXabAY2uwudIGn21dEZYAwCDCg=,cy10N2j2sdY/X4BDUcMu2Iumfz7pV3tqE5iEaup2yGI=,search,Radio,local-library,1
Y8fGbgG4J6bpoXzljxRIp+hwVjk2ULHaLAfJatxHjg0=,d2k4F/IYpmudgfCxsRAXVHBdYHPfcWmhCYmjdXxigLE=,radio,Explore,local-library,1
HVcWdf8CEo9s6qwt5V7TpoPYJfRlQSTA6b7kxEAImpc=,zuyzUP11fbgoVp6IMfWK378GDToe59ZlK5gkf+7aKdg=,radio,My library,song,1
O3ElkgfVd3DoJysnWAIgIPF4N3Y9LPmlm+aC5G+UXGY=,NDtiB0N12yjIn9D9reqXF8NPPCq6vMNhOwd9A/c3qd8=,discover,Radio,radio,0
akW+xn32y3X+ZisQokWwV8+caojTEpm3E8lV8E3yuBk=,Z+mhovcYbExPp66GnBecKttDRM5S5YCAw9vzJACsQAU=,my library,Discover Feature,local-library,0
Wg1bSRX3JtJ9ElarOhpbEaV5pu9lgTeS33mARTV+Sl8=,TIwOs7iFTKo3Cy2yiNReYYcZc1JyAx+0k08+z97k1dA=,explore,Explore,radio,1
UhqjLSMwLYzjZFDyYQF6A33phr0tPNXyu7+I08q/u8g=,dKfxhaRKwvhiYOUQ5JlkxQrJ/dDksdFueybCIdG5dXI=,my library,My library,song,1
YkG93vvIFdFWVWsYqT5w6t0X4uw9/RS03jqzhBzxFlc=,Kpyp6PVaOaQz81TH4KYB59FJiO/GVgzDVyCmiyxHTxc=,explore,Local playlist more,song,1
4aRFGkKzGUpqTbjojytAtRQNdx0egL02hjJhSqq0+NA=,yL8VeuH6lYFA4hYVGX/1HmPogBfp1Ex4ZkL5PjWy11k=,explore,My library,online-playlist,1
3nWFLb+IVt1+0JcM73g0wIG2AHtyhsI5RlG7gHziOFA=,eaEPf0VwQhIvfAm8xzQucpa0/OnWo18Ig1cfMIUsZ3M=,search,Local playlist more,local-library,0
baemFqI4x+fpHweCJQeb64jdSmOWUKkJuwK5BrgcsX0=,T86YHdD4C9JSc274b1IlMkLuNdz4BQRB50fWWE7hx9g=,my library,Discover Feature,song-based-playlist,1
HdnZZ4P0Vjxo2tgTvO1rsT/H3NkG7jvfrnCuF7TBK0A=,WRuHbl8CJbAuzUb4f/88Ly6IXif+IVVWolkp33Nm8wI=,my library,Local playlist more,song,0
nAiRf+UmYT7ZWIOUF6Ig3D0FDVIVpSgUb+H40Vg1eQU=,4MisMKfKs26kWvzPwqJMnqqoeNfOlsfiiFswvWIQOUI=,discover,Local playlist more,song-based-playlist,0
DqwB7smOAIbNnnQbWOpfsmy9znTwfDEQCW1I6ujFG48=,gZphe9aRvr0vVO/oEt23amqyDc+YabbIJ9WIzZTVjG0=,radio,Radio,online-playlist,0
KGXNZ/H3VxvET/+rGxlrAe7Gpz2eKMXyuSg3xh8Ij1M=,EL5DbsSvhAFtMBBoOjs4aipOjC3Xj4syX/l/wlK+kdM=,my library,Discover Feature,local-library,1
3yBpYWqEybBPazsqB5NIhrXKCFe1Djn5orPBvxz9ArE=,GFWjz4apE8zMiXe6wc0qCjr+DbK9BFkwo/rr+FsNm+g=,explore,Discover Feature,online-playlist,1
8tSgHKzljg7TyPLYrU9L7CgHIdShVvyV/d6PccMRzhw=,pCf4HI+z4rQsY9FF79m+Sojnl207qtHqtOWU2VFW1ZE=,radio,Discover Feature,online-playlist,1
rdNI0wgxmcsOgjH0akX2/zzW8qbDZc45D681Mpq45jI=,hme5eV1flIR0iLiRc0XRKQHssHaz7palP92OutFelak=,discover,Local playlist more,song,0
oqovZIlVcIUL0aIMGYtXxy3R+xJcxmJBJUXeIb+HJYA=,6QMvPiMG6bKF5+C4fSsfeR/LGNMiwL55HNhd3BcvSKE=,my library,Radio,song,1
mrjKYVskMUAksvPgRky/E2g/TiPdbpH1j5CCOzAC5RU=,WOvHYkt7XUOtmMOTsgT+2vJKydJEVInZGliuLUXoV7o=,search,My library,local-library,1
YkG93vvIFdFWVWsYqT5w6t0X4uw9/RS03jqzhBzxFlc=,XVAiWjCX02nhNZ8t4bKfJOsVU51bG0YJXuOUl00tTgY=,my library,Radio,radio,0
EErUQnZWpOhxSvs3UlAQ6Jme7r+DjJyvkqhEceArwBA=,XA08z3r0wdQvY3CE0lFDTd/MuAgD7b0XKZnCvo+ylKE=,discover,Radio,online-playlist,1
T+FJrpYi77CWTUE5nO/vliojRaTPgt2bRUQHy5lhXrQ=,kHpEHXKwwG+dwmOR2NnvrXwsE24vqD7n40tcNQE/niQ=,explore,My library,song,1
5LGtbWKwKifap3ECM6HO04gPY339RM0oF7D/MfWzUxg=,3DU6F6k6dFSdoQa2tsia5spMXFCxWh4JJdA3OxSo3rM=,discover,My library,online-playlist,0
TxneOykZ/MOIbQmA/aJ4EUQUIR9r+Egt6TNQu0WgwpA=,3W6VBSN09a/Vh9w1Fwmdus4H4xxmde/yu0RBgMcTtZM=,my library,Explore,radio,1
8Pvl/iQSa1A4J/op1WLFoj9PGFv5WHjDas6efapYoss=,+cP03fE+hnJUB/v2PHLsD9UHBjmDIYvbuX+NrFqeudI=,explore,Radio,song,0
EErUQnZWpOhxSvs3UlAQ6Jme7r+DjJyvkqhEceArwBA=,CivTL87a654wHFVt1BEZu+cryDKO8mYRsrxpEW8oVm8=,discover,My library,online-playlist,0
y3IT85vrzY2iBxFg6nsh4Cmg+mV3oqR73TPekK7x1Rc=,+cP03fE+hnJUB/v2PHLsD9UHBjmDIYvbuX+NrFqeudI=,radio,Radio,local-library,0
3yBpYWqEybBPazsqB5NIhrXKCFe1Djn5orPBvxz9ArE=,GRaVokpHF2Uk3hgKnyJ2mDSmHvie4lyE0i6l5rA2yWU=,discover,Radio,song,0
vBNHobQRQsofef7+9NZk4C6Y6T2PBXSGXUbn6c8UOcg=,1UHqpOyecqH+8NytyogNdQz/2zUDpmHzUF5lgH1gvyw=,explore,Explore,song-based-playlist,1
V8pNUizcKwTRuSQAtzXJBAJ7B8cyf0EegXkljvIvFqo=,/70HjygVDhHsKBoV8mmsBg/WduSgs4+Zg6GfzhUQbdk=,search,Discover Feature,radio,1
OOUnJuX4SteRhUdJZ9B2DqtfiwsfcZVBefEhXLeBsFg=,y/rsZ9DC7FwK5F2PK2D5mj+aOBUJAjuu3dZ14NgE0vM=,discover,Radio,song-based-playlist,1
HdnZZ4P0Vjxo2tgTvO1rsT/H3NkG7jvfrnCuF7TBK0A=,S9Ceoq7vRyE9wVvIyi8dWYZ+9bN3W/hP8i6nFTM8y70=,explore,Local playlist more,local-library,0
8tSgHKzljg7TyPLYrU9L7CgHIdShVvyV/d6PccMRzhw=,X96NEF2NcG6gyKVF0+U3H98CgAlgecjthmaqQe0nLPE=,explore,Radio,song-based-playlist,1
K7obY5lUlZTd6a/byE9NG/e7Q/dlgHfppLbYk8OL7os=,i7p594HsKb4cYynsE1a80PmSBL9bFI2dmBu16bwdke4=,my library,My library,song-based-playlist,0
Y4FvDsosFNoz4ZHIAbuwgUBSFK8qY2oE5p7V8wymc/Q=,HzCFc9gU/AuYNF1ld1ZlyeCpQvVLTonc8+ZrUAidmmY=,explore,Explore,online-playlist,1
oqovZIlVcIUL0aIMGYtXxy3R+xJcxmJBJUXeIb+HJYA=,48PnLVsKQXwlRoNr7779QyZxweYBbpX9z3E1YZm2F/A=,search,Explore,local-library,1
T+FJrpYi77CWTUE5nO/vliojRaTPgt2bRUQHy5lhXrQ=,IgMar/mVrJQ+ODFPytDf7jwQMmR09+slyZUdVylRFLc=,discover,My library,song,1
SyBjgDUF6aV+1d17oV4XPDBkJLU//LAOwWdYh4DAUiU=,p6vR55B6kN6DL6mkWo3Ndkzd1KEbmr38ndt04bYuzXo=,search,Explore,song-based-playlist,0
UTAElx4+rSh2QViTKHQhC40cphX7ZIYafAOMJOJCshY=,UXK+xHZe1REiVRlOMS5gvqeUY+kLbVyiEdJRTLYoZkk=,my library,Explore,local-library,1
HdnZZ4P0Vjxo2tgTvO1rsT/H3NkG7jvfrnCuF7TBK0A=,95c7DAPEYsXPp72TZ4teA4ErdV1TNjajZcdk/if6AVM=,discover,Explore,song,1
3i0jlUKhqqUKqFsoJVgN2UcDOuri7fCiE33XUCnKHXo=,FaTUlIiCh/6sEOasPm1vgIk9XqavgSGgRGYuOkzTF0o=,discover,My library,song-based-playlist,1
IU4XmahhntFf39v7Xzd/Nk6fjzZCCpAjOU8xW2TWHGk=,1PR/lVwL4VeYcZjexwBJ2NOSTfgh8JoVxWCunnbJO/8=,discover,Discover Feature,local-library,1
V39VxDdE9SgMQZnX58oQChm9W056pw2lC3TiifMfkKw=,J9EcIEDOoNbdN2ku4SGtIp0pmg/k+NRWLOZIra16DUk=,explore,Discover Feature,radio,0
uCDJmSDTzA5PpnYGqKvNmFbwBIoS3jIXFbO5YfoCv/Y=,U8VgelI8G461f4FVJHnavdn4zx7XjmSFcNHZ3Hru3TU=,explore,Discover Feature,local-library,1
p9Lk74DKfVohPHjTvzHSVQ3lRaqW2ofcBolP45FJgiQ=,J3iRhTSYqG12XgzsbOSJYdIFWZ39JaYoP3XSWM/pcHM=,radio,My library,local-library,1
AXKTVBbdr2/z7m5WL1IXzlriNbun8B+7wM41MsWCYDw=,ih58jIWgit7qPy3VpvbM6E7AIvs57ylCHMVpIl1T+Io=,explore,Discover Feature,radio,1
5LGtbWKwKifap3ECM6HO04gPY339RM0oF7D/MfWzUxg=,wp1gSQ4LlMEF6bzvEaJl8VdHlAj/EJMTJ0ASrXeddbo=,radio,Local playlist more,online-playlist,1
yBXKYfcmQ+TtIEvkLQXabAY2uwudIGn21dEZYAwCDCg=,yciKx3VagNk6RuCqe0KbTbwl+cWXKVYWAeI8UFe9Dfw=,explore,Discover Feature,local-library,1
xQp8uu2ljPWqokw6Eg+4TCB/GUC/EZwFMcapcleGiDw=,Xpjwi8UAE2Vv9PZ6cZnhc58MCtl3cKZEO1sdAkqJ4mo=,explore,Local playlist more,song-based-playlist,1
Z56mxjHqnR1FK1d5gkf5ARTxwZF8h0HPI+rHFGRrMHo=,XA08z3r0wdQvY3CE0lFDTd/MuAgD7b0XKZnCvo+ylKE=,explore,Discover Feature,online-playlist,1
HfVrxfpxOJuQ4FofEFxdlwm9yvaoy8y0JOH3GaQ/RTs=,itxXLRAtaLyj+idcWIsuKB0AEzijUgPrMhAvAKUSE2k=,explore,Discover Feature,song-based-playlist,1
xjA4Fs3CO4k3jQSXLFhn21zxTcYVRRRTzof3ZPn8KFg=,kge3dyGXCTqgUbHpFPB0x8gy+cPAamtArhr4sghdRH0=,search,Local playlist more,local-library,1
cqjRBV/jWN2ujhc+z/4tz+Mj6xEfflAAt6qBXCqxKvw=,pCf4HI+z4rQsY9FF79m+Sojnl207qtHqtOWU2VFW1ZE=,explore,My library,radio,0
2tmUzRCcD0l3et0ck9XfxZT6gT9LM3w8gwfckVNylIU=,2uFTn3kDES2C3JeqzV4cpSAGQ756GFK0XajzEDLqER4=,explore,Discover Feature,song,1
SWoa4UvhuutHxhcRAxlfTc6Jr1j5tGw9cp3Kiq+ayKM=,RxCEvZAXgnh1ZDlQBuVb/J9xpnopFSJBaBxLqGZIXSs=,search,Local playlist more,radio,0
vBNHobQRQsofef7+9NZk4C6Y6T2PBXSGXUbn6c8UOcg=,6uCt0I6XmmXX7fta96XlZyxtSWXlTa2ZviRbxnDUa/w=,radio,Radio,radio,0
BNSYbtaNNCYfKVig95LpQJArTEx/RN2FgivSohB8r8M=,OaEbZ6TJ1NePtNUeEgWsvFLeopkSln9WQu8PBR5B3+A=,discover,My library,song,0
TxvdtN1Ehq4kbgU5J7lw+ik6Pc0NZjnQKARPiCCf0fk=,VkDBgh89umc9m6uAEfD6LXngetyGhln4vh/ArCGO0nY=,search,My library,local-library,1
n5v6IqRk4CZnELtP0Z2et7EZrdPicfyhvD2gIdq1Mcc=,7XjSvrL47/EJD2mNR0e2Ja+ed/Dm0j35tKPQLiO2Hjk=,discover,Explore,song-based-playlist,0
JkQacE3rvmhh65R04eDLbu+M7MCkpzmHwMGrbZo0puc=,DLBDZhOoW7zd7GBV99bi92ZXYUS26lzV+jJKbHshP5c=,discover,Radio,song,0
y3IT85vrzY2iBxFg6nsh4Cmg+mV3oqR73TPekK7x1Rc=,dKfxhaRKwvhiYOUQ5JlkxQrJ/dDksdFueybCIdG5dXI=,my library,Discover Feature,song,0
3TZaybijIyaqU3P+moI/mzFWcAj6aR0p7bmxLT9iRq8=,M9rAajz4dYuRhZ7jLvf9RRayVA3os61X/XXHEuW4giA=,radio,My library,radio,0
/2A361q3cuoEFZ0FoMEWj8SIVRJyPpHZQ5ni6Oud88M=,w0/+8z/tSrUK3JctMyhYTh2LfNl9OFga+Tw0yl0IVfc=,discover,Local playlist more,online-playlist,1
BqnomjS+KJtzWrGRkqLEoO3I7KapwN4B8H9in4Fsf+I=,yL8VeuH6lYFA4hYVGX/1HmPogBfp1Ex4ZkL5PjWy11k=,radio,Discover Feature,radio,0
8tSgHKzljg7TyPLYrU9L7CgHIdShVvyV/d6PccMRzhw=,oTGg75yjTAP0grXmGld3EUD0b/b9u7lW2JyUX/mBiXI=,discover,Radio,song,0
H1D92jYJ3GyJWLmt3ZAE3QgxgfCCit8WTsT7+KwS+vw=,limwLMOy3/jAQ5dOa3x7k/eJmA1ARXel99C337h+E34=,radio,My library,song-based-playlist,1
Mn98O4X/zceMt9nswcoq08F16ciCqhuN7lQ951MAL2o=,6pe6XOKc+06NhkgrFitOb/EKMj910AlS34LdhP510LE=,discover,Explore,song-based-playlist,1
cNssc+2L1Fx77CzASou28E9qfWeJjQKZtfoADkl/xkQ=,VkDBgh89umc9m6uAEfD6LXngetyGhln4vh/ArCGO0nY=,my library,Discover Feature,local-library,0
uhEkft9Ht4TsUF5wBkmmZbtbaIVESVfiUnMlxHYl0HI=,fEAIgFRWmhXmo6m3ukQeqRksZCcO/7CjkqNckRHiVQo=,radio,My library,local-library,1
crUeQ6DYDHHRNYmn+n5Kodfvu9ki0IdHfXHNlZEUPHs=,WOvHYkt7XUOtmMOTsgT+2vJKydJEVInZGliuLUXoV7o=,explore,Local playlist more,song-based-playlist,0
WtuOpsYQ8St9zt7yySdryqDUCxeT4/v2rLRA7+lsahQ=,XgLDH2I0dmKXQNQTMsNyGSy5oz+o6o6jPTqj0I8abFY=,radio,Discover Feature,online-playlist,0
4aRFGkKzGUpqTbjojytAtRQNdx0egL02hjJhSqq0+NA=,dNvkA285an/yeIMPT4VszEQlmwHsZHHSgDbDB5nEkmI=,radio,Radio,radio,0
wIeuCRmznzwE6bVrKuo2QRfkztVfQVEYMNaugLCPTS4=,5Qh7YI03x2cbQFFv/e+faYhVpFAzjvnuE3YXkx2KgsQ=,radio,My library,local-library,1
tnBf+t14y3vlNshUe1XQbIWYtTBMBYmVXIMWdNVRv/o=,IKMFuL0f5Y8c63Hg9BXkeNJjE0z8yf3gMt/tOxF4QNE=,explore,Local playlist more,local-library,1
H5DWyI7bujtol5aU1pzvLdfBAs45Ym/5jicdUlerf2s=,FcbwzPm3n/PP+UZAjJaKFggjPSjyZ7YyxBA7LlheYi4=,radio,Explore,radio,1
baemFqI4x+fpHweCJQeb64jdSmOWUKkJuwK5BrgcsX0=,WL4ipO3Mx9pxd4FMs69ha6o9541+fLeOow67Qkrfnro=,radio,Explore,song,0
MxCUQ6tAD7LU1yR0gwRck91ZKE88gY8kD/rX9Hi9srQ=,Kpyp6PVaOaQz81TH4KYB59FJiO/GVgzDVyCmiyxHTxc=,explore,Local playlist more,song,1
uA7h005WTDJTwS1Tv1uzmWcWTpt/7x7Xx8JydbeMi2U=,SHV52/0W8kZcf3uJZF9+ZP3S5vu2RO4WNGhZ8qQHulU=,radio,Discover Feature,song-based-playlist,1
/mmecbnAd2Jrji3aonisktBko1/o+F68GqpV8X4gHiI=,7zFV1bMlN//PbeZut5RL6SnRlZ7/9nBKIXf/dzhK9kM=,search,Explore,local-library,1
NwX1NaVlyw0jvfQNxLTcx9ztIUKVL/sjkccdAmMpfCA=,d9Flpsyq/y8CR3F213pnXUkrfK1fMClvhYH37pFSc7s=,search,Explore,online-playlist,1
cqjRBV/jWN2ujhc+z/4tz+Mj6xEfflAAt6qBXCqxKvw=,/6kgyFt1nsLDNbZh0AHM4Pb3sbp3CZ0C4DbPa4++eVE=,radio,Discover Feature,radio,0
4DlS5LiANEKlMTQD08dakyV1JWwPYI/n1wyjx4ImjPc=,uWREia5CNSoapbU9+BpqQxlSfntw1J/01HQGpVxFiM4=,radio,Discover Feature,radio,1
ZIThPCdbFdxx0T+qKaAnQprzkTcoMTJL66Of3nlFGLA=,reXuGcEWDDCnL0K3Th//3DFG4S1ACSpJMzA+CFipo1g=,search,Explore,local-library,1
o+5RNlSWrzvrphgBNGIo1FLkGxBgyICns6qXj3nS7Pk=,UQeOwfhcqgEcIwp3cgNiLGW1237Qjpvqzt/asQimVp0=,explore,Explore,radio,0
UGX+2jh3WO5XRuVOPuPCiIetzHlBjh0DPOLPeJSe36E=,wR+LLM957WfBdaXmUsdE9AiGzOVki7yjelGea+0Ze8E=,radio,Explore,song-based-playlist,1
crUeQ6DYDHHRNYmn+n5Kodfvu9ki0IdHfXHNlZEUPHs=,NDtiB0N12yjIn9D9reqXF8NPPCq6vMNhOwd9A/c3qd8=,discover,My library,local-library,1
T+FJrpYi77CWTUE5nO/vliojRaTPgt2bRUQHy5lhXrQ=,c2bp6xlq7o3Pj6x95ddX67S/wGsP6qPN/8PqM1DL0a8=,explore,Local playlist more,song-based-playlist,1
16fsOt7imefLSFsV7mWoP1AL+bpjP1NuWzQ5QP9tj8k=,cwzdOoAlwP2AgUSgePv+UwafMqm7v7gJeFARD3rw7gA=,search,Discover Feature,radio,1
n7V1D5AuwLykWxCzsU1eNPSyxVbrSXs6IXiWF2zN0gY=,1PR/lVwL4VeYcZjexwBJ2NOSTfgh8JoVxWCunnbJO/8=,explore,Radio,radio,0
+3RfkckBHS0oQrrjJj7p69bdwJak+qzKq0fhFaeXUxA=,9zVQUtq/Uzlxk3X7BwI28CSY7FomzpmtsRc8f2bRyJE=,search,My library,song,1
2+T8pswRgDmvZ6B4esKi3lWZyT4xqeVKmv19J0/y51w=,6LdT9BiGIlQ3rJped7PACqnrzstFXz8dXD6MmmsA8uI=,my library,Local playlist more,song,1
KXS4mDTuweetiTTxgkbg8uohB20KUXvkXz6g4l3r40c=,pkKADcjPLFdP9kX40L8dlmbLWkgUTqUB0LhurVLSTME=,explore,Discover Feature,song,1
BqnomjS+KJtzWrGRkqLEoO3I7KapwN4B8H9in4Fsf+I=,+cP03fE+hnJUB/v2PHLsD9UHBjmDIYvbuX+NrFqeudI=,discover,Radio,local-library,0
mGDObQQojFOJfK2rJKcme282huuk0qDxBzWL22/qYbc=,8Ckw1wek5d6oEsNUoM4P5iag86TaEmyLwdtrckL0Re8=,my library,My library,online-playlist,1
NwX1NaVlyw0jvfQNxLTcx9ztIUKVL/sjkccdAmMpfCA=,VkDBgh89umc9m6uAEfD6LXngetyGhln4vh/ArCGO0nY=,my library,Local playlist more,song-based-playlist,1
E23IyF1NtT7IeesuDuHWR6g/yMpWrq3cN3U4qTjXE0A=,7sD/47OK7UjsdmBjtLCUTIdX9Df8TjpHyOOeA0Koxy8=,my library,Discover Feature,local-library,1
16pGH8W1JKJTrQSZDX3gQY57S3FiO4YJheGRiYbONsU=,OaEbZ6TJ1NePtNUeEgWsvFLeopkSln9WQu8PBR5B3+A=,discover,Discover Feature,song,1
gNqpBxDbTlhvjHhGUzkOXI7uwdcMfsUjThCFibPphkQ=,qHD46j2HpNipwKHtoE0035AIr+FAdNYaSi1VNT3gACk=,explore,Explore,radio,0
rRUTKZAVxGBh5XRUk+Lk/b/gHcAOsbk1hiQiEfubDh4=,B4o9XjQJPJGGJr63sxzS4LUoQOrNhyVU1DersrYXRlI=,discover,Explore,local-library,1
Mn98O4X/zceMt9nswcoq08F16ciCqhuN7lQ951MAL2o=,limwLMOy3/jAQ5dOa3x7k/eJmA1ARXel99C337h+E34=,explore,Explore,local-library,1
lFQM2AQ0IIifeOgmnRDSFEuWfh7XQZm0Z+O6K696CQk=,qxDl7URNa8pfCbbdoMNE0cHrU1+hMSIdyqhOGvQo69M=,search,Local playlist more,song-based-playlist,1
R2FvE4x+hefwL4evbgNGNCng13c1MkP3PHocNtU91qU=,7XjSvrL47/EJD2mNR0e2Ja+ed/Dm0j35tKPQLiO2Hjk=,discover,Discover Feature,local-library,0
2+T8pswRgDmvZ6B4esKi3lWZyT4xqeVKmv19J0/y51w=,gffrcQ9mFCfCwM4Gx7ArXpR8J749p3tfh/tM0chIODo=,radio,Explore,local-library,0
Z56mxjHqnR1FK1d5gkf5ARTxwZF8h0HPI+rHFGRrMHo=,r4lUPUkz3tAgIWaEyrSYVCxX1yz8PnlVuQz+To0Pd+c=,discover,Radio,local-library,1
Mue3orxlJaHmK07bXWDrchFW1f/Or6TLVfMwx9fO9aA=,kE+FVLsG03zTzYoGVDqTmVkoSKC9DjJwQr2puF6MkOI=,my library,Radio,song,1
aMB9nC9PVKXsk/K++qMMG0in0dvk2XiUFuAnr10qiac=,FaTUlIiCh/6sEOasPm1vgIk9XqavgSGgRGYuOkzTF0o=,search,Discover Feature,song-based-playlist,0
tlFGRF/TtrSwJA9XPHL4cajWghZCbAbhzif/6wJiN6Q=,q5/Vwifgv0SGdEIyiMU2F0pIXkeCIW3w2xB8n4iMoS0=,explore,My library,local-library,1
+Y+wTRRkZ0QA3bV4+7nwu8qlN5Kb7ygMhqvB5L929YI=,BgqjNqzsyCpEGvxyUmktvHC8WO5+FQO/pQTaZ4broMU=,discover,Radio,song,1
dU4RbzpIRRd/EkA9Xncpy9CglzDBZp7nKMfdnfr3Aj8=,0PSoBhrpfwF09qQKvTiItwZNPjOuyL0uoTazKevG8ls=,my library,Local playlist more,song,1
T+FJrpYi77CWTUE5nO/vliojRaTPgt2bRUQHy5lhXrQ=,QZBm8SOwnEjNfCpgsKBBGPMGET6y6XaQgnJiirspW7I=,explore,Explore,online-playlist,1
n7V1D5AuwLykWxCzsU1eNPSyxVbrSXs6IXiWF2zN0gY=,CTwL9Gnx6QsaZ6+ygo/VHirN/XZKxlUJEB2VGQX8yjg=,search,Local playlist more,local-library,1
baemFqI4x+fpHweCJQeb64jdSmOWUKkJuwK5BrgcsX0=,fEAIgFRWmhXmo6m3ukQeqRksZCcO/7CjkqNckRHiVQo=,search,Explore,radio,0
pJxMd9PL/N7CdwTwKu3YqiqYSRAJHuejlrTonaPfPfU=,yciKx3VagNk6RuCqe0KbTbwl+cWXKVYWAeI8UFe9Dfw=,radio,Explore,local-library,0
YkG93vvIFdFWVWsYqT5w6t0X4uw9/RS03jqzhBzxFlc=,nW60n6qAGoytY/yX4w0r1IT462C9Xs/ZxbV6MLDSpUk=,radio,Radio,local-library,1
ZIThPCdbFdxx0T+qKaAnQprzkTcoMTJL66Of3nlFGLA=,o9HWMBZMeIPnYEpSuscGoORKE44sj3BYOdvGuIi0P68=,radio,My library,radio,1
nAiRf+UmYT7ZWIOUF6Ig3D0FDVIVpSgUb+H40Vg1eQU=,WL4ipO3Mx9pxd4FMs69ha6o9541+fLeOow67Qkrfnro=,radio,Local playlist more,song-based-playlist,1
4aRFGkKzGUpqTbjojytAtRQNdx0egL02hjJhSqq0+NA=,tB7WW8fbj7VdrPYInjSGBfslYr2DKNIeeFKQsqqMZvc=,my library,Discover Feature,song-based-playlist,1
lq5Q5jIo2pNtn/bTBZy8e07jc4qcIhLI7PXeieo/EgI=,HzCFc9gU/AuYNF1ld1ZlyeCpQvVLTonc8+ZrUAidmmY=,search,Radio,song,1
+3RfkckBHS0oQrrjJj7p69bdwJak+qzKq0fhFaeXUxA=,+Sm75wnBf/sjm/QMUAFx8N+Ae04kWCXGlgH50tTeM6c=,explore,Discover Feature,online-playlist,1
Wg1bSRX3JtJ9ElarOhpbEaV5pu9lgTeS33mARTV+Sl8=,CivTL87a654wHFVt1BEZu+cryDKO8mYRsrxpEW8oVm8=,discover,My library,online-playlist,0
tnBf+t14y3vlNshUe1XQbIWYtTBMBYmVXIMWdNVRv/o=,DKGm2awf1TsLWeXqpDfVVQf5M2qPmcxI9Dwxz+45Qqs=,radio,Explore,song,0
YQiox2a4tbRbNBaL+VfOLH8oea77HPJMPWRh8euXZqM=,d9Flpsyq/y8CR3F213pnXUkrfK1fMClvhYH37pFSc7s=,radio,Explore,local-library,1
xjA4Fs3CO4k3jQSXLFhn21zxTcYVRRRTzof3ZPn8KFg=,gG3/58uZyyOwaPT+eGWL81mwCzcDPW2EmwYcjWmvJSs=,search,Discover Feature,radio,0
5pr+x566HOsYLEv4ouZ5cEHFFwBB74xaFbExdPGJ6b0=,opfHqJ0Oz4KsSqM5/TqBERkLI9DFnMD0Jywzh7XSE6Y=,explore,Explore,song,1
Ty59+gs+lfVbfm1T/SDqLmbFhtkAP4Mm75uYiaKZ6kk=,LBnwicJLcepb/l8c68qpMRJIaUcm1UvgtKEfQwITrpI=,my library,My library,song-based-playlist,1
LR9NLKme+aT6uoW3R5XlLu9gq7LQG6tt+bJTEPpcrGg=,oTGg75yjTAP0grXmGld3EUD0b/b9u7lW2JyUX/mBiXI=,my library,Local playlist more,local-library,1
00qmlWC3H/cjf2Ig1li5xIO0VNDRgBX0f9ilouDBEZs=,Kpyp6PVaOaQz81TH4KYB59FJiO/GVgzDVyCmiyxHTxc=,explore,Discover Feature,online-playlist,0
AEZNdJt0QGYpBlT97tdnNaNHW5SqpgJb70TFmeZBYbg=,9Xxvd9J4SpEakcmoYTvt+ekTW15btrc+DKumBSTJZU0=,radio,Explore,online-playlist,1
Mn98O4X/zceMt9nswcoq08F16ciCqhuN7lQ951MAL2o=,8ZT1ADO1qNipe/T41z8XASvyZRgdBUL5oung7zV5am4=,my library,Discover Feature,radio,1
qljEWgpUDxIw7Lpc9mpZSYjpH+RmsE3T6s0x852lzRY=,g9qhCRIaFUnq4Z9HJcFQWHWRstWhK4NoB2sRPoD9iuc=,radio,Local playlist more,local-library,1
cNssc+2L1Fx77CzASou28E9qfWeJjQKZtfoADkl/xkQ=,cR+VrCdZkNm/QM0WjQQip9AnOrT/auRDZboM1KpevS4=,my library,Radio,song-based-playlist,1
A6DJoTdyfFVxhngH62vlscx6pJsakhdeNs2vDEVTfH0=,x0AQuGp6SHvaD/fLkk+6JzAp6zOUgd30Tx4oL3YBz5Y=,explore,Radio,song-based-playlist,1
OOUnJuX4SteRhUdJZ9B2DqtfiwsfcZVBefEhXLeBsFg=,p/yR06j/RQ2J6yGCFL0K+1R06OeG+eXcwxRgOHDo/Tk=,search,Radio,online-playlist,1
uCDJmSDTzA5PpnYGqKvNmFbwBIoS3jIXFbO5YfoCv/Y=,IgMar/mVrJQ+ODFPytDf7jwQMmR09+slyZUdVylRFLc=,my library,Discover Feature,radio,0
/mmecbnAd2Jrji3aonisktBko1/o+F68GqpV8X4gHiI=,R0OblQ0po9uQ3LqOiECHcoyAupHbLkslFkvX52Ukhek=,radio,Local playlist more,radio,0
R7AyK9ZUi5d21sCDumgghXW+TNacd/qN0dNMa0C22pA=,YKXNGyMdm+M370+YcJdqTDhPN1gJgBj+F5rmrdnPZT4=,my library,Discover Feature,local-library,1
AEZNdJt0QGYpBlT97tdnNaNHW5SqpgJb70TFmeZBYbg=,ze0+7p13wqB1hZ/KWd6OT42LBehKmYVQyGGzEv8Q4fA=,explore,Local playlist more,song-based-playlist,1
2tmUzRCcD0l3et0ck9XfxZT6gT9LM3w8gwfckVNylIU=,Bmj+IwjGGnbUyQ02jJpz5K+2vmxCOKfBqVd7ypu6OLo=,search,Local playlist more,song,1
Bljj9o7B1zgL0RIpZef1SlSigiTIMr0mDPv7aUyzuXo=,T86YHdD4C9JSc274b1IlMkLuNdz4BQRB50fWWE7hx9g=,explore,My library,online-playlist,1
TxneOykZ/MOIbQmA/aJ4EUQUIR9r+Egt6TNQu0WgwpA=,v/3onppBGoSpGsWb8iaCIO8eX5+iacbH5a4ZUhT7N54=,search,Explore,radio,1
a89sofbsaFkpzn8/P10elgzbXDQokPTlsKc1uqi7Zco=,kge3dyGXCTqgUbHpFPB0x8gy+cPAamtArhr4sghdRH0=,my library,Discover Feature,online-playlist,1
uA7h005WTDJTwS1Tv1uzmWcWTpt/7x7Xx8JydbeMi2U=,p6vR55B6kN6DL6mkWo3Ndkzd1KEbmr38ndt04bYuzXo=,discover,Local playlist more,online-playlist,0
Bljj9o7B1zgL0RIpZef1SlSigiTIMr0mDPv7aUyzuXo=,yn6Kt6+romPpZ1i6+hqI3WJ42G5SdsX3a+l59IaMcp4=,discover,Local playlist more,online-playlist,1
tnPUP8fJSxqSkuJZygxUzdvY2dVUyPxoKCGHmrwcKEM=,KxxFN09YQwSN0eAJSUf2xa5ZKjyZmX3nIVKM+zKxq6Q=,search,My library,local-library,1
Bljj9o7B1zgL0RIpZef1SlSigiTIMr0mDPv7aUyzuXo=,TIwOs7iFTKo3Cy2yiNReYYcZc1JyAx+0k08+z97k1dA=,my library,Discover Feature,song-based-playlist,0
mGDObQQojFOJfK2rJKcme282huuk0qDxBzWL22/qYbc=,bFbleyVHx6Nr9tHMr4OybO2i3A4FS2Be0/62K2+FSpY=,explore,My library,song,0
Ty59+gs+lfVbfm1T/SDqLmbFhtkAP4Mm75uYiaKZ6kk=,yPA+sQt5tJ3NgR6/L9BefmNpA2152zQQ+/Kvtt3iSUs=,search,Local playlist more,song-based-playlist,0
TxvdtN1Ehq4kbgU5J7lw+ik6Pc0NZjnQKARPiCCf0fk=,XgLDH2I0dmKXQNQTMsNyGSy5oz+o6o6jPTqj0I8abFY=,radio,My library,local-library,1
+3RfkckBHS0oQrrjJj7p69bdwJak+qzKq0fhFaeXUxA=,oTGg75yjTAP0grXmGld3EUD0b/b9u7lW2JyUX/mBiXI=,radio,Radio,song,1
cqjRBV/jWN2ujhc+z/4tz+Mj6xEfflAAt6qBXCqxKvw=,J4qKkLIoW7aYACuTupHLAPZYmRp08en1AEux+GSUzdw=,radio,Explore,radio,1
UjuPJCQo/YoGVR/yJ+CocmWUk2czJE0BBKqaPpVYV64=,3VkD5ekIf5duJm1hmYTZlXjyl0zqV8wCzuAh3uocfCg=,discover,My library,song,1
vSstkkQzt3KMmyvh0MGHpXpgzHO6kobAYipy6ik6HB8=,SKRQpz3EM5UIxT2LCGzK5k0aYg4QtyHWtr0L/EK6By8=,discover,Discover Feature,song-based-playlist,0
oqovZIlVcIUL0aIMGYtXxy3R+xJcxmJBJUXeIb+HJYA=,+LztcJcPEEwsikk6+K5udm06XJQMzR4+lzavKLUyE0k=,radio,Radio,online-playlist,1
lfK5QUAaa28niDIyQ2oGkSntvSe7G5EmQ1N6nvnE8lY=,d2k4F/IYpmudgfCxsRAXVHBdYHPfcWmhCYmjdXxigLE=,discover,Local playlist more,local-library,0
pJxMd9PL/N7CdwTwKu3YqiqYSRAJHuejlrTonaPfPfU=,a4TbK5V15pj3YZUOGa9h2U3t0OsE+3aiFw41mNlcgcw=,radio,My library,local-library,1
38LUs5mVWNKfyjL7ilf9JCnWZLjnno2obLXr69JJKcw=,EH+nzRuSscqbP1Xd8ulzTMCGLEjqdzdxCaR8Fgyh6VY=,discover,My library,radio,0
TxneOykZ/MOIbQmA/aJ4EUQUIR9r+Egt6TNQu0WgwpA=,LnbFBEyneTI7mID7Pw+s14Kf3o73LucRxwS3Wpfjsf4=,explore,My library,local-library,1
wobMEyGx2iCkFu27/HPRJIky3S8tO/rS8Rr+tsvEe0k=,q5/Vwifgv0SGdEIyiMU2F0pIXkeCIW3w2xB8n4iMoS0=,radio,Explore,local-library,0
a89sofbsaFkpzn8/P10elgzbXDQokPTlsKc1uqi7Zco=,q5/Vwifgv0SGdEIyiMU2F0pIXkeCIW3w2xB8n4iMoS0=,radio,My library,local-library,1
a6uMxhS43vQ++TrVP3jdHT4lFfjw61SlIsCkvigQ5ro=,TYhx9eqWklddkLQlApQ5MS9jJCO4H3JHdpISZ3kZSRE=,radio,Local playlist more,online-playlist,1
saNgxsUQwx4IXBRgFF0w3uJN6KzvQBEv3dI7dDaz97g=,0ee/D6HjX0jSytUn3v58C0x6zEzN4bcPq3WlqvrG/Xo=,radio,My library,local-library,0
o+5RNlSWrzvrphgBNGIo1FLkGxBgyICns6qXj3nS7Pk=,ajjUpdQjWCwzCHNd6C0hB3Fz8BIPGjSy6IT35+UWD1I=,discover,My library,radio,1
Mn98O4X/zceMt9nswcoq08F16ciCqhuN7lQ951MAL2o=,ux6db2W4f9nhapYVkSg81Uzhxnw0vf44cFWHSd2EuJo=,search,Local playlist more,song,1
zYTm2T59lT+Z/hpoywdET+EGMcRhwi4rzL7WD09iRC0=,GQqErVwbH/YaifR6wl2S6prosRVHhwGO2/Aq5aIJLA8=,explore,Discover Feature,online-playlist,0
E23IyF1NtT7IeesuDuHWR6g/yMpWrq3cN3U4qTjXE0A=,J4qKkLIoW7aYACuTupHLAPZYmRp08en1AEux+GSUzdw=,discover,Explore,local-library,1
SZ5NNypqaTWljFO1HiVZwkw3713+rM9x/JNdJd8/fzc=,pHaz1pjrzfa+p9u7Ga2ngsEhHUyUgT1Npouo+nP6e8s=,search,Radio,radio,1
FaH6rl69OOVwbsO30jjdjVXD9wJO8pcVZS6LGy5zTJM=,oDG5WCyUlb9i/Sr34Fljeh0YsONZKxl+7jjUw27vm5U=,discover,Local playlist more,local-library,1
gxxBbzV3eE2XGjUrFVB2FzAve55Oe1s86HD+OEh36Gw=,SEXmGAIKrBLJvU2yqL7G0KUkKq81WgLwrzy/GHyPjYE=,my library,My library,song,1
XHJRZV5Xgcub4dNGuzRj5tVfDD1iwrtoXmdQOWtlc3U=,Bmj+IwjGGnbUyQ02jJpz5K+2vmxCOKfBqVd7ypu6OLo=,my library,Explore,online-playlist,1
Bljj9o7B1zgL0RIpZef1SlSigiTIMr0mDPv7aUyzuXo=,TVtxD8qAAl8KeA5CU+1c4Pg6+/PR3vK2vYMnY/eSGho=,radio,My library,radio,1
2tmUzRCcD0l3et0ck9XfxZT6gT9LM3w8gwfckVNylIU=,338YQI2OhQDjVCbuAJ2t0PQtzDG8KRSFdB69kiwt3CM=,discover,Local playlist more,online-playlist,1
a89sofbsaFkpzn8/P10elgzbXDQokPTlsKc1uqi7Zco=,KxxFN09YQwSN0eAJSUf2xa5ZKjyZmX3nIVKM+zKxq6Q=,discover,Explore,online-playlist,1
HdnZZ4P0Vjxo2tgTvO1rsT/H3NkG7jvfrnCuF7TBK0A=,nnGh305rOmte1K/4D+qsL1LyY6P+jvDlzATIqwbCa/0=,my library,Discover Feature,local-library,1
5wvbHjIY9vAARXRg82rOSUqfZlHLqJN88I8W8bwsiSc=,TIwOs7iFTKo3Cy2yiNReYYcZc1JyAx+0k08+z97k1dA=,my library,Explore,radio,0
PC0HTwpYB4UtDaA1s7qlkmktEzeiz57VXvIJijk6ChQ=,XlkjAJe0dfNZGVXs98X/tteFpStvXboU0MegqWJt36U=,radio,Local playlist more,local-library,1
rdNI0wgxmcsOgjH0akX2/zzW8qbDZc45D681Mpq45jI=,3Yz717mUtR+r4L0zzgDgWnYeFtY9g68ZjKlq1U72KNw=,radio,Explore,song,1
uQ6LOBwmu7lIjv+wFaq5+M4IcAZEha2J0uyDB6Y8aqY=,zHqZ07gn+YvF36FWzv9+y8KiCMhYhdAUS+vSIKY3UZY=,discover,Explore,online-playlist,0
OOUnJuX4SteRhUdJZ9B2DqtfiwsfcZVBefEhXLeBsFg=,27vpOctGRDxfm4nJsYUfvNaoL8ayuXiYAYUH4H1mfJk=,search,Explore,radio,0
ocQB699RoI5sBlRUfv8tu++vqupI35/95l3U507jdpw=,sgHKhG2d57U2o88razl9SyG1nuuMDf0J2BuDhzoI12Y=,my library,Explore,radio,1
NwX1NaVlyw0jvfQNxLTcx9ztIUKVL/sjkccdAmMpfCA=,eKCra1VJtznUJW/pya0TCpqHRxHxdQ51S3fspJmR2gs=,search,My library,song,0
H/MB+uttGlGIMr7qru4HYG4dVbh0e1mBuoryBOKz/RU=,eW1d3l1sSncU4sGM69MJtIG79wnXbdy8FZKpFVElS0g=,search,Local playlist more,song,1
EBXSMA3gzTff0F01n56dHSBQR/IDWiwuw5S+ksPgTc0=,++QfzyM/LiFaCuvkDFK/wJe13ZEMgTgAaVCcolo7nnY=,discover,Local playlist more,radio,1
rGbXmjKDOsBV9n2LJEPtx4GcJS00c7Bs9ZFo6icxVJM=,pCf4HI+z4rQsY9FF79m+Sojnl207qtHqtOWU2VFW1ZE=,my library,Discover Feature,song-based-playlist,1
R2FvE4x+hefwL4evbgNGNCng13c1MkP3PHocNtU91qU=,G0rUz0kguI35yzj95LX2BXI30PqCcJJtPNfirR0BhIs=,my library,Local playlist more,online-playlist,1
9wwJC2y3YDYTilHnM+uYnPS7GCxV625Hs4VZ7sc6OKY=,YpeEDiJw4nf+dGvwJJqGWlFsbJp2cRxhmB3vioPeU0E=,my library,Radio,song,0
E3yiQ2d5+KiGkm622V73IRgukx9qXPYJIpG6xWF/lF4=,WJyW1Eqg3hXHl2+JB/qMSAQ/3VxqSNVvPniD/ReCo2I=,explore,My library,online-playlist,1
08sWvzS2VVyKAVQRi6z4gxGxRQ0YQM0BXsXdVEKuzSQ=,B4o9XjQJPJGGJr63sxzS4LUoQOrNhyVU1DersrYXRlI=,my library,Local playlist more,song,0
mrjKYVskMUAksvPgRky/E2g/TiPdbpH1j5CCOzAC5RU=,x6u5YRNWfWRwBSupKIjHonX/pAAr4HtXW4ZUIh7/iPo=,my library,Explore,radio,1
T+FJrpYi77CWTUE5nO/vliojRaTPgt2bRUQHy5lhXrQ=,338YQI2OhQDjVCbuAJ2t0PQtzDG8KRSFdB69kiwt3CM=,discover,Explore,song-based-playlist,1
hOyJGmY7tciqGf1EhDj5UT86IfSSnaTHP5JWAPxYN6s=,cVHsClcaUfj3ZPoqihH1Rd6ZSaDpa6UbdMDcyx8FfVU=,explore,Discover Feature,online-playlist,1
FGtllVqz18RPiwJj/edr2gV78zirAiY/9SmYvia+kCg=,VdVi5NKMJeRDsz4+3xvrpu66FNVTcQ4G26TXoUxW8bU=,discover,Discover Feature,radio,1
V39VxDdE9SgMQZnX58oQChm9W056pw2lC3TiifMfkKw=,JVwoBKjxxE9L/IpNKsSCJJIYHcxvwxOKbFnM3TLwcTQ=,search,My library,local-library,0
EZmIP7zKgqKwpEHnuDjRIkzCmcLNlHn4hkiglZ5LxK8=,skehue/d/R59G71dXYpntDwdjRRPlweN3JE8g40TgZU=,radio,Radio,song,0
3TZaybijIyaqU3P+moI/mzFWcAj6aR0p7bmxLT9iRq8=,8f/T4ohROj1wa25YHMItOW2/wJhRXZM0+T5/2p86COc=,explore,Radio,local-library,1
s8Oce1igq03hako2pQCfeXyPVkBs77ArjdrZEQAjpbk=,T86YHdD4C9JSc274b1IlMkLuNdz4BQRB50fWWE7hx9g=,explore,My library,radio,0
KGXNZ/H3VxvET/+rGxlrAe7Gpz2eKMXyuSg3xh8Ij1M=,U8VgelI8G461f4FVJHnavdn4zx7XjmSFcNHZ3Hru3TU=,discover,Radio,local-library,1
SyBjgDUF6aV+1d17oV4XPDBkJLU//LAOwWdYh4DAUiU=,fEAIgFRWmhXmo6m3ukQeqRksZCcO/7CjkqNckRHiVQo=,explore,Local playlist more,online-playlist,1
R7AyK9ZUi5d21sCDumgghXW+TNacd/qN0dNMa0C22pA=,zg6SzD3aqsnOqqyhFYTdbCNFrhSACbwefB/ZFi68AO0=,search,Explore,radio,1
FaH6rl69OOVwbsO30jjdjVXD9wJO8pcVZS6LGy5zTJM=,k8DZF0FFuy2GydI7mnH1tH50pFcEQMPYVD/A7Y/T0QI=,discover,Explore,online-playlist,0
uCDJmSDTzA5PpnYGqKvNmFbwBIoS3jIXFbO5YfoCv/Y=,gffrcQ9mFCfCwM4Gx7ArXpR8J749p3tfh/tM0chIODo=,discover,Explore,online-playlist,1
rEVqJ3NIxC9LSUZYOj1ft5VSAvFo3AxNu2k36hKKtWc=,o9HWMBZMeIPnYEpSuscGoORKE44sj3BYOdvGuIi0P68=,search,My library,local-library,1
p9Lk74DKfVohPHjTvzHSVQ3lRaqW2ofcBolP45FJgiQ=,yCNGVHLlA+gdUm0RfeIm1xAYXFugchHvED5JVerYSWM=,my library,Discover Feature,song,0
FrYc5vaJMygJR0CjtIqrigWOlEKURefFwGKvr0BlbMI=,h45pWoMzCvsq3e3rBIuHggNB/3NG06/SIVDPEPOF1Gc=,discover,Radio,song,1
lFQM2AQ0IIifeOgmnRDSFEuWfh7XQZm0Z+O6K696CQk=,oTGg75yjTAP0grXmGld3EUD0b/b9u7lW2JyUX/mBiXI=,my library,My library,radio,1
5LGtbWKwKifap3ECM6HO04gPY339RM0oF7D/MfWzUxg=,Q+minHX51E+PXPs1VxkIlW+XhmV9ANm2rchEcZ8Wt9k=,radio,Explore,local-library,1
vBNHobQRQsofef7+9NZk4C6Y6T2PBXSGXUbn6c8UOcg=,wxghAK3cq1rb0Kkyx6dSxzKGYadE8TQWF9L6dq9B1Is=,explore,My library,local-library,1
ocQB699RoI5sBlRUfv8tu++vqupI35/95l3U507jdpw=,GRaVokpHF2Uk3hgKnyJ2mDSmHvie4lyE0i6l5rA2yWU=,explore,Discover Feature,song,1
dO8vzPwqXvOjrPWDW++gVecwTNnzesp3zW1dtRc6KEk=,LFxbY1lvAdJXl0Pa/SRc0GrBc6js3NobwKR2qsm1T/o=,radio,Local playlist more,song-based-playlist,0
8ncKS6kWM+oSslEfrPcRMcHq5VVQqBcbWoQ0FHlDgPA=,kTfvijj0YOM4LkNBb+6RCPKakz/8NEw5y2PMdmc9bc8=,my library,Discover Feature,song-based-playlist,0
hYJpPvGod6vy09TnlXdQe3Q0vlxju5u5Ruf8V2XkTio=,hme5eV1flIR0iLiRc0XRKQHssHaz7palP92OutFelak=,search,Discover Feature,radio,1
rdNI0wgxmcsOgjH0akX2/zzW8qbDZc45D681Mpq45jI=,EH+nzRuSscqbP1Xd8ulzTMCGLEjqdzdxCaR8Fgyh6VY=,explore,Discover Feature,radio,0
y3IT85vrzY2iBxFg6nsh4Cmg+mV3oqR73TPekK7x1Rc=,7sD/47OK7UjsdmBjtLCUTIdX9Df8TjpHyOOeA0Koxy8=,explore,My library,local-library,0
wobMEyGx2iCkFu27/HPRJIky3S8tO/rS8Rr+tsvEe0k=,+WZeyJdxSPcag6xHLPjJOfJoc1haKiC4j0BcbZHG5ig=,discover,My library,local-library,0
ZIThPCdbFdxx0T+qKaAnQprzkTcoMTJL66Of3nlFGLA=,48PnLVsKQXwlRoNr7779QyZxweYBbpX9z3E1YZm2F/A=,radio,Radio,song,0
s8Oce1igq03hako2pQCfeXyPVkBs77ArjdrZEQAjpbk=,c2bp6xlq7o3Pj6x95ddX67S/wGsP6qPN/8PqM1DL0a8=,my library,Radio,radio,0
mrjKYVskMUAksvPgRky/E2g/TiPdbpH1j5CCOzAC5RU=,w4Zku7HxtkAKl/BB8H81ZfWOXwnnmVbZBvFZeRPuRUU=,explore,Radio,radio,1
FaH6rl69OOVwbsO30jjdjVXD9wJO8pcVZS6LGy5zTJM=,YN4T/yvvXtYrBVN8KTnieiQohHL3T9fnzUkbLWcgLro=,radio,Radio,online-playlist,1
UvM0IMLJ11PTOjdjhqapNQmHcbttfsiyv5+dtIR2IK0=,7NV5ZpaFlc7e3fjuxNiiuL0+HEr8qASFr+HHztIhwGY=,explore,Discover Feature,online-playlist,1
p9Lk74DKfVohPHjTvzHSVQ3lRaqW2ofcBolP45FJgiQ=,zuyzUP11fbgoVp6IMfWK378GDToe59ZlK5gkf+7aKdg=,discover,My library,song-based-playlist,1
y3IT85vrzY2iBxFg6nsh4Cmg+mV3oqR73TPekK7x1Rc=,L6w2d0w84FjTvFr+BhMfgu7dZAsGiOqUGmvvxIG3gvQ=,my library,My library,song-based-playlist,0
+boPBM5G5+vAfbO6zTy7A2FrVQyl91aBPGHkQ6ciNYc=,+cP03fE+hnJUB/v2PHLsD9UHBjmDIYvbuX+NrFqeudI=,my library,Discover Feature,song,1
9wwJC2y3YDYTilHnM+uYnPS7GCxV625Hs4VZ7sc6OKY=,rcPNzl8xjj74tjZDop961+ugDVJKx4mdgh7L1xJ85FI=,my library,Discover Feature,online-playlist,1
16fsOt7imefLSFsV7mWoP1AL+bpjP1NuWzQ5QP9tj8k=,XA08z3r0wdQvY3CE0lFDTd/MuAgD7b0XKZnCvo+ylKE=,my library,Radio,song,0
s8Oce1igq03hako2pQCfeXyPVkBs77ArjdrZEQAjpbk=,ih58jIWgit7qPy3VpvbM6E7AIvs57ylCHMVpIl1T+Io=,search,Radio,online-playlist,1
/2A361q3cuoEFZ0FoMEWj8SIVRJyPpHZQ5ni6Oud88M=,6QMvPiMG6bKF5+C4fSsfeR/LGNMiwL55HNhd3BcvSKE=,explore,Explore,radio,1
rEVqJ3NIxC9LSUZYOj1ft5VSAvFo3AxNu2k36hKKtWc=,IKMFuL0f5Y8c63Hg9BXkeNJjE0z8yf3gMt/tOxF4QNE=,explore,Discover Feature,local-library,0
oqovZIlVcIUL0aIMGYtXxy3R+xJcxmJBJUXeIb+HJYA=,KxxFN09YQwSN0eAJSUf2xa5ZKjyZmX3nIVKM+zKxq6Q=,my library,Explore,song,1
H/MB+uttGlGIMr7qru4HYG4dVbh0e1mBuoryBOKz/RU=,0ee/D6HjX0jSytUn3v58C0x6zEzN4bcPq3WlqvrG/Xo=,discover,Discover Feature,local-library,1
SWoa4UvhuutHxhcRAxlfTc6Jr1j5tGw9cp3Kiq+ayKM=,UksdvC4qcXmgOvmMSOPWh9sB2z7a+dT1CWlI58lq04U=,discover,My library,song,1
MxCUQ6tAD7LU1yR0gwRck91ZKE88gY8kD/rX9Hi9srQ=,tB7WW8fbj7VdrPYInjSGBfslYr2DKNIeeFKQsqqMZvc=,my library,Explore,song,0
OOETiYOFhuTowtgRUIiKommGv0eo6XUHLc1ofgwcJew=,Ot8WIXZXzvgZeZoCwcimfORgLbZJJdslmuvO1ufZB7k=,my library,Discover Feature,local-library,1
lq5Q5jIo2pNtn/bTBZy8e07jc4qcIhLI7PXeieo/EgI=,4eWKqiadX4L+cYSy1VEcazqQDV1YxvYo1YHU5VR81pM=,radio,Radio,radio,1
J/KdXo5kGQs+dRxYam3/tZlwhl7ZX+sYvvCdjg8Tqzg=,p0vznXPDpqFXtJzcvx4f9NxqLDC+1PQ9/Prr8kUdSuc=,discover,Radio,online-playlist,0
E3yiQ2d5+KiGkm622V73IRgukx9qXPYJIpG6xWF/lF4=,gffrcQ9mFCfCwM4Gx7ArXpR8J749p3tfh/tM0chIODo=,search,Radio,radio,0
cqjRBV/jWN2ujhc+z/4tz+Mj6xEfflAAt6qBXCqxKvw=,hDaCYJApKdeZGK7HPAWppz+FfmRwNh9g1wBc/EkBfYE=,my library,Radio,local-library,1
PC0HTwpYB4UtDaA1s7qlkmktEzeiz57VXvIJijk6ChQ=,limwLMOy3/jAQ5dOa3x7k/eJmA1ARXel99C337h+E34=,discover,Discover Feature,song,1
4MSFgArmrrq1abQEeuHkmNQjEkqn5r/Z6/LNObSm3xc=,X96NEF2NcG6gyKVF0+U3H98CgAlgecjthmaqQe0nLPE=,explore,My library,radio,0
mDJCU+fKu/mbdk9l4SmPYiJwpeMyK44o9wmG1X3735A=,d9Flpsyq/y8CR3F213pnXUkrfK1fMClvhYH37pFSc7s=,explore,My library,online-playlist,0
YQiox2a4tbRbNBaL+VfOLH8oea77HPJMPWRh8euXZqM=,338YQI2OhQDjVCbuAJ2t0PQtzDG8KRSFdB69kiwt3CM=,my library,My library,song-based-playlist,1
b5XWI+EhZTCGoQ6YK/SLu3tmCnKh8Z7wBK6Gztm49uA=,TbrfWJpl81E4alsi2+b84oeUu+b5S/8n9yFlZDriNYs=,my library,Explore,song,1
2+T8pswRgDmvZ6B4esKi3lWZyT4xqeVKmv19J0/y51w=,pkKADcjPLFdP9kX40L8dlmbLWkgUTqUB0LhurVLSTME=,my library,Explore,song,1
UhqjLSMwLYzjZFDyYQF6A33phr0tPNXyu7+I08q/u8g=,izWkEacMHX6lc+hEC3QnWwWd2LXiHZ9tacUNpfUz+aw=,my library,Radio,local-library,1
T+FJrpYi77CWTUE5nO/vliojRaTPgt2bRUQHy5lhXrQ=,5TKFWT9ivwAJiqRWz5apDsePXcJZ2b1RA/1gxTm6XoQ=,search,Discover Feature,radio,1
a89sofbsaFkpzn8/P10elgzbXDQokPTlsKc1uqi7Zco=,jFUlstiDM/0JBpQz1N1Mr1uJj0H8kiQsJjfbnx45gHs=,search,My library,song,1
vBNHobQRQsofef7+9NZk4C6Y6T2PBXSGXUbn6c8UOcg=,7EnDBkQYJpipCyRd9JBsug4iKnfAunUXc14/96cNotg=,my library,My library,song-based-playlist,1
o+5RNlSWrzvrphgBNGIo1FLkGxBgyICns6qXj3nS7Pk=,A7Z2nDVASy04EpmfzOL9PRMN3hFVbWQ7ah4J+o9sLnE=,search,My library,song,0
R7AyK9ZUi5d21sCDumgghXW+TNacd/qN0dNMa0C22pA=,wJdog4OHtULqly94aQ/X2uud6ya+juDh25ay4sqoxuI=,search,Local playlist more,local-library,1
Xbrr2Sbq8NuLG+1QZWm/Iu5P52fUTvgspCYNG8wmfPQ=,f0Yvo22LVUbRIlICXcEEym7IYNVjUqghZryP6Vf103A=,search,My library,song,0
PC0HTwpYB4UtDaA1s7qlkmktEzeiz57VXvIJijk6ChQ=,wp1gSQ4LlMEF6bzvEaJl8VdHlAj/EJMTJ0ASrXeddbo=,explore,Radio,local-library,1
qljEWgpUDxIw7Lpc9mpZSYjpH+RmsE3T6s0x852lzRY=,IiO/4aXuzEtXpyd1A7LV2TlAdIS5Rzl3hwdtbKuNBQ4=,my library,My library,online-playlist,1
hOyJGmY7tciqGf1EhDj5UT86IfSSnaTHP5JWAPxYN6s=,cQI8Uzy06tt/XJ59vDlifTQTl2qOiTFBkf5yVCUNoyg=,explore,Discover Feature,song-based-playlist,1
wobMEyGx2iCkFu27/HPRJIky3S8tO/rS8Rr+tsvEe0k=,M9rAajz4dYuRhZ7jLvf9RRayVA3os61X/XXHEuW4giA=,discover,Explore,song-based-playlist,1
8ncKS6kWM+oSslEfrPcRMcHq5VVQqBcbWoQ0FHlDgPA=,x+wwBWqNXLShElFWaLs1ahI15dN4cl4ShC1/Wm4PsH4=,discover,Explore,song-based-playlist,1
mrjKYVskMUAksvPgRky/E2g/TiPdbpH1j5CCOzAC5RU=,oAfWzsEYsibZUgmlL8NNYoO0aB4gSyU2tfsQvQp+7f4=,radio,Explore,online-playlist,1
TxvdtN1Ehq4kbgU5J7lw+ik6Pc0NZjnQKARPiCCf0fk=,bG9ptdK+Pb7m4ozflF/RjUqbG/uo5ipgAo1ffT8mnfU=,my library,Explore,song,1
YQiox2a4tbRbNBaL+VfOLH8oea77HPJMPWRh8euXZqM=,W+akwEPQhC1OugUaQlo0DR9xVs49UbJDZbiGvgN6ZyY=,search,Explore,song,1
n5v6IqRk4CZnELtP0Z2et7EZrdPicfyhvD2gIdq1Mcc=,MwZaD94L4Wl4APdJSVQF5JPt+xH6hb2KtWpFsjwYUlo=,radio,My library,online-playlist,1
uA7h005WTDJTwS1Tv1uzmWcWTpt/7x7Xx8JydbeMi2U=,h90KlUZE/mlkkPjhbhz3hXY1zvOhqJXuiKBoFWnTDAo=,discover,Discover Feature,song-based-playlist,1
KGXNZ/H3VxvET/+rGxlrAe7Gpz2eKMXyuSg3xh8Ij1M=,rqNd52MxQ+okfR61j2c7u36DLODO4d2Zt/hMm3jxncM=,search,My library,song-based-playlist,0
oqovZIlVcIUL0aIMGYtXxy3R+xJcxmJBJUXeIb+HJYA=,A5cw2rib82lWjtNFr3bxQysyjPVpiYlgmnULDQ8X0BQ=,my library,My library,local-library,1
2+T8pswRgDmvZ6B4esKi3lWZyT4xqeVKmv19J0/y51w=,s84FxzZB6F3J6VOD21RuFLngqi6nMsKA4txNXn+pbK8=,my library,Radio,song,1
OOETiYOFhuTowtgRUIiKommGv0eo6XUHLc1ofgwcJew=,opfHqJ0Oz4KsSqM5/TqBERkLI9DFnMD0Jywzh7XSE6Y=,search,Discover Feature,radio,1
ZIThPCdbFdxx0T+qKaAnQprzkTcoMTJL66Of3nlFGLA=,Y2CFnBr/mdTuaxOu3vKcbuUBE0UmhAIx+Pkgazp+j4c=,radio,Explore,song,1
qn0aqqC8dcshYsmcFmFYJtebwjMp6kLr8yanC5QC79o=,NCF0FSjNTEchB0wNZ9IL5UfzApFMK71jBhQWuSIacmY=,discover,Radio,radio,1
Tb5tCteFbk+G5Jyvq9SqD1eAzgZ98WR/xOCvvjkNCog=,6uCt0I6XmmXX7fta96XlZyxtSWXlTa2ZviRbxnDUa/w=,discover,Local playlist more,online-playlist,1
nAiRf+UmYT7ZWIOUF6Ig3D0FDVIVpSgUb+H40Vg1eQU=,0PSoBhrpfwF09qQKvTiItwZNPjOuyL0uoTazKevG8ls=,my library,Local playlist more,local-library,1
tlFGRF/TtrSwJA9XPHL4cajWghZCbAbhzif/6wJiN6Q=,3W6VBSN09a/Vh9w1Fwmdus4H4xxmde/yu0RBgMcTtZM=,discover,Discover Feature,radio,0
H5DWyI7bujtol5aU1pzvLdfBAs45Ym/5jicdUlerf2s=,8OsXpp32oqorzAN4NNkVouaV0I81ddPLZ8DxMRAGJdQ=,discover,My library,song-based-playlist,1
A6DJoTdyfFVxhngH62vlscx6pJsakhdeNs2vDEVTfH0=,A0t3F/l/3A5UvyPnNQNkrwJuW4vH7f/ttZZ9ud7eWx8=,radio,Explore,song-based-playlist,1
lFQM2AQ0IIifeOgmnRDSFEuWfh7XQZm0Z+O6K696CQk=,A7Z2nDVASy04EpmfzOL9PRMN3hFVbWQ7ah4J+o9sLnE=,discover,Radio,online-playlist,1
o6lVTGcU8lL0OI4fOMWc21THJHoOjqxxYlYACoyTN6g=,JA6C0GEK1sSCVbHyqtruH/ARD1NKolYrw7HXy6EVNAc=,discover,Explore,song-based-playlist,0
hOyJGmY7tciqGf1EhDj5UT86IfSSnaTHP5JWAPxYN6s=,JgOfPnluwAsKhpdLQgbfoSHpaZ74zcWYPqhhvhmFAtY=,my library,Discover Feature,online-playlist,0
OMy7VLQDDDlAqrp/YCl+BvzGIgZoWNejIDqSl8siqIM=,XlkjAJe0dfNZGVXs98X/tteFpStvXboU0MegqWJt36U=,discover,Local playlist more,radio,1
xEeMEDdDCvfLGt6eoayVgVh48nLdPvEm1XzwzY6lT58=,d9Flpsyq/y8CR3F213pnXUkrfK1fMClvhYH37pFSc7s=,explore,Local playlist more,online-playlist,0
B4P1g6sGBILzGhelH/YKkfpkFgWfn/LgS4KgU+bEaD0=,TbrfWJpl81E4alsi2+b84oeUu+b5S/8n9yFlZDriNYs=,search,Local playlist more,radio,1
OOETiYOFhuTowtgRUIiKommGv0eo6XUHLc1ofgwcJew=,zuyzUP11fbgoVp6IMfWK378GDToe59ZlK5gkf+7aKdg=,radio,Radio,radio,1
lfK5QUAaa28niDIyQ2oGkSntvSe7G5EmQ1N6nvnE8lY=,CivTL87a654wHFVt1BEZu+cryDKO8mYRsrxpEW8oVm8=,search,Explore,song,0
mGDObQQojFOJfK2rJKcme282huuk0qDxBzWL22/qYbc=,w4Zku7HxtkAKl/BB8H81ZfWOXwnnmVbZBvFZeRPuRUU=,explore,Explore,radio,0
pJxMd9PL/N7CdwTwKu3YqiqYSRAJHuejlrTonaPfPfU=,Zks8Is+xdBwLuMg0lYynAU4FanLNf/tyuZ8d7IEvY9c=,radio,My library,radio,1
p9Lk74DKfVohPHjTvzHSVQ3lRaqW2ofcBolP45FJgiQ=,NDtiB0N12yjIn9D9reqXF8NPPCq6vMNhOwd9A/c3qd8=,explore,Discover Feature,song,1
Jc84woRFJuyMAC6hDcH/Rr84MGq9ucuxeZveZ00kI5o=,M0vkEMBlcbeVSWQQx/6FtXbJ57IiCw27TW8/vmSayk8=,explore,Radio,radio,1
TDHfjwkLrnoorqjTUFtlzSL47Yl1oEBpHM8k7qHrIdI=,r4lUPUkz3tAgIWaEyrSYVCxX1yz8PnlVuQz+To0Pd+c=,discover,Explore,radio,0
tNvUsQwOJX5OgGsBBN9to3vI+DoUc6S1BFgNXUaYoo0=,wxghAK3cq1rb0Kkyx6dSxzKGYadE8TQWF9L6dq9B1Is=,search,Explore,local-library,0
lq5Q5jIo2pNtn/bTBZy8e07jc4qcIhLI7PXeieo/EgI=,Ru7n8Xw2s8LGDsgDhyzWqCWQRWQW9KNPY9qMOFAf5x0=,discover,Discover Feature,song-based-playlist,1
OMy7VLQDDDlAqrp/YCl+BvzGIgZoWNejIDqSl8siqIM=,oDG5WCyUlb9i/Sr34Fljeh0YsONZKxl+7jjUw27vm5U=,explore,Explore,local-library,0
w4SNbHDAMuMbulkgcHGYOl/datijVua3CR5D73DylLs=,NhQfOVnptpW5z5qsP/sN+hVS8TM2iYvdy/ZGVe7K+kM=,my library,Local playlist more,song-based-playlist,1
tiYOcOjJ0qgAJDL3hTboZye11uT8tBbNTscBDWxCWLw=,WOvHYkt7XUOtmMOTsgT+2vJKydJEVInZGliuLUXoV7o=,my library,My library,song,0
A6DJoTdyfFVxhngH62vlscx6pJsakhdeNs2vDEVTfH0=,qiF4WAvKyVZZIBi4oSntG2GrHa1+p3oMaiZBXUpeDT8=,explore,Radio,song-based-playlist,0
z1IXxOkXP6uCWwFJLibRkXzU7USedggSWIfGJl/HFQg=,kFx6IW7O34CiWxdfV61/cIjZs57ZasQBPjJQSJk2pk0=,explore,My library,local-library,0
wIeuCRmznzwE6bVrKuo2QRfkztVfQVEYMNaugLCPTS4=,hme5eV1flIR0iLiRc0XRKQHssHaz7palP92OutFelak=,explore,Explore,online-playlist,1
+Y+wTRRkZ0QA3bV4+7nwu8qlN5Kb7ygMhqvB5L929YI=,v/3onppBGoSpGsWb8iaCIO8eX5+iacbH5a4ZUhT7N54=,search,Radio,local-library,1
AEZNdJt0QGYpBlT97tdnNaNHW5SqpgJb70TFmeZBYbg=,i7p594HsKb4cYynsE1a80PmSBL9bFI2dmBu16bwdke4=,my library,Discover Feature,radio,1
a89sofbsaFkpzn8/P10elgzbXDQokPTlsKc1uqi7Zco=,D1tFsBLd9VWbonfb6Vek0BI2EJB6udLOuV/x+ptYpOI=,search,Explore,song-based-playlist,1
b5XWI+EhZTCGoQ6YK/SLu3tmCnKh8Z7wBK6Gztm49uA=,ClazTFnk6r0Bnuie44bocdNMM3rdlrq0bCGAsGUWcHE=,search,Explore,song,0
VE8ZRudqIj9zHOSXxGg3cLOBkbykv78DwWN6IXRusWo=,KZ5hwP74wRO6kRapVIprwodtNdVD2EVD3hkZmmyXFPk=,radio,Local playlist more,song,1
SWoa4UvhuutHxhcRAxlfTc6Jr1j5tGw9cp3Kiq+ayKM=,p0vznXPDpqFXtJzcvx4f9NxqLDC+1PQ9/Prr8kUdSuc=,search,Explore,song-based-playlist,1
2+T8pswRgDmvZ6B4esKi3lWZyT4xqeVKmv19J0/y51w=,G0rUz0kguI35yzj95LX2BXI30PqCcJJtPNfirR0BhIs=,discover,Radio,local-library,1
dZNojW/n4mqxR6RSZt4CMeCnJzzxBYi6n9qQCKbghvE=,XA08z3r0wdQvY3CE0lFDTd/MuAgD7b0XKZnCvo+ylKE=,search,Explore,song,1
gxxBbzV3eE2XGjUrFVB2FzAve55Oe1s86HD+OEh36Gw=,27vpOctGRDxfm4nJsYUfvNaoL8ayuXiYAYUH4H1mfJk=,my library,Explore,online-playlist,1
P3tJU/DjIEbh0ucnC1KT8wojenDDSwx+blB8pFp/KeE=,X96NEF2NcG6gyKVF0+U3H98CgAlgecjthmaqQe0nLPE=,radio,My library,song,1
HfVrxfpxOJuQ4FofEFxdlwm9yvaoy8y0JOH3GaQ/RTs=,Xpjwi8UAE2Vv9PZ6cZnhc58MCtl3cKZEO1sdAkqJ4mo=,explore,Local playlist more,song,1
QDvq4xn7ZSBkamVnc8nL672oxKVqcR2zdgRGQf0giXs=,T86YHdD4C9JSc274b1IlMkLuNdz4BQRB50fWWE7hx9g=,discover,Local playlist more,song,1
mDJCU+fKu/mbdk9l4SmPYiJwpeMyK44o9wmG1X3735A=,QZBm8SOwnEjNfCpgsKBBGPMGET6y6XaQgnJiirspW7I=,search,Radio,radio,1
a3O5che4tB5RTo8XoApn10uQ+FpVjTNwJfNrrQyaMXk=,GFWjz4apE8zMiXe6wc0qCjr+DbK9BFkwo/rr+FsNm+g=,my library,Local playlist more,song,1
4abUL+lw0T5WFbdgeEyj8UHqyYxA7Exgw2tWiDJVSwY=,UksdvC4qcXmgOvmMSOPWh9sB2z7a+dT1CWlI58lq04U=,discover,Discover Feature,radio,0
+3RfkckBHS0oQrrjJj7p69bdwJak+qzKq0fhFaeXUxA=,A0t3F/l/3A5UvyPnNQNkrwJuW4vH7f/ttZZ9ud7eWx8=,radio,My library,song,1
H/MB+uttGlGIMr7qru4HYG4dVbh0e1mBuoryBOKz/RU=,VkDBgh89umc9m6uAEfD6LXngetyGhln4vh/ArCGO0nY=,discover,My library,radio,0
J/KdXo5kGQs+dRxYam3/tZlwhl7ZX+sYvvCdjg8Tqzg=,YN4T/yvvXtYrBVN8KTnieiQohHL3T9fnzUkbLWcgLro=,my library,Explore,online-playlist,1
T+FJrpYi77CWTUE5nO/vliojRaTPgt2bRUQHy5lhXrQ=,4MisMKfKs26kWvzPwqJMnqqoeNfOlsfiiFswvWIQOUI=,radio,Radio,online-playlist,0
Mue3orxlJaHmK07bXWDrchFW1f/Or6TLVfMwx9fO9aA=,CfOyUSvBAIGhsUEcZ6hTnWLLaQrDtzVmoIdmIMXBOTA=,radio,Explore,online-playlist,1
J/KdXo5kGQs+dRxYam3/tZlwhl7ZX+sYvvCdjg8Tqzg=,EELIvnP5lcFg+W/XGvKrKj06DhzWRoowEHGGvBGlDkk=,my library,Discover Feature,song,1
PC0HTwpYB4UtDaA1s7qlkmktEzeiz57VXvIJijk6ChQ=,fEAIgFRWmhXmo6m3ukQeqRksZCcO/7CjkqNckRHiVQo=,explore,Discover Feature,song-based-playlist,0
Xbrr2Sbq8NuLG+1QZWm/Iu5P52fUTvgspCYNG8wmfPQ=,u6/Pb7X4u7KU4gXrBgGqt8RlRrNNFLn03tLAHyxRxwA=,search,My library,local-library,0
YYdQJgjemCT/fAv8s+CwfmgDprAQOneJ2M2SdArq9V4=,GAWjH9Uns87Q1pcQTJZo+PaiJIsUj3DEWjtGqyMUZm4=,discover,Explore,local-library,1
NwX1NaVlyw0jvfQNxLTcx9ztIUKVL/sjkccdAmMpfCA=,tB7WW8fbj7VdrPYInjSGBfslYr2DKNIeeFKQsqqMZvc=,discover,Local playlist more,radio,0
3nWFLb+IVt1+0JcM73g0wIG2AHtyhsI5RlG7gHziOFA=,jpq9yBIzCyyWbLcrGFWHYyXpFZ8N4b9FgKC4qFj04gk=,discover,My library,song,0
2tmUzRCcD0l3et0ck9XfxZT6gT9LM3w8gwfckVNylIU=,xeyouM+hIjUtImV20of0p7SrDY4UnejP5Q/BnCHYG00=,search,Radio,local-library,1
O3ElkgfVd3DoJysnWAIgIPF4N3Y9LPmlm+aC5G+UXGY=,r5BnHxvuPlLjwr4MHf3dF3yUY+NVS6rHrkVG7wVZ1uE=,my library,Local playlist more,online-playlist,1
mGDObQQojFOJfK2rJKcme282huuk0qDxBzWL22/qYbc=,9uDuRF+ToaleR51vHf8IEw4NEKDJXRo/rVRV2011aSM=,discover,Radio,local-library,1
crUeQ6DYDHHRNYmn+n5Kodfvu9ki0IdHfXHNlZEUPHs=,PQ60bLYQn4lnOqNp2pmsUziCKclqLai5pemA9rWWQko=,discover,Explore,local-library,1
cqjRBV/jWN2ujhc+z/4tz+Mj6xEfflAAt6qBXCqxKvw=,gvHR5iZ5GWVYZBMTQFo/k0LB3Hh2RDUNhDgOCzICosE=,discover,Radio,local-library,0
0ut67E6+04VZ9RDX1nJYPmPARhbgYbsjEKl7K4dpjDw=,d2k4F/IYpmudgfCxsRAXVHBdYHPfcWmhCYmjdXxigLE=,search,Explore,song,1
4tuTIArXO3WO8/zS9y2CC34ywEfChjAKUchlKW00DMM=,31Tp9mUO5cVc8fEd67bI5GTrfev3MiXPUokaum1m3K8=,my library,Discover Feature,song-based-playlist,1
a3O5che4tB5RTo8XoApn10uQ+FpVjTNwJfNrrQyaMXk=,jRzcNOC0WGSfwQmr9ZP5mxiPYxAdkGrPFGc0GvS1dOs=,discover,My library,radio,1
V39VxDdE9SgMQZnX58oQChm9W056pw2lC3TiifMfkKw=,+yj1hcpU3QLGXS2iW9srqWCBV5NE73L9hHR3kbV2NQg=,explore,My library,local-library,1
XHJRZV5Xgcub4dNGuzRj5tVfDD1iwrtoXmdQOWtlc3U=,oTGg75yjTAP0grXmGld3EUD0b/b9u7lW2JyUX/mBiXI=,radio,Radio,song-based-playlist,0
7xiBI5xU3P2/IiR9teB7jySfzWo96JGikGajteLd3Cs=,WTTcFYZNyqe1dL6Rm+jQMLx/tospfRR+PhD1OFix1mQ=,my library,Radio,online-playlist,1
Jc84woRFJuyMAC6hDcH/Rr84MGq9ucuxeZveZ00kI5o=,yciKx3VagNk6RuCqe0KbTbwl+cWXKVYWAeI8UFe9Dfw=,search,Discover Feature,local-library,1
HfVrxfpxOJuQ4FofEFxdlwm9yvaoy8y0JOH3GaQ/RTs=,9W/H8tPBKQ7VWmBctuQ6RabciYdr1l+/kg1YPDcPOlU=,discover,My library,local-library,1
Ty59+gs+lfVbfm1T/SDqLmbFhtkAP4Mm75uYiaKZ6kk=,eKCra1VJtznUJW/pya0TCpqHRxHxdQ51S3fspJmR2gs=,discover,My library,online-playlist,0
JoGt+PgRGKHAhTQnaRqQygBWdDwGE6gdPbeGiGP4/Lc=,F48LS/DqAt1EnPHRezspUgYaZcmiOoyOD75UFpHenEE=,discover,My library,song,0
8ncKS6kWM+oSslEfrPcRMcHq5VVQqBcbWoQ0FHlDgPA=,XlkjAJe0dfNZGVXs98X/tteFpStvXboU0MegqWJt36U=,explore,Discover Feature,online-playlist,0
FG+WikEK8x1GZIB4E2keTq2SJX4bXjFjG5gkjc8qbcw=,7NV5ZpaFlc7e3fjuxNiiuL0+HEr8qASFr+HHztIhwGY=,radio,Discover Feature,radio,1
ZIThPCdbFdxx0T+qKaAnQprzkTcoMTJL66Of3nlFGLA=,jHMqK5wu5C0txl0QCxpkSM1xbIev60ii+dc99LXu8EI=,radio,My library,online-playlist,1
+3RfkckBHS0oQrrjJj7p69bdwJak+qzKq0fhFaeXUxA=,pkKADcjPLFdP9kX40L8dlmbLWkgUTqUB0LhurVLSTME=,explore,Radio,song-based-playlist,1
fVZedYe9G51wW8jy3Ws7FuF5IKx7zxQYWvPAfCdIRJE=,skehue/d/R59G71dXYpntDwdjRRPlweN3JE8g40TgZU=,radio,Discover Feature,song,0
08sWvzS2VVyKAVQRi6z4gxGxRQ0YQM0BXsXdVEKuzSQ=,R1769yIwSejBpG/qGgxdD3BiYXI2fJgMg1jjlKCPhIo=,radio,Discover Feature,song,1
wobMEyGx2iCkFu27/HPRJIky3S8tO/rS8Rr+tsvEe0k=,gvHR5iZ5GWVYZBMTQFo/k0LB3Hh2RDUNhDgOCzICosE=,discover,Local playlist more,radio,0
hzy7RwzEVDm4JmC0X2qLUvnoE1+2zNTEea4fOe/o6ms=,JTMsJNPcL2ambkp1Z/MeBEnFEzZEOKetdLPrJxHf7v8=,radio,Explore,radio,1
IU4XmahhntFf39v7Xzd/Nk6fjzZCCpAjOU8xW2TWHGk=,bG9ptdK+Pb7m4ozflF/RjUqbG/uo5ipgAo1ffT8mnfU=,my library,Radio,song-based-playlist,1
TO253iXvHroemKYZ23M7YL7uu6Um4zEwByNl4wcpIYs=,G/4+VCRLpfjQJ4SAwMDcf+W8PTw0eOBRgFvg4fHUOO8=,discover,Radio,song,0
cF/VJmBHwhcqdd016oPP1wXBdWSjxEHEzwlhEn4+/4A=,nwSpTQoTbubQRzCAjsWTemzjG0B36aa5Dqpi2py8jsU=,explore,Local playlist more,song-based-playlist,1
OOUnJuX4SteRhUdJZ9B2DqtfiwsfcZVBefEhXLeBsFg=,lUp9A0i6jbaMvGNlR0eaMwxd0Vlv5LZM6NHgDDBCqqI=,radio,Radio,local-library,0
8tSgHKzljg7TyPLYrU9L7CgHIdShVvyV/d6PccMRzhw=,M0vkEMBlcbeVSWQQx/6FtXbJ57IiCw27TW8/vmSayk8=,radio,Explore,song-based-playlist,1
qljEWgpUDxIw7Lpc9mpZSYjpH+RmsE3T6s0x852lzRY=,IKMFuL0f5Y8c63Hg9BXkeNJjE0z8yf3gMt/tOxF4QNE=,explore,Radio,song-based-playlist,0
38LUs5mVWNKfyjL7ilf9JCnWZLjnno2obLXr69JJKcw=,IKMFuL0f5Y8c63Hg9BXkeNJjE0z8yf3gMt/tOxF4QNE=,radio,Local playlist more,song,1
+Y+wTRRkZ0QA3bV4+7nwu8qlN5Kb7ygMhqvB5L929YI=,i7p594HsKb4cYynsE1a80PmSBL9bFI2dmBu16bwdke4=,explore,Local playlist more,song-based-playlist,0
EZmIP7zKgqKwpEHnuDjRIkzCmcLNlHn4hkiglZ5LxK8=,35dx60z4m4+Lg+qIS0l2A8vspbthqnpTylWUu51jW+4=,my library,Discover Feature,radio,0
z1IXxOkXP6uCWwFJLibRkXzU7USedggSWIfGJl/HFQg=,zHqZ07gn+YvF36FWzv9+y8KiCMhYhdAUS+vSIKY3UZY=,discover,Discover Feature,online-playlist,1
1m91HsZUO53drOd2CmAT2nf4JnK4xxBfbzPNTu9pkjU=,3DU6F6k6dFSdoQa2tsia5spMXFCxWh4JJdA3OxSo3rM=,search,Discover Feature,song,1
uhEkft9Ht4TsUF5wBkmmZbtbaIVESVfiUnMlxHYl0HI=,y/rsZ9DC7FwK5F2PK2D5mj+aOBUJAjuu3dZ14NgE0vM=,search,Local playlist more,song,1
zYTm2T59lT+Z/hpoywdET+EGMcRhwi4rzL7WD09iRC0=,YBrWf/Hac5La5V2HZ80Mi70NzUcTehVDWhkIp8h4Klg=,discover,Discover Feature,local-library,1
vBNHobQRQsofef7+9NZk4C6Y6T2PBXSGXUbn6c8UOcg=,5Qh7YI03x2cbQFFv/e+faYhVpFAzjvnuE3YXkx2KgsQ=,my library,Discover Feature,online-playlist,0
NwX1NaVlyw0jvfQNxLTcx9ztIUKVL/sjkccdAmMpfCA=,+SstqMwhQPBQFTPBhLKPT642IiBDXzZFwlzsLl4cGXo=,radio,My library,online-playlist,1
frZtrrN1Y2ZqZX3VFiq7FpAvLth3kZJNovT9cmyn2O4=,YmAISVdWO5T+OgcuVLr6qQ7OsqPzAbBO7BrEwfcxMSw=,my library,Radio,radio,1
o+5RNlSWrzvrphgBNGIo1FLkGxBgyICns6qXj3nS7Pk=,msJWKceAKkJe5FJDUUpnHBL8qS3QQUC2faxjiJrEw5w=,explore,Discover Feature,local-library,1
pJxMd9PL/N7CdwTwKu3YqiqYSRAJHuejlrTonaPfPfU=,etnpvFVFCKje9Br8nB2pWWlaMRVwN6euSQc9+7ZnXR4=,search,Local playlist more,song,1
p9Lk74DKfVohPHjTvzHSVQ3lRaqW2ofcBolP45FJgiQ=,DLBDZhOoW7zd7GBV99bi92ZXYUS26lzV+jJKbHshP5c=,explore,Radio,local-library,0
MxCUQ6tAD7LU1yR0gwRck91ZKE88gY8kD/rX9Hi9srQ=,ys+EL8Sok4HC4i7sDY0+slDNGVZ8+uOQi6TQ6g8VSF4=,explore,Local playlist more,song-based-playlist,1
Bljj9o7B1zgL0RIpZef1SlSigiTIMr0mDPv7aUyzuXo=,x+wwBWqNXLShElFWaLs1ahI15dN4cl4ShC1/Wm4PsH4=,explore,Discover Feature,song,1
UTAElx4+rSh2QViTKHQhC40cphX7ZIYafAOMJOJCshY=,RiJp0d9j7dfyZ/pyUPtWLXiVp77iitN5lUQTR6qjEOg=,search,Discover Feature,online-playlist,1
TxneOykZ/MOIbQmA/aJ4EUQUIR9r+Egt6TNQu0WgwpA=,DhuNF1B0GK4zzZ7U+v/vt/Y+3aQbTRmV2bd99TUAXzI=,my library,Radio,online-playlist,1
XHJRZV5Xgcub4dNGuzRj5tVfDD1iwrtoXmdQOWtlc3U=,c2bp6xlq7o3Pj6x95ddX67S/wGsP6qPN/8PqM1DL0a8=,radio,Local playlist more,song,1
2+T8pswRgDmvZ6B4esKi3lWZyT4xqeVKmv19J0/y51w=,ayL6eLHKSrmX4smFi1KbGMYrWI9EwsiErGjWUJ9CTrQ=,search,Discover Feature,local-library,0
7xiBI5xU3P2/IiR9teB7jySfzWo96JGikGajteLd3Cs=,itxXLRAtaLyj+idcWIsuKB0AEzijUgPrMhAvAKUSE2k=,search,Radio,song,1
E9jsIxPWhebfnR8cbqPgS+FxCt0zBSXP+72mYRFg0+U=,22wN6a2Q/qVQosA8OBfVg6AbwvI2KJnZ35DXLqpLHJg=,search,Radio,radio,0
J/KdXo5kGQs+dRxYam3/tZlwhl7ZX+sYvvCdjg8Tqzg=,3Yz717mUtR+r4L0zzgDgWnYeFtY9g68ZjKlq1U72KNw=,search,My library,online-playlist,1
x+k/zTEqdgYq6O+r1iDjKRaQnaCS5118gzBe8c12r1Y=,TLU46LbiJ+1mmJr4Le4Z5eaUQq3TiXgdZpE5EtR4WZI=,search,Discover Feature,song-based-playlist,1
LThaiVqGGnVTPmTcmwN/LLo4fVb5dzkduzd7s1SgzIA=,yPA+sQt5tJ3NgR6/L9BefmNpA2152zQQ+/Kvtt3iSUs=,search,Discover Feature,song,1
sgT7F0PbR9/iCyzeSzcl//+E+fK3CeZmM1deeeJ5rZ8=,jFUlstiDM/0JBpQz1N1Mr1uJj0H8kiQsJjfbnx45gHs=,radio,Explore,local-library,1
b5XWI+EhZTCGoQ6YK/SLu3tmCnKh8Z7wBK6Gztm49uA=,SEXmGAIKrBLJvU2yqL7G0KUkKq81WgLwrzy/GHyPjYE=,discover,Discover Feature,song,0
8ncKS6kWM+oSslEfrPcRMcHq5VVQqBcbWoQ0FHlDgPA=,PgRtmmESVNtWjoZHO5a1r21vIz9sVZmcJJpFCbRa1LI=,discover,Local playlist more,radio,1
Y8fGbgG4J6bpoXzljxRIp+hwVjk2ULHaLAfJatxHjg0=,PWxngjBL3gt2KhdKy8MwEYTgAw/lkL9F/lqqjciktFk=,radio,Explore,song,1
+Y+wTRRkZ0QA3bV4+7nwu8qlN5Kb7ygMhqvB5L929YI=,JRa3KgSwWDyY17usXoi6jN8O6v6t6Tq4xcwjbUkbQFQ=,explore,My library,radio,0
aMB9nC9PVKXsk/K++qMMG0in0dvk2XiUFuAnr10qiac=,dKsoBHe5cVhyQSU8CimXs4ysaAky4RNgBwIafHaLkik=,search,Discover Feature,song-based-playlist,1
R2FvE4x+hefwL4evbgNGNCng13c1MkP3PHocNtU91qU=,VRv9apZlj7gcyYq1zz2eZsYOnpnoNg+e4GG0b0b0Glo=,search,My library,song-based-playlist,1
8ncKS6kWM+oSslEfrPcRMcHq5VVQqBcbWoQ0FHlDgPA=,JiHWUXkERiCPai7GKXVal+Cns8SWC8Ft0+5NKSQdbfU=,radio,Radio,local-library,1
3nWFLb+IVt1+0JcM73g0wIG2AHtyhsI5RlG7gHziOFA=,BxDBwZ9N4vb18iY72TA2T1VROqz00TpBvOVeefkm9KM=,radio,Discover Feature,radio,1
rGbXmjKDOsBV9n2LJEPtx4GcJS00c7Bs9ZFo6icxVJM=,g9qhCRIaFUnq4Z9HJcFQWHWRstWhK4NoB2sRPoD9iuc=,explore,My library,online-playlist,1
EErUQnZWpOhxSvs3UlAQ6Jme7r+DjJyvkqhEceArwBA=,A7Z2nDVASy04EpmfzOL9PRMN3hFVbWQ7ah4J+o9sLnE=,my library,Local playlist more,radio,0
1m91HsZUO53drOd2CmAT2nf4JnK4xxBfbzPNTu9pkjU=,J4qKkLIoW7aYACuTupHLAPZYmRp08en1AEux+GSUzdw=,search,Discover Feature,local-library,1
qd03y2Hs/0xCA/dPExadbY5XQdTHOcli3h8w4KTwhZ4=,msJWKceAKkJe5FJDUUpnHBL8qS3QQUC2faxjiJrEw5w=,search,Explore,radio,1
rGbXmjKDOsBV9n2LJEPtx4GcJS00c7Bs9ZFo6icxVJM=,FaTUlIiCh/6sEOasPm1vgIk9XqavgSGgRGYuOkzTF0o=,explore,My library,local-library,1
wobMEyGx2iCkFu27/HPRJIky3S8tO/rS8Rr+tsvEe0k=,4MisMKfKs26kWvzPwqJMnqqoeNfOlsfiiFswvWIQOUI=,search,Radio,song,1
s8Oce1igq03hako2pQCfeXyPVkBs77ArjdrZEQAjpbk=,rFLawM8j/vW78o/S3P2GTsmy6HwkTI15P7NF/i9CkX4=,my library,Explore,radio,1
ZIThPCdbFdxx0T+qKaAnQprzkTcoMTJL66Of3nlFGLA=,VkILU0H1h3NMmk9MQrXouNudGk5n8Ls5cqRRuBxeTh4=,search,Discover Feature,song-based-playlist,1
cF/VJmBHwhcqdd016oPP1wXBdWSjxEHEzwlhEn4+/4A=,TIwOs7iFTKo3Cy2yiNReYYcZc1JyAx+0k08+z97k1dA=,my library,Explore,song-based-playlist,1
R2FvE4x+hefwL4evbgNGNCng13c1MkP3PHocNtU91qU=,2yDSviY+pVsksCfkmh9SyW1ulVkGtYFRpITn6jjCcCA=,radio,Radio,song,1
wv0o115CdKSsFlsV7VvHikjyxLG0LFc5qALhM8xkUZ4=,XVAiWjCX02nhNZ8t4bKfJOsVU51bG0YJXuOUl00tTgY=,discover,Local playlist more,radio,1
R7AyK9ZUi5d21sCDumgghXW+TNacd/qN0dNMa0C22pA=,THqGcrzQyUhBn1NI/+Iptc1vKtxBIEg0uA8iaoJnO1Q=,explore,Local playlist more,song,1
DqwB7smOAIbNnnQbWOpfsmy9znTwfDEQCW1I6ujFG48=,Y87wssIvAzfpJA1z7WGawlIQl7mNFDWzmKS/FlLtLA8=,radio,Discover Feature,song,1
XHJRZV5Xgcub4dNGuzRj5tVfDD1iwrtoXmdQOWtlc3U=,uWREia5CNSoapbU9+BpqQxlSfntw1J/01HQGpVxFiM4=,search,My library,local-library,1
nAiRf+UmYT7ZWIOUF6Ig3D0FDVIVpSgUb+H40Vg1eQU=,8Ckw1wek5d6oEsNUoM4P5iag86TaEmyLwdtrckL0Re8=,discover,Local playlist more,online-playlist,1
n5v6IqRk4CZnELtP0Z2et7EZrdPicfyhvD2gIdq1Mcc=,WDhQhhbq+bwhBY642Fx3e5eGBdvqzzXmwiouCaVI0R0=,discover,Local playlist more,song-based-playlist,1
NzxFYmHEK32NaephTO2QGtxiR93Cf7U/Tp6jkoY25WE=,/70HjygVDhHsKBoV8mmsBg/WduSgs4+Zg6GfzhUQbdk=,radio,Radio,online-playlist,1
x+k/zTEqdgYq6O+r1iDjKRaQnaCS5118gzBe8c12r1Y=,l71bGvOgjZIJQHa+E1GW7L5QWYSliCUKy+Hg3SmxzOE=,my library,Local playlist more,local-library,1
2yBzq7nUBV99ankkp7O46elZikHVB5BvqHcr2Lzetlc=,J4qKkLIoW7aYACuTupHLAPZYmRp08en1AEux+GSUzdw=,search,Radio,song-based-playlist,1
z1IXxOkXP6uCWwFJLibRkXzU7USedggSWIfGJl/HFQg=,UZ3dBhXYs3u2VWiwH9VQYBWnp1hi25EmxuK8JISoSZU=,discover,Local playlist more,song-based-playlist,0
wIeuCRmznzwE6bVrKuo2QRfkztVfQVEYMNaugLCPTS4=,wR+LLM957WfBdaXmUsdE9AiGzOVki7yjelGea+0Ze8E=,explore,Explore,song,1
JkQacE3rvmhh65R04eDLbu+M7MCkpzmHwMGrbZo0puc=,s84FxzZB6F3J6VOD21RuFLngqi6nMsKA4txNXn+pbK8=,discover,Radio,song,1
6aH1YAi5YwvZUHtpjEaMQwM0p4wP4XLrkWQSdXDF9L8=,VkDBgh89umc9m6uAEfD6LXngetyGhln4vh/ArCGO0nY=,radio,My library,online-playlist,1
mrjKYVskMUAksvPgRky/E2g/TiPdbpH1j5CCOzAC5RU=,8qWeDv6RTv+hYJxW94e7n6HBzHPGPEZW9FuGhj6pPhQ=,search,My library,online-playlist,0
P3tJU/DjIEbh0ucnC1KT8wojenDDSwx+blB8pFp/KeE=,plcKSDtGLCbnZbKxbsASN8Lz+EtSEkRW5WJ8eA8UA8g=,discover,Explore,song-based-playlist,1
Xbrr2Sbq8NuLG+1QZWm/Iu5P52fUTvgspCYNG8wmfPQ=,cwzdOoAlwP2AgUSgePv+UwafMqm7v7gJeFARD3rw7gA=,explore,My library,song-based-playlist,1
vBNHobQRQsofef7+9NZk4C6Y6T2PBXSGXUbn6c8UOcg=,yn6Kt6+romPpZ1i6+hqI3WJ42G5SdsX3a+l59IaMcp4=,search,Local playlist more,radio,0
B4P1g6sGBILzGhelH/YKkfpkFgWfn/LgS4KgU+bEaD0=,8Kn45Wt6j2eOQSYFai72rdxvmy6rXFGXCcbi92hzOAY=,discover,Discover Feature,online-playlist,1
tlFGRF/TtrSwJA9XPHL4cajWghZCbAbhzif/6wJiN6Q=,TLU46LbiJ+1mmJr4Le4Z5eaUQq3TiXgdZpE5EtR4WZI=,search,Explore,local-library,1
vSstkkQzt3KMmyvh0MGHpXpgzHO6kobAYipy6ik6HB8=,8OsXpp32oqorzAN4NNkVouaV0I81ddPLZ8DxMRAGJdQ=,search,Radio,local-library,1
5wvbHjIY9vAARXRg82rOSUqfZlHLqJN88I8W8bwsiSc=,6HofPS0v2MVFsL10yCN7dXUL+gUOnvsD35vx3HmRbdE=,discover,Local playlist more,radio,0
rEVqJ3NIxC9LSUZYOj1ft5VSAvFo3AxNu2k36hKKtWc=,GIDL+PW6bG3ZeBgOby6JNIQn82kPQ+MZjIybnyI3D6M=,discover,My library,radio,0
5wvbHjIY9vAARXRg82rOSUqfZlHLqJN88I8W8bwsiSc=,ajjUpdQjWCwzCHNd6C0hB3Fz8BIPGjSy6IT35+UWD1I=,radio,Discover Feature,song,1
wobMEyGx2iCkFu27/HPRJIky3S8tO/rS8Rr+tsvEe0k=,SEXmGAIKrBLJvU2yqL7G0KUkKq81WgLwrzy/GHyPjYE=,discover,Explore,song-based-playlist,1
Y4FvDsosFNoz4ZHIAbuwgUBSFK8qY2oE5p7V8wymc/Q=,fEAIgFRWmhXmo6m3ukQeqRksZCcO/7CjkqNckRHiVQo=,my library,Radio,online-playlist,1
mrjKYVskMUAksvPgRky/E2g/TiPdbpH1j5CCOzAC5RU=,y/rsZ9DC7FwK5F2PK2D5mj+aOBUJAjuu3dZ14NgE0vM=,discover,Local playlist more,local-library,1
a6uMxhS43vQ++TrVP3jdHT4lFfjw61SlIsCkvigQ5ro=,FcbwzPm3n/PP+UZAjJaKFggjPSjyZ7YyxBA7LlheYi4=,my library,Radio,song-based-playlist,0
qljEWgpUDxIw7Lpc9mpZSYjpH+RmsE3T6s0x852lzRY=,jZVQRajq2WbbIoSiF5MSCyJKgTt7tpITHayD3PYKg88=,explore,Radio,song,0
x+k/zTEqdgYq6O+r1iDjKRaQnaCS5118gzBe8c12r1Y=,KZ5hwP74wRO6kRapVIprwodtNdVD2EVD3hkZmmyXFPk=,radio,Explore,radio,0
+Y+wTRRkZ0QA3bV4+7nwu8qlN5Kb7ygMhqvB5L929YI=,o9HWMBZMeIPnYEpSuscGoORKE44sj3BYOdvGuIi0P68=,search,Radio,local-library,1
uCDJmSDTzA5PpnYGqKvNmFbwBIoS3jIXFbO5YfoCv/Y=,8f/T4ohROj1wa25YHMItOW2/wJhRXZM0+T5/2p86COc=,my library,My library,radio,1
IU4XmahhntFf39v7Xzd/Nk6fjzZCCpAjOU8xW2TWHGk=,GRaVokpHF2Uk3hgKnyJ2mDSmHvie4lyE0i6l5rA2yWU=,radio,Discover Feature,song,1
zYTm2T59lT+Z/hpoywdET+EGMcRhwi4rzL7WD09iRC0=,qxDl7URNa8pfCbbdoMNE0cHrU1+hMSIdyqhOGvQo69M=,radio,Discover Feature,song-based-playlist,1
BqnomjS+KJtzWrGRkqLEoO3I7KapwN4B8H9in4Fsf+I=,PQ60bLYQn4lnOqNp2pmsUziCKclqLai5pemA9rWWQko=,search,Discover Feature,radio,1
Mue3orxlJaHmK07bXWDrchFW1f/Or6TLVfMwx9fO9aA=,PgRtmmESVNtWjoZHO5a1r21vIz9sVZmcJJpFCbRa1LI=,explore,My library,radio,1
TO253iXvHroemKYZ23M7YL7uu6Um4zEwByNl4wcpIYs=,A8VVQOKrMDk0G8oU6z8qJ5Ggs5DneqlCpdoiKqKYIfY=,explore,Discover Feature,online-playlist,1
BNSYbtaNNCYfKVig95LpQJArTEx/RN2FgivSohB8r8M=,RiJp0d9j7dfyZ/pyUPtWLXiVp77iitN5lUQTR6qjEOg=,explore,Explore,radio,1
UjuPJCQo/YoGVR/yJ+CocmWUk2czJE0BBKqaPpVYV64=,/vRMwxfCQC55cFGMLtxZlAqhDFW/aPQMGdkRnykeWyc=,radio,Local playlist more,local-library,0
Y4FvDsosFNoz4ZHIAbuwgUBSFK8qY2oE5p7V8wymc/Q=,9W/H8tPBKQ7VWmBctuQ6RabciYdr1l+/kg1YPDcPOlU=,search,Discover Feature,local-library,1
nAiRf+UmYT7ZWIOUF6Ig3D0FDVIVpSgUb+H40Vg1eQU=,gvHR5iZ5GWVYZBMTQFo/k0LB3Hh2RDUNhDgOCzICosE=,explore,Explore,song,1
cF/VJmBHwhcqdd016oPP1wXBdWSjxEHEzwlhEn4+/4A=,CivTL87a654wHFVt1BEZu+cryDKO8mYRsrxpEW8oVm8=,discover,My library,online-playlist,0
lq5Q5jIo2pNtn/bTBZy8e07jc4qcIhLI7PXeieo/EgI=,DT35ri8FZuj7PGLxW/PhK5lt+CFVV85jDqPrBz6kixc=,radio,Radio,song-based-playlist,1
uA7h005WTDJTwS1Tv1uzmWcWTpt/7x7Xx8JydbeMi2U=,DKGm2awf1TsLWeXqpDfVVQf5M2qPmcxI9Dwxz+45Qqs=,my library,Local playlist more,online-playlist,1
/2A361q3cuoEFZ0FoMEWj8SIVRJyPpHZQ5ni6Oud88M=,Ce8Mui+yVruumWy9pKMDfSRBFg1m93m/+XR8FHlktaE=,explore,My library,song-based-playlist,1
tNvUsQwOJX5OgGsBBN9to3vI+DoUc6S1BFgNXUaYoo0=,B+lDDFfdRD9WVY2vdfJX3DXLlKohkLJC+mxE+Hfnh/o=,discover,Local playlist more,local-library,0
Wg1bSRX3JtJ9ElarOhpbEaV5pu9lgTeS33mARTV+Sl8=,eW1d3l1sSncU4sGM69MJtIG79wnXbdy8FZKpFVElS0g=,search,Local playlist more,local-library,0
8ncKS6kWM+oSslEfrPcRMcHq5VVQqBcbWoQ0FHlDgPA=,dNvkA285an/yeIMPT4VszEQlmwHsZHHSgDbDB5nEkmI=,search,Local playlist more,radio,1
n7V1D5AuwLykWxCzsU1eNPSyxVbrSXs6IXiWF2zN0gY=,ys+EL8Sok4HC4i7sDY0+slDNGVZ8+uOQi6TQ6g8VSF4=,radio,Radio,song-based-playlist,1
A6DJoTdyfFVxhngH62vlscx6pJsakhdeNs2vDEVTfH0=,JVwoBKjxxE9L/IpNKsSCJJIYHcxvwxOKbFnM3TLwcTQ=,my library,Discover Feature,local-library,1
lFQM2AQ0IIifeOgmnRDSFEuWfh7XQZm0Z+O6K696CQk=,9tMmo3BI0ElPvI5O0DoVc4u12TzxgEdtwTadElAbc1U=,explore,Local playlist more,radio,1
YQiox2a4tbRbNBaL+VfOLH8oea77HPJMPWRh8euXZqM=,kge3dyGXCTqgUbHpFPB0x8gy+cPAamtArhr4sghdRH0=,my library,Discover Feature,online-playlist,0
1d4acB2bhEZCFjSRwvO4ls8PrBtvNTlkcAcxYx8FcWE=,3Yz717mUtR+r4L0zzgDgWnYeFtY9g68ZjKlq1U72KNw=,discover,Radio,song,1
OOETiYOFhuTowtgRUIiKommGv0eo6XUHLc1ofgwcJew=,JiY2ckGkra5KGchu3Rh6KPH9FL2J0tTmAB3pGyVi4BQ=,explore,My library,radio,0
HdnZZ4P0Vjxo2tgTvO1rsT/H3NkG7jvfrnCuF7TBK0A=,WL4ipO3Mx9pxd4FMs69ha6o9541+fLeOow67Qkrfnro=,my library,Discover Feature,song,0
gNqpBxDbTlhvjHhGUzkOXI7uwdcMfsUjThCFibPphkQ=,FaTUlIiCh/6sEOasPm1vgIk9XqavgSGgRGYuOkzTF0o=,my library,My library,online-playlist,1
dU4RbzpIRRd/EkA9Xncpy9CglzDBZp7nKMfdnfr3Aj8=,pkKADcjPLFdP9kX40L8dlmbLWkgUTqUB0LhurVLSTME=,discover,Local playlist more,online-playlist,0
Wg1bSRX3JtJ9ElarOhpbEaV5pu9lgTeS33mARTV+Sl8=,XA08z3r0wdQvY3CE0lFDTd/MuAgD7b0XKZnCvo+ylKE=,search,Discover Feature,song,1
PC0HTwpYB4UtDaA1s7qlkmktEzeiz57VXvIJijk6ChQ=,BwDDym6Tp7EnGudWBGJyjONZeX0/4ndu5PETiPWzav8=,explore,Radio,online-playlist,1
FrYc5vaJMygJR0CjtIqrigWOlEKURefFwGKvr0BlbMI=,J4qKkLIoW7aYACuTupHLAPZYmRp08en1AEux+GSUzdw=,my library,Explore,song,0
08sWvzS2VVyKAVQRi6z4gxGxRQ0YQM0BXsXdVEKuzSQ=,QZBm8SOwnEjNfCpgsKBBGPMGET6y6XaQgnJiirspW7I=,my library,Discover Feature,local-library,1
dO8vzPwqXvOjrPWDW++gVecwTNnzesp3zW1dtRc6KEk=,h90KlUZE/mlkkPjhbhz3hXY1zvOhqJXuiKBoFWnTDAo=,my library,My library,online-playlist,0
Mue3orxlJaHmK07bXWDrchFW1f/Or6TLVfMwx9fO9aA=,WRuHbl8CJbAuzUb4f/88Ly6IXif+IVVWolkp33Nm8wI=,search,Explore,local-library,1
s8Oce1igq03hako2pQCfeXyPVkBs77ArjdrZEQAjpbk=,f0Yvo22LVUbRIlICXcEEym7IYNVjUqghZryP6Vf103A=,radio,My library,local-library,1
tnBf+t14y3vlNshUe1XQbIWYtTBMBYmVXIMWdNVRv/o=,6LdT9BiGIlQ3rJped7PACqnrzstFXz8dXD6MmmsA8uI=,search,Discover Feature,online-playlist,0
Z56mxjHqnR1FK1d5gkf5ARTxwZF8h0HPI+rHFGRrMHo=,h45pWoMzCvsq3e3rBIuHggNB/3NG06/SIVDPEPOF1Gc=,explore,Radio,radio,1
2yBzq7nUBV99ankkp7O46elZikHVB5BvqHcr2Lzetlc=,ra6TLz6Y37OSFOqg4aCvjV7nalatCwZdQvoJRMwSNvk=,explore,Local playlist more,local-library,1
LThaiVqGGnVTPmTcmwN/LLo4fVb5dzkduzd7s1SgzIA=,7Xxzo9Z584Z1AhkaLLWEcpzcEuxcquGE52Ztc4879YI=,my library,Local playlist more,local-library,1
5pr+x566HOsYLEv4ouZ5cEHFFwBB74xaFbExdPGJ6b0=,6uCt0I6XmmXX7fta96XlZyxtSWXlTa2ZviRbxnDUa/w=,my library,Radio,song-based-playlist,1
rRUTKZAVxGBh5XRUk+Lk/b/gHcAOsbk1hiQiEfubDh4=,yLoN4bFNhNb3LXZ4EdnptePHtj3Ztmrw/p13qGn3GTw=,explore,Local playlist more,radio,1
5LGtbWKwKifap3ECM6HO04gPY339RM0oF7D/MfWzUxg=,cwzdOoAlwP2AgUSgePv+UwafMqm7v7gJeFARD3rw7gA=,my library,Discover Feature,song,0
y3IT85vrzY2iBxFg6nsh4Cmg+mV3oqR73TPekK7x1Rc=,ajjUpdQjWCwzCHNd6C0hB3Fz8BIPGjSy6IT35+UWD1I=,discover,Local playlist more,song,1
MxCUQ6tAD7LU1yR0gwRck91ZKE88gY8kD/rX9Hi9srQ=,eSerI0GiRKmKVwhbY05QQi6DSRrCz4/vhiyvipqURDk=,my library,My library,local-library,0
Mn98O4X/zceMt9nswcoq08F16ciCqhuN7lQ951MAL2o=,vLvRGCAj8JzTLygSB20eqIL6hSTzE7gf4hyYAguZp0k=,radio,Explore,song,0
UhqjLSMwLYzjZFDyYQF6A33phr0tPNXyu7+I08q/u8g=,tB7WW8fbj7VdrPYInjSGBfslYr2DKNIeeFKQsqqMZvc=,my library,Discover Feature,song-based-playlist,1
6aH1YAi5YwvZUHtpjEaMQwM0p4wP4XLrkWQSdXDF9L8=,x0AQuGp6SHvaD/fLkk+6JzAp6zOUgd30Tx4oL3YBz5Y=,search,Discover Feature,radio,1
SWoa4UvhuutHxhcRAxlfTc6Jr1j5tGw9cp3Kiq+ayKM=,x6u5YRNWfWRwBSupKIjHonX/pAAr4HtXW4ZUIh7/iPo=,search,Radio,song-based-playlist,1
SWoa4UvhuutHxhcRAxlfTc6Jr1j5tGw9cp3Kiq+ayKM=,O+azAuxxhTE27OXm23raLUOTey/RS3+sceZDO2iFXys=,search,Discover Feature,song-based-playlist,0
Xbrr2Sbq8NuLG+1QZWm/Iu5P52fUTvgspCYNG8wmfPQ=,shYcSF/8MpYMxMzLfRznBZjwoQIvd+RUH06UamCj8ks=,discover,Local playlist more,radio,1
8ncKS6kWM+oSslEfrPcRMcHq5VVQqBcbWoQ0FHlDgPA=,GFWjz4apE8zMiXe6wc0qCjr+DbK9BFkwo/rr+FsNm+g=,search,Radio,local-library,1
2LbejuZF550yFLDXLIBw3gd/c462BIJ+S/SOwneSXUM=,y/rsZ9DC7FwK5F2PK2D5mj+aOBUJAjuu3dZ14NgE0vM=,explore,Explore,song,0
HfVrxfpxOJuQ4FofEFxdlwm9yvaoy8y0JOH3GaQ/RTs=,35dx60z4m4+Lg+qIS0l2A8vspbthqnpTylWUu51jW+4=,my library,Explore,song-based-playlist,1
yBXKYfcmQ+TtIEvkLQXabAY2uwudIGn21dEZYAwCDCg=,Bmj+IwjGGnbUyQ02jJpz5K+2vmxCOKfBqVd7ypu6OLo=,my library,My library,radio,1
n5v6IqRk4CZnELtP0Z2et7EZrdPicfyhvD2gIdq1Mcc=,4brTUuIjK24sVlWzSLLL33b3JbwhNVfaDo7vvBt9FCQ=,explore,My library,song-based-playlist,0
EBXSMA3gzTff0F01n56dHSBQR/IDWiwuw5S+ksPgTc0=,WRuHbl8CJbAuzUb4f/88Ly6IXif+IVVWolkp33Nm8wI=,search,Discover Feature,radio,1
Tb5tCteFbk+G5Jyvq9SqD1eAzgZ98WR/xOCvvjkNCog=,LBnwicJLcepb/l8c68qpMRJIaUcm1UvgtKEfQwITrpI=,radio,Local playlist more,radio,0
hOyJGmY7tciqGf1EhDj5UT86IfSSnaTHP5JWAPxYN6s=,HbqkjwnnIt6BtfmvVyXTdPHAsFCYxU74sv8+s1lfIwE=,search,Discover Feature,song-based-playlist,1
zYTm2T59lT+Z/hpoywdET+EGMcRhwi4rzL7WD09iRC0=,/vRMwxfCQC55cFGMLtxZlAqhDFW/aPQMGdkRnykeWyc=,search,Explore,local-library,0
TxneOykZ/MOIbQmA/aJ4EUQUIR9r+Egt6TNQu0WgwpA=,msJWKceAKkJe5FJDUUpnHBL8qS3QQUC2faxjiJrEw5w=,my library,Explore,radio,0
qn0aqqC8dcshYsmcFmFYJtebwjMp6kLr8yanC5QC79o=,B2jGIdcFp/C/jeFaJdOwrw72q0kEetFFo+fReLkd6o0=,radio,Radio,local-library,0
UhqjLSMwLYzjZFDyYQF6A33phr0tPNXyu7+I08q/u8g=,yLoN4bFNhNb3LXZ4EdnptePHtj3Ztmrw/p13qGn3GTw=,my library,Radio,song,0
HfVrxfpxOJuQ4FofEFxdlwm9yvaoy8y0JOH3GaQ/RTs=,Sb2AlcokNNB8/NfoJjK+C/N5lmET1mY6HAd781MxQy0=,my library,My library,song-based-playlist,1
7xiBI5xU3P2/IiR9teB7jySfzWo96JGikGajteLd3Cs=,i356q8t0P9emMJq8PsFkY6CGoi34mP3cgXuDpfEDyhY=,radio,My library,song-based-playlist,1
LThaiVqGGnVTPmTcmwN/LLo4fVb5dzkduzd7s1SgzIA=,QjRlzbxmVxusW6CP2Xr8GjX3BnPitUMFBxCWxd/5AKY=,radio,Discover Feature,online-playlist,1
MxCUQ6tAD7LU1yR0gwRck91ZKE88gY8kD/rX9Hi9srQ=,HsgJXv1C7iVZiP7CWwWTfsmMhia6Huc0MUccfj+D02o=,search,Discover Feature,song,0
qd03y2Hs/0xCA/dPExadbY5XQdTHOcli3h8w4KTwhZ4=,IKMFuL0f5Y8c63Hg9BXkeNJjE0z8yf3gMt/tOxF4QNE=,radio,My library,song-based-playlist,0
Xbrr2Sbq8NuLG+1QZWm/Iu5P52fUTvgspCYNG8wmfPQ=,cVHsClcaUfj3ZPoqihH1Rd6ZSaDpa6UbdMDcyx8FfVU=,radio,Local playlist more,song-based-playlist,1
V39VxDdE9SgMQZnX58oQChm9W056pw2lC3TiifMfkKw=,8qWeDv6RTv+hYJxW94e7n6HBzHPGPEZW9FuGhj6pPhQ=,search,Local playlist more,radio,0
HVcWdf8CEo9s6qwt5V7TpoPYJfRlQSTA6b7kxEAImpc=,uaU3VI7KA2xoQkGkSC4NNOMFmHL9R85kdR7eyY5Pc9M=,discover,My library,local-library,1
lSkUSnCm60kDLdEsnAVp6jwr2HkyIhDCEZLX82djjHg=,DLBDZhOoW7zd7GBV99bi92ZXYUS26lzV+jJKbHshP5c=,radio,Explore,radio,1
o+5RNlSWrzvrphgBNGIo1FLkGxBgyICns6qXj3nS7Pk=,cy10N2j2sdY/X4BDUcMu2Iumfz7pV3tqE5iEaup2yGI=,explore,My library,song,1
uhEkft9Ht4TsUF5wBkmmZbtbaIVESVfiUnMlxHYl0HI=,i356q8t0P9emMJq8PsFkY6CGoi34mP3cgXuDpfEDyhY=,my library,My library,song,0
P3tJU/DjIEbh0ucnC1KT8wojenDDSwx+blB8pFp/KeE=,Ce8Mui+yVruumWy9pKMDfSRBFg1m93m/+XR8FHlktaE=,radio,Explore,online-playlist,1
TxvdtN1Ehq4kbgU5J7lw+ik6Pc0NZjnQKARPiCCf0fk=,JiHWUXkERiCPai7GKXVal+Cns8SWC8Ft0+5NKSQdbfU=,explore,My library,online-playlist,1
SyBjgDUF6aV+1d17oV4XPDBkJLU//LAOwWdYh4DAUiU=,A0t3F/l/3A5UvyPnNQNkrwJuW4vH7f/ttZZ9ud7eWx8=,search,Discover Feature,song,0
MxCUQ6tAD7LU1yR0gwRck91ZKE88gY8kD/rX9Hi9srQ=,rqNd52MxQ+okfR61j2c7u36DLODO4d2Zt/hMm3jxncM=,my library,Explore,radio,1
rRUTKZAVxGBh5XRUk+Lk/b/gHcAOsbk1hiQiEfubDh4=,6uCt0I6XmmXX7fta96XlZyxtSWXlTa2ZviRbxnDUa/w=,explore,My library,radio,1
0gR6Hl63ExurTrvY9uEfmgDDgRj0nBaIse0DU199YT8=,nW7czLK5LBcCT/uAo+03SyWAbaEEaSnXI5uxhC7QiBM=,explore,Radio,song-based-playlist,0
J/KdXo5kGQs+dRxYam3/tZlwhl7ZX+sYvvCdjg8Tqzg=,plcKSDtGLCbnZbKxbsASN8Lz+EtSEkRW5WJ8eA8UA8g=,my library,Discover Feature,local-library,1
Tb5tCteFbk+G5Jyvq9SqD1eAzgZ98WR/xOCvvjkNCog=,zQ42nV6yi4mJlCn/6KEjm+SP6pEwUsd3P9fpI8tDiWE=,search,My library,online-playlist,1
Ty59+gs+lfVbfm1T/SDqLmbFhtkAP4Mm75uYiaKZ6kk=,6uCt0I6XmmXX7fta96XlZyxtSWXlTa2ZviRbxnDUa/w=,discover,Local playlist more,song-based-playlist,1
8tSgHKzljg7TyPLYrU9L7CgHIdShVvyV/d6PccMRzhw=,cR+VrCdZkNm/QM0WjQQip9AnOrT/auRDZboM1KpevS4=,my library,My library,song-based-playlist,0
+Y+wTRRkZ0QA3bV4+7nwu8qlN5Kb7ygMhqvB5L929YI=,oTGg75yjTAP0grXmGld3EUD0b/b9u7lW2JyUX/mBiXI=,search,My library,online-playlist,1
PC0HTwpYB4UtDaA1s7qlkmktEzeiz57VXvIJijk6ChQ=,msy6vSQ15p6RVJfm/bSgcDwd3YSLp445Pdhzw6CEZRM=,my library,Discover Feature,song-based-playlist,0
6aH1YAi5YwvZUHtpjEaMQwM0p4wP4XLrkWQSdXDF9L8=,BxDBwZ9N4vb18iY72TA2T1VROqz00TpBvOVeefkm9KM=,my library,My library,online-playlist,0
hOyJGmY7tciqGf1EhDj5UT86IfSSnaTHP5JWAPxYN6s=,rFLawM8j/vW78o/S3P2GTsmy6HwkTI15P7NF/i9CkX4=,explore,Explore,local-library,1
uA7h005WTDJTwS1Tv1uzmWcWTpt/7x7Xx8JydbeMi2U=,jHMqK5wu5C0txl0QCxpkSM1xbIev60ii+dc99LXu8EI=,discover,Discover Feature,online-playlist,0
mGDObQQojFOJfK2rJKcme282huuk0qDxBzWL22/qYbc=,TbrfWJpl81E4alsi2+b84oeUu+b5S/8n9yFlZDriNYs=,radio,Local playlist more,radio,0
V8pNUizcKwTRuSQAtzXJBAJ7B8cyf0EegXkljvIvFqo=,i7p594HsKb4cYynsE1a80PmSBL9bFI2dmBu16bwdke4=,search,Discover Feature,local-library,0
mGDObQQojFOJfK2rJKcme282huuk0qDxBzWL22/qYbc=,jceXeAoNeYd3hRvbWRdqCUinjutJgWRyvPezTymyvTc=,my library,My library,local-library,1
UhqjLSMwLYzjZFDyYQF6A33phr0tPNXyu7+I08q/u8g=,LnbFBEyneTI7mID7Pw+s14Kf3o73LucRxwS3Wpfjsf4=,my library,Local playlist more,song,1
YU6fAgCFgPkaJ1YSW2838KzGTxmBCfgousTO8jwuHYM=,yL8VeuH6lYFA4hYVGX/1HmPogBfp1Ex4ZkL5PjWy11k=,discover,Local playlist more,song,0
/2A361q3cuoEFZ0FoMEWj8SIVRJyPpHZQ5ni6Oud88M=,OakhL7CLirelAGEP9sYyP6fmTa8HV1mD/qVdpM6o5uE=,search,Discover Feature,song,0
16pGH8W1JKJTrQSZDX3gQY57S3FiO4YJheGRiYbONsU=,jRzcNOC0WGSfwQmr9ZP5mxiPYxAdkGrPFGc0GvS1dOs=,search,My library,song-based-playlist,0
rRUTKZAVxGBh5XRUk+Lk/b/gHcAOsbk1hiQiEfubDh4=,UXK+xHZe1REiVRlOMS5gvqeUY+kLbVyiEdJRTLYoZkk=,search,Discover Feature,online-playlist,1
vBNHobQRQsofef7+9NZk4C6Y6T2PBXSGXUbn6c8UOcg=,+cP03fE+hnJUB/v2PHLsD9UHBjmDIYvbuX+NrFqeudI=,explore,Explore,song-based-playlist,1
J/KdXo5kGQs+dRxYam3/tZlwhl7ZX+sYvvCdjg8Tqzg=,jceXeAoNeYd3hRvbWRdqCUinjutJgWRyvPezTymyvTc=,radio,Explore,online-playlist,1
UjuPJCQo/YoGVR/yJ+CocmWUk2czJE0BBKqaPpVYV64=,BwDDym6Tp7EnGudWBGJyjONZeX0/4ndu5PETiPWzav8=,my library,My library,song-based-playlist,0
WRwcfUKwDVQ46cylDQ1Tf8ayTojVYeh/00m0ubVNxQo=,i356q8t0P9emMJq8PsFkY6CGoi34mP3cgXuDpfEDyhY=,explore,Local playlist more,song,0
BqnomjS+KJtzWrGRkqLEoO3I7KapwN4B8H9in4Fsf+I=,HRg8zzy3PcS4sBcZIFOcUL4uCqg7SurUslUQyF2op+o=,explore,Radio,online-playlist,0
gNqpBxDbTlhvjHhGUzkOXI7uwdcMfsUjThCFibPphkQ=,AyU+NHMfkl3i4KQlaVcu2Y5w4JS+yMgNapvCrDuQtmY=,explore,Radio,online-playlist,1
H5DWyI7bujtol5aU1pzvLdfBAs45Ym/5jicdUlerf2s=,msJWKceAKkJe5FJDUUpnHBL8qS3QQUC2faxjiJrEw5w=,my library,My library,radio,0
wobMEyGx2iCkFu27/HPRJIky3S8tO/rS8Rr+tsvEe0k=,JRa3KgSwWDyY17usXoi6jN8O6v6t6Tq4xcwjbUkbQFQ=,discover,Discover Feature,radio,1
UGX+2jh3WO5XRuVOPuPCiIetzHlBjh0DPOLPeJSe36E=,Rerp71vL127G1162T5Bwgk3D6r/ZtiXDfWvYz+3ljhE=,radio,My library,online-playlist,1
VE8ZRudqIj9zHOSXxGg3cLOBkbykv78DwWN6IXRusWo=,reXuGcEWDDCnL0K3Th//3DFG4S1ACSpJMzA+CFipo1g=,my library,Explore,online-playlist,1
0gR6Hl63ExurTrvY9uEfmgDDgRj0nBaIse0DU199YT8=,uaU3VI7KA2xoQkGkSC4NNOMFmHL9R85kdR7eyY5Pc9M=,search,Radio,song-based-playlist,1
YQiox2a4tbRbNBaL+VfOLH8oea77HPJMPWRh8euXZqM=,JP0GJixHOHSNDsjKiQY2ttQKbDmWSk35JMMfPtR06BM=,explore,Radio,song,0
w4SNbHDAMuMbulkgcHGYOl/datijVua3CR5D73DylLs=,v/3onppBGoSpGsWb8iaCIO8eX5+iacbH5a4ZUhT7N54=,discover,Discover Feature,local-library,1
Tb5tCteFbk+G5Jyvq9SqD1eAzgZ98WR/xOCvvjkNCog=,jZVQRajq2WbbIoSiF5MSCyJKgTt7tpITHayD3PYKg88=,explore,Discover Feature,song,0
4DlS5LiANEKlMTQD08dakyV1JWwPYI/n1wyjx4ImjPc=,1GI0GC3w9c0tDD2s0qP15DxrLUs9JX9XW6fKbY0rBZ8=,search,My library,local-library,1
A6DJoTdyfFVxhngH62vlscx6pJsakhdeNs2vDEVTfH0=,PgRtmmESVNtWjoZHO5a1r21vIz9sVZmcJJpFCbRa1LI=,explore,Discover Feature,radio,1
H/MB+uttGlGIMr7qru4HYG4dVbh0e1mBuoryBOKz/RU=,cQI8Uzy06tt/XJ59vDlifTQTl2qOiTFBkf5yVCUNoyg=,radio,Radio,local-library,1
H/MB+uttGlGIMr7qru4HYG4dVbh0e1mBuoryBOKz/RU=,ze0+7p13wqB1hZ/KWd6OT42LBehKmYVQyGGzEv8Q4fA=,search,Local playlist more,song,1
YYdQJgjemCT/fAv8s+CwfmgDprAQOneJ2M2SdArq9V4=,kge3dyGXCTqgUbHpFPB0x8gy+cPAamtArhr4sghdRH0=,explore,Local playlist more,local-library,1
lq5Q5jIo2pNtn/bTBZy8e07jc4qcIhLI7PXeieo/EgI=,a4TbK5V15pj3YZUOGa9h2U3t0OsE+3aiFw41mNlcgcw=,radio,Radio,online-playlist,1
mDJCU+fKu/mbdk9l4SmPYiJwpeMyK44o9wmG1X3735A=,eqxzfyc6kVOcYTDo7GCguRsfLEplxdlJ+umjJsB8gdY=,explore,Explore,local-library,0
YU6fAgCFgPkaJ1YSW2838KzGTxmBCfgousTO8jwuHYM=,w4Zku7HxtkAKl/BB8H81ZfWOXwnnmVbZBvFZeRPuRUU=,explore,Local playlist more,local-library,1
Mn98O4X/zceMt9nswcoq08F16ciCqhuN7lQ951MAL2o=,PgRtmmESVNtWjoZHO5a1r21vIz9sVZmcJJpFCbRa1LI=,explore,Radio,local-library,1
4MSFgArmrrq1abQEeuHkmNQjEkqn5r/Z6/LNObSm3xc=,opfHqJ0Oz4KsSqM5/TqBERkLI9DFnMD0Jywzh7XSE6Y=,radio,Discover Feature,radio,1
/mmecbnAd2Jrji3aonisktBko1/o+F68GqpV8X4gHiI=,B4o9XjQJPJGGJr63sxzS4LUoQOrNhyVU1DersrYXRlI=,search,Discover Feature,song-based-playlist,1
wobMEyGx2iCkFu27/HPRJIky3S8tO/rS8Rr+tsvEe0k=,cVHsClcaUfj3ZPoqihH1Rd6ZSaDpa6UbdMDcyx8FfVU=,explore,Discover Feature,online-playlist,1
EDSn8rAs8qjUvqhhFG5diTbaVbJi8qkoKXeMzf2JGVQ=,1UHqpOyecqH+8NytyogNdQz/2zUDpmHzUF5lgH1gvyw=,explore,Explore,song,1
HVcWdf8CEo9s6qwt5V7TpoPYJfRlQSTA6b7kxEAImpc=,d9Flpsyq/y8CR3F213pnXUkrfK1fMClvhYH37pFSc7s=,search,Discover Feature,radio,1
rRUTKZAVxGBh5XRUk+Lk/b/gHcAOsbk1hiQiEfubDh4=,bG9ptdK+Pb7m4ozflF/RjUqbG/uo5ipgAo1ffT8mnfU=,my library,Discover Feature,online-playlist,1
HdnZZ4P0Vjxo2tgTvO1rsT/H3NkG7jvfrnCuF7TBK0A=,IKMFuL0f5Y8c63Hg9BXkeNJjE0z8yf3gMt/tOxF4QNE=,my library,Radio,local-library,1
n7V1D5AuwLykWxCzsU1eNPSyxVbrSXs6IXiWF2zN0gY=,Hum12fv82coQWytuQUP8K0cHEdJ9zz10RrGjsGqmDpw=,radio,Local playlist more,song,0
zYTm2T59lT+Z/hpoywdET+EGMcRhwi4rzL7WD09iRC0=,Ot8WIXZXzvgZeZoCwcimfORgLbZJJdslmuvO1ufZB7k=,discover,Explore,local-library,1
Mn98O4X/zceMt9nswcoq08F16ciCqhuN7lQ951MAL2o=,R0OblQ0po9uQ3LqOiECHcoyAupHbLkslFkvX52Ukhek=,search,Local playlist more,radio,1
4DlS5LiANEKlMTQD08dakyV1JWwPYI/n1wyjx4ImjPc=,pkKADcjPLFdP9kX40L8dlmbLWkgUTqUB0LhurVLSTME=,explore,Radio,local-library,1
n5v6IqRk4CZnELtP0Z2et7EZrdPicfyhvD2gIdq1Mcc=,WDhQhhbq+bwhBY642Fx3e5eGBdvqzzXmwiouCaVI0R0=,radio,Local playlist more,song,1
Z56mxjHqnR1FK1d5gkf5ARTxwZF8h0HPI+rHFGRrMHo=,msy6vSQ15p6RVJfm/bSgcDwd3YSLp445Pdhzw6CEZRM=,my library,Local playlist more,song-based-playlist,1
P3tJU/DjIEbh0ucnC1KT8wojenDDSwx+blB8pFp/KeE=,XlkjAJe0dfNZGVXs98X/tteFpStvXboU0MegqWJt36U=,radio,Radio,online-playlist,0
6aH1YAi5YwvZUHtpjEaMQwM0p4wP4XLrkWQSdXDF9L8=,DH9SXL888u6VtOCkF/nqFbmtHlEkYgh9atVYPHfSfo4=,radio,Discover Feature,online-playlist,1
a6uMxhS43vQ++TrVP3jdHT4lFfjw61SlIsCkvigQ5ro=,eBme/h4Z4eP7BZY3tifu5Lr/dRB9NQJVIl36jZ5DZGQ=,discover,Local playlist more,radio,0
tNvUsQwOJX5OgGsBBN9to3vI+DoUc6S1BFgNXUaYoo0=,nW7czLK5LBcCT/uAo+03SyWAbaEEaSnXI5uxhC7QiBM=,discover,My library,radio,0
AXKTVBbdr2/z7m5WL1IXzlriNbun8B+7wM41MsWCYDw=,Wn5ltxI7NsFk4xGFHOFXv2ajWU9HmuEgDF+xs1EJpFo=,search,Local playlist more,online-playlist,1
MXIMDXO0j3UpaT7FvOSGW6Y5zfhlh+xYjTqGoUdMzEE=,PWxngjBL3gt2KhdKy8MwEYTgAw/lkL9F/lqqjciktFk=,my library,Radio,online-playlist,0
rdNI0wgxmcsOgjH0akX2/zzW8qbDZc45D681Mpq45jI=,2Y7NstzrTnCFlRel5m80hPDe9471QRU9oyqPIx1xIP0=,explore,Radio,local-library,1
uA7h005WTDJTwS1Tv1uzmWcWTpt/7x7Xx8JydbeMi2U=,d2k4F/IYpmudgfCxsRAXVHBdYHPfcWmhCYmjdXxigLE=,discover,Explore,online-playlist,1
tnBf+t14y3vlNshUe1XQbIWYtTBMBYmVXIMWdNVRv/o=,FaTUlIiCh/6sEOasPm1vgIk9XqavgSGgRGYuOkzTF0o=,discover,Radio,radio,1
KsjbiO2iw8TpMfu+9Bf2p8GI57Q53lsHXy1xWIMKH/E=,7Xxzo9Z584Z1AhkaLLWEcpzcEuxcquGE52Ztc4879YI=,search,Explore,song,1
mGDObQQojFOJfK2rJKcme282huuk0qDxBzWL22/qYbc=,5TKFWT9ivwAJiqRWz5apDsePXcJZ2b1RA/1gxTm6XoQ=,search,Explore,song,0
w4SNbHDAMuMbulkgcHGYOl/datijVua3CR5D73DylLs=,q5/Vwifgv0SGdEIyiMU2F0pIXkeCIW3w2xB8n4iMoS0=,explore,Radio,radio,1
TO253iXvHroemKYZ23M7YL7uu6Um4zEwByNl4wcpIYs=,/RYwZD+IL/0YEgpu71HgW9q6c2A80gr/fC/j0BmYGvo=,explore,Discover Feature,song,1
hzy7RwzEVDm4JmC0X2qLUvnoE1+2zNTEea4fOe/o6ms=,Zks8Is+xdBwLuMg0lYynAU4FanLNf/tyuZ8d7IEvY9c=,my library,Explore,radio,1
2yBzq7nUBV99ankkp7O46elZikHVB5BvqHcr2Lzetlc=,Ot8WIXZXzvgZeZoCwcimfORgLbZJJdslmuvO1ufZB7k=,discover,My library,online-playlist,1
FaH6rl69OOVwbsO30jjdjVXD9wJO8pcVZS6LGy5zTJM=,9zVQUtq/Uzlxk3X7BwI28CSY7FomzpmtsRc8f2bRyJE=,my library,Local playlist more,online-playlist,1
FaH6rl69OOVwbsO30jjdjVXD9wJO8pcVZS6LGy5zTJM=,Bmj+IwjGGnbUyQ02jJpz5K+2vmxCOKfBqVd7ypu6OLo=,radio,Radio,radio,1
P3tJU/DjIEbh0ucnC1KT8wojenDDSwx+blB8pFp/KeE=,W+akwEPQhC1OugUaQlo0DR9xVs49UbJDZbiGvgN6ZyY=,search,Explore,online-playlist,1
3i0jlUKhqqUKqFsoJVgN2UcDOuri7fCiE33XUCnKHXo=,A8VVQOKrMDk0G8oU6z8qJ5Ggs5DneqlCpdoiKqKYIfY=,explore,Local playlist more,song,1
SZ5NNypqaTWljFO1HiVZwkw3713+rM9x/JNdJd8/fzc=,338YQI2OhQDjVCbuAJ2t0PQtzDG8KRSFdB69kiwt3CM=,discover,Discover Feature,local-library,0
x+k/zTEqdgYq6O+r1iDjKRaQnaCS5118gzBe8c12r1Y=,750RprmFfLV0bymtDH88g24pLZGVi5VpBAI300P6UOA=,discover,Explore,local-library,1
crUeQ6DYDHHRNYmn+n5Kodfvu9ki0IdHfXHNlZEUPHs=,pHaz1pjrzfa+p9u7Ga2ngsEhHUyUgT1Npouo+nP6e8s=,explore,Discover Feature,radio,1
FGtllVqz18RPiwJj/edr2gV78zirAiY/9SmYvia+kCg=,x6u5YRNWfWRwBSupKIjHonX/pAAr4HtXW4ZUIh7/iPo=,radio,My library,local-library,0
LThaiVqGGnVTPmTcmwN/LLo4fVb5dzkduzd7s1SgzIA=,LnbFBEyneTI7mID7Pw+s14Kf3o73LucRxwS3Wpfjsf4=,discover,Explore,local-library,0
tiYOcOjJ0qgAJDL3hTboZye11uT8tBbNTscBDWxCWLw=,wH3O5bbWPKwaed4dTZHBx//gQ5BzAjdnyaHM8hozEiY=,radio,My library,online-playlist,0
UhqjLSMwLYzjZFDyYQF6A33phr0tPNXyu7+I08q/u8g=,7sD/47OK7UjsdmBjtLCUTIdX9Df8TjpHyOOeA0Koxy8=,my library,Explore,local-library,0
ZIThPCdbFdxx0T+qKaAnQprzkTcoMTJL66Of3nlFGLA=,L6w2d0w84FjTvFr+BhMfgu7dZAsGiOqUGmvvxIG3gvQ=,radio,Local playlist more,online-playlist,1
mrjKYVskMUAksvPgRky/E2g/TiPdbpH1j5CCOzAC5RU=,22wN6a2Q/qVQosA8OBfVg6AbwvI2KJnZ35DXLqpLHJg=,my library,Radio,radio,1
uCDJmSDTzA5PpnYGqKvNmFbwBIoS3jIXFbO5YfoCv/Y=,7EnDBkQYJpipCyRd9JBsug4iKnfAunUXc14/96cNotg=,discover,Radio,online-playlist,1
R7AyK9ZUi5d21sCDumgghXW+TNacd/qN0dNMa0C22pA=,+Sm75wnBf/sjm/QMUAFx8N+Ae04kWCXGlgH50tTeM6c=,discover,Discover Feature,song-based-playlist,1
O3ElkgfVd3DoJysnWAIgIPF4N3Y9LPmlm+aC5G+UXGY=,yciKx3VagNk6RuCqe0KbTbwl+cWXKVYWAeI8UFe9Dfw=,my library,My library,local-library,0
+3RfkckBHS0oQrrjJj7p69bdwJak+qzKq0fhFaeXUxA=,g9qhCRIaFUnq4Z9HJcFQWHWRstWhK4NoB2sRPoD9iuc=,my library,Radio,song,1
H1D92jYJ3GyJWLmt3ZAE3QgxgfCCit8WTsT7+KwS+vw=,338YQI2OhQDjVCbuAJ2t0PQtzDG8KRSFdB69kiwt3CM=,search,My library,radio,0
FGtllVqz18RPiwJj/edr2gV78zirAiY/9SmYvia+kCg=,7sD/47OK7UjsdmBjtLCUTIdX9Df8TjpHyOOeA0Koxy8=,search,Discover Feature,song,0
16fsOt7imefLSFsV7mWoP1AL+bpjP1NuWzQ5QP9tj8k=,fCCmIa0Y5m+MCGbQga31MOLTIqi7ddgXvkjFPmfslGw=,discover,My library,song,1
Ty59+gs+lfVbfm1T/SDqLmbFhtkAP4Mm75uYiaKZ6kk=,JP0GJixHOHSNDsjKiQY2ttQKbDmWSk35JMMfPtR06BM=,explore,My library,local-library,1
Mue3orxlJaHmK07bXWDrchFW1f/Or6TLVfMwx9fO9aA=,GKgBgCnz9R8OWDdGeYgQS0TPHe8no8VWvxj4+4PSjao=,explore,My library,song,0
wobMEyGx2iCkFu27/HPRJIky3S8tO/rS8Rr+tsvEe0k=,Rerp71vL127G1162T5Bwgk3D6r/ZtiXDfWvYz+3ljhE=,discover,Local playlist more,online-playlist,0
n5v6IqRk4CZnELtP0Z2et7EZrdPicfyhvD2gIdq1Mcc=,7Xxzo9Z584Z1AhkaLLWEcpzcEuxcquGE52Ztc4879YI=,discover,Local playlist more,song,0
crUeQ6DYDHHRNYmn+n5Kodfvu9ki0IdHfXHNlZEUPHs=,GAWjH9Uns87Q1pcQTJZo+PaiJIsUj3DEWjtGqyMUZm4=,discover,My library,online-playlist,0
TDHfjwkLrnoorqjTUFtlzSL47Yl1oEBpHM8k7qHrIdI=,9YRkIrpN2f9PtHpeYsE03vYy9X7RpIR9XmGtxuyO5iY=,my library,Local playlist more,online-playlist,1
FG+WikEK8x1GZIB4E2keTq2SJX4bXjFjG5gkjc8qbcw=,BITuBuNyXQydJcjDL2BUnCu4/IXaJg5IPOuycc/4dtY=,discover,My library,song,1
EBXSMA3gzTff0F01n56dHSBQR/IDWiwuw5S+ksPgTc0=,Zks8Is+xdBwLuMg0lYynAU4FanLNf/tyuZ8d7IEvY9c=,discover,My library,song-based-playlist,1
OOUnJuX4SteRhUdJZ9B2DqtfiwsfcZVBefEhXLeBsFg=,bFbleyVHx6Nr9tHMr4OybO2i3A4FS2Be0/62K2+FSpY=,discover,Explore,song-based-playlist,1
hzy7RwzEVDm4JmC0X2qLUvnoE1+2zNTEea4fOe/o6ms=,WJyW1Eqg3hXHl2+JB/qMSAQ/3VxqSNVvPniD/ReCo2I=,radio,My library,song,1
JoGt+PgRGKHAhTQnaRqQygBWdDwGE6gdPbeGiGP4/Lc=,W4gOC3iBXV97C05qyVDGIKAJg76BJcrzWPnLwkKK6kQ=,radio,My library,radio,1
NwX1NaVlyw0jvfQNxLTcx9ztIUKVL/sjkccdAmMpfCA=,DH9SXL888u6VtOCkF/nqFbmtHlEkYgh9atVYPHfSfo4=,search,Local playlist more,radio,0
rGbXmjKDOsBV9n2LJEPtx4GcJS00c7Bs9ZFo6icxVJM=,9YYrODwrXpDcCjOJypHROv3f5z40y11QlmgQjmzp2vQ=,discover,My library,song-based-playlist,1
sgT7F0PbR9/iCyzeSzcl//+E+fK3CeZmM1deeeJ5rZ8=,zx4aCmk+b/uPmvESsG8ekvi7qWmifSPNMXg1i8wyG8Q=,explore,Discover Feature,online-playlist,0
OOUnJuX4SteRhUdJZ9B2DqtfiwsfcZVBefEhXLeBsFg=,edlow+cUeR+1RqGQ87VV7D3gqMw0amQYGEZZDm+sm7Q=,my library,Explore,song-based-playlist,1
2+T8pswRgDmvZ6B4esKi3lWZyT4xqeVKmv19J0/y51w=,kge3dyGXCTqgUbHpFPB0x8gy+cPAamtArhr4sghdRH0=,radio,My library,song,1
KXS4mDTuweetiTTxgkbg8uohB20KUXvkXz6g4l3r40c=,wfSboJwFBF6YyVmGO0wCeRtMdrqwkOgwPHV+YmSUl5Y=,discover,Radio,song,1
EBXSMA3gzTff0F01n56dHSBQR/IDWiwuw5S+ksPgTc0=,KZ5hwP74wRO6kRapVIprwodtNdVD2EVD3hkZmmyXFPk=,explore,My library,radio,0
cqjRBV/jWN2ujhc+z/4tz+Mj6xEfflAAt6qBXCqxKvw=,4eWKqiadX4L+cYSy1VEcazqQDV1YxvYo1YHU5VR81pM=,my library,My library,song-based-playlist,0
KXS4mDTuweetiTTxgkbg8uohB20KUXvkXz6g4l3r40c=,opfHqJ0Oz4KsSqM5/TqBERkLI9DFnMD0Jywzh7XSE6Y=,discover,Explore,song,1
6aH1YAi5YwvZUHtpjEaMQwM0p4wP4XLrkWQSdXDF9L8=,XVAiWjCX02nhNZ8t4bKfJOsVU51bG0YJXuOUl00tTgY=,explore,My library,local-library,1
tNvUsQwOJX5OgGsBBN9to3vI+DoUc6S1BFgNXUaYoo0=,x+wwBWqNXLShElFWaLs1ahI15dN4cl4ShC1/Wm4PsH4=,radio,Explore,song,1
5pr+x566HOsYLEv4ouZ5cEHFFwBB74xaFbExdPGJ6b0=,HzCFc9gU/AuYNF1ld1ZlyeCpQvVLTonc8+ZrUAidmmY=,my library,Discover Feature,song,1
TxneOykZ/MOIbQmA/aJ4EUQUIR9r+Egt6TNQu0WgwpA=,Ru7n8Xw2s8LGDsgDhyzWqCWQRWQW9KNPY9qMOFAf5x0=,my library,Explore,song-based-playlist,1
JoGt+PgRGKHAhTQnaRqQygBWdDwGE6gdPbeGiGP4/Lc=,ih58jIWgit7qPy3VpvbM6E7AIvs57ylCHMVpIl1T+Io=,my library,My library,song-based-playlist,1
UGX+2jh3WO5XRuVOPuPCiIetzHlBjh0DPOLPeJSe36E=,BgqjNqzsyCpEGvxyUmktvHC8WO5+FQO/pQTaZ4broMU=,search,Radio,song-based-playlist,0
dO8vzPwqXvOjrPWDW++gVecwTNnzesp3zW1dtRc6KEk=,M0vkEMBlcbeVSWQQx/6FtXbJ57IiCw27TW8/vmSayk8=,my library,Local playlist more,local-library,1
hYJpPvGod6vy09TnlXdQe3Q0vlxju5u5Ruf8V2XkTio=,A0t3F/l/3A5UvyPnNQNkrwJuW4vH7f/ttZZ9ud7eWx8=,my library,Radio,song,1
z1IXxOkXP6uCWwFJLibRkXzU7USedggSWIfGJl/HFQg=,6HofPS0v2MVFsL10yCN7dXUL+gUOnvsD35vx3HmRbdE=,search,My library,song-based-playlist,0
E23IyF1NtT7IeesuDuHWR6g/yMpWrq3cN3U4qTjXE0A=,nW60n6qAGoytY/yX4w0r1IT462C9Xs/ZxbV6MLDSpUk=,discover,Local playlist more,song-based-playlist,1
tiYOcOjJ0qgAJDL3hTboZye11uT8tBbNTscBDWxCWLw=,GIDL+PW6bG3ZeBgOby6JNIQn82kPQ+MZjIybnyI3D6M=,discover,Radio,radio,0
T+FJrpYi77CWTUE5nO/vliojRaTPgt2bRUQHy5lhXrQ=,ayL6eLHKSrmX4smFi1KbGMYrWI9EwsiErGjWUJ9CTrQ=,my library,Local playlist more,song-based-playlist,1
TO253iXvHroemKYZ23M7YL7uu6Um4zEwByNl4wcpIYs=,fEAIgFRWmhXmo6m3ukQeqRksZCcO/7CjkqNckRHiVQo=,explore,Local playlist more,song-based-playlist,1
rGbXmjKDOsBV9n2LJEPtx4GcJS00c7Bs9ZFo6icxVJM=,8OsXpp32oqorzAN4NNkVouaV0I81ddPLZ8DxMRAGJdQ=,explore,My library,local-library,0
4aRFGkKzGUpqTbjojytAtRQNdx0egL02hjJhSqq0+NA=,A5cw2rib82lWjtNFr3bxQysyjPVpiYlgmnULDQ8X0BQ=,discover,My library,song-based-playlist,1
ocQB699RoI5sBlRUfv8tu++vqupI35/95l3U507jdpw=,OaEbZ6TJ1NePtNUeEgWsvFLeopkSln9WQu8PBR5B3+A=,search,Local playlist more,song,0
FGtllVqz18RPiwJj/edr2gV78zirAiY/9SmYvia+kCg=,fEAIgFRWmhXmo6m3ukQeqRksZCcO/7CjkqNckRHiVQo=,radio,Local playlist more,radio,0
pRHIP4XdwWx7YpREsLN4sD0gb2BUEbhKytDXlwUAO+k=,7sD/47OK7UjsdmBjtLCUTIdX9Df8TjpHyOOeA0Koxy8=,radio,Radio,local-library,0
OOETiYOFhuTowtgRUIiKommGv0eo6XUHLc1ofgwcJew=,MwZaD94L4Wl4APdJSVQF5JPt+xH6hb2KtWpFsjwYUlo=,discover,Discover Feature,song-based-playlist,1
16pGH8W1JKJTrQSZDX3gQY57S3FiO4YJheGRiYbONsU=,BxDBwZ9N4vb18iY72TA2T1VROqz00TpBvOVeefkm9KM=,explore,Discover Feature,online-playlist,0
LR9NLKme+aT6uoW3R5XlLu9gq7LQG6tt+bJTEPpcrGg=,GAWjH9Uns87Q1pcQTJZo+PaiJIsUj3DEWjtGqyMUZm4=,radio,Local playlist more,radio,1
dU4RbzpIRRd/EkA9Xncpy9CglzDBZp7nKMfdnfr3Aj8=,x0AQuGp6SHvaD/fLkk+6JzAp6zOUgd30Tx4oL3YBz5Y=,my library,Discover Feature,online-playlist,1
o+5RNlSWrzvrphgBNGIo1FLkGxBgyICns6qXj3nS7Pk=,XA08z3r0wdQvY3CE0lFDTd/MuAgD7b0XKZnCvo+ylKE=,radio,Explore,song-based-playlist,0
o+5RNlSWrzvrphgBNGIo1FLkGxBgyICns6qXj3nS7Pk=,opfHqJ0Oz4KsSqM5/TqBERkLI9DFnMD0Jywzh7XSE6Y=,radio,Local playlist more,radio,1
YYdQJgjemCT/fAv8s+CwfmgDprAQOneJ2M2SdArq9V4=,k8DZF0FFuy2GydI7mnH1tH50pFcEQMPYVD/A7Y/T0QI=,my library,Local playlist more,local-library,1
7xiBI5xU3P2/IiR9teB7jySfzWo96JGikGajteLd3Cs=,Wi0kjTBakpXIWBbaT++vmtjDSEo06lhfiVO4KMSF5jc=,radio,Explore,local-library,1
VE8ZRudqIj9zHOSXxGg3cLOBkbykv78DwWN6IXRusWo=,TbrfWJpl81E4alsi2+b84oeUu+b5S/8n9yFlZDriNYs=,explore,Explore,song-based-playlist,0
o6lVTGcU8lL0OI4fOMWc21THJHoOjqxxYlYACoyTN6g=,sgHKhG2d57U2o88razl9SyG1nuuMDf0J2BuDhzoI12Y=,discover,My library,online-playlist,0
fVZedYe9G51wW8jy3Ws7FuF5IKx7zxQYWvPAfCdIRJE=,c2bp6xlq7o3Pj6x95ddX67S/wGsP6qPN/8PqM1DL0a8=,search,Radio,song,1
8ncKS6kWM+oSslEfrPcRMcHq5VVQqBcbWoQ0FHlDgPA=,JP0GJixHOHSNDsjKiQY2ttQKbDmWSk35JMMfPtR06BM=,discover,My library,local-library,1
lq5Q5jIo2pNtn/bTBZy8e07jc4qcIhLI7PXeieo/EgI=,cR+VrCdZkNm/QM0WjQQip9AnOrT/auRDZboM1KpevS4=,explore,Local playlist more,song-based-playlist,0
+Y+wTRRkZ0QA3bV4+7nwu8qlN5Kb7ygMhqvB5L929YI=,8f/T4ohROj1wa25YHMItOW2/wJhRXZM0+T5/2p86COc=,discover,Discover Feature,song,1
OOETiYOFhuTowtgRUIiKommGv0eo6XUHLc1ofgwcJew=,2yDSviY+pVsksCfkmh9SyW1ulVkGtYFRpITn6jjCcCA=,explore,Explore,online-playlist,0
uA7h005WTDJTwS1Tv1uzmWcWTpt/7x7Xx8JydbeMi2U=,Zks8Is+xdBwLuMg0lYynAU4FanLNf/tyuZ8d7IEvY9c=,explore,Local playlist more,song-based-playlist,0
E23IyF1NtT7IeesuDuHWR6g/yMpWrq3cN3U4qTjXE0A=,yciKx3VagNk6RuCqe0KbTbwl+cWXKVYWAeI8UFe9Dfw=,discover,Explore,online-playlist,0
4tuTIArXO3WO8/zS9y2CC34ywEfChjAKUchlKW00DMM=,YpeEDiJw4nf+dGvwJJqGWlFsbJp2cRxhmB3vioPeU0E=,my library,My library,song-based-playlist,1
KXS4mDTuweetiTTxgkbg8uohB20KUXvkXz6g4l3r40c=,KQkL3RbSia9p7I5H9wrdEFmQZSJEZc64kpnzDUUEe84=,search,Explore,radio,1
8ncKS6kWM+oSslEfrPcRMcHq5VVQqBcbWoQ0FHlDgPA=,O+azAuxxhTE27OXm23raLUOTey/RS3+sceZDO2iFXys=,discover,Radio,radio,1
R7AyK9ZUi5d21sCDumgghXW+TNacd/qN0dNMa0C22pA=,a4TbK5V15pj3YZUOGa9h2U3t0OsE+3aiFw41mNlcgcw=,search,Explore,local-library,1
p9Lk74DKfVohPHjTvzHSVQ3lRaqW2ofcBolP45FJgiQ=,6uCt0I6XmmXX7fta96XlZyxtSWXlTa2ZviRbxnDUa/w=,my library,Local playlist more,online-playlist,0
FaH6rl69OOVwbsO30jjdjVXD9wJO8pcVZS6LGy5zTJM=,jHMqK5wu5C0txl0QCxpkSM1xbIev60ii+dc99LXu8EI=,my library,My library,local-library,1
UjuPJCQo/YoGVR/yJ+CocmWUk2czJE0BBKqaPpVYV64=,9Xxvd9J4SpEakcmoYTvt+ekTW15btrc+DKumBSTJZU0=,my library,Explore,song-based-playlist,0
uA7h005WTDJTwS1Tv1uzmWcWTpt/7x7Xx8JydbeMi2U=,J3iRhTSYqG12XgzsbOSJYdIFWZ39JaYoP3XSWM/pcHM=,explore,My library,local-library,0
O6cmcavFpTlX0oU/WxJrYGxLIvR22dVpHz/VJxylp8g=,8ZT1ADO1qNipe/T41z8XASvyZRgdBUL5oung7zV5am4=,discover,Local playlist more,local-library,1
VE8ZRudqIj9zHOSXxGg3cLOBkbykv78DwWN6IXRusWo=,oAfWzsEYsibZUgmlL8NNYoO0aB4gSyU2tfsQvQp+7f4=,my library,My library,local-library,1
sgT7F0PbR9/iCyzeSzcl//+E+fK3CeZmM1deeeJ5rZ8=,bTlSHgnwaBMIKHseTFHanJ3Zr4x82ybrGkexpnxDhTY=,search,Local playlist more,song-based-playlist,1
yBXKYfcmQ+TtIEvkLQXabAY2uwudIGn21dEZYAwCDCg=,+WZeyJdxSPcag6xHLPjJOfJoc1haKiC4j0BcbZHG5ig=,my library,Radio,song-based-playlist,1
OOUnJuX4SteRhUdJZ9B2DqtfiwsfcZVBefEhXLeBsFg=,+Sm75wnBf/sjm/QMUAFx8N+Ae04kWCXGlgH50tTeM6c=,my library,My library,song,0
O3ElkgfVd3DoJysnWAIgIPF4N3Y9LPmlm+aC5G+UXGY=,EL5DbsSvhAFtMBBoOjs4aipOjC3Xj4syX/l/wlK+kdM=,radio,Discover Feature,local-library,1
Wg1bSRX3JtJ9ElarOhpbEaV5pu9lgTeS33mARTV+Sl8=,nW7czLK5LBcCT/uAo+03SyWAbaEEaSnXI5uxhC7QiBM=,explore,Local playlist more,radio,0
TDHfjwkLrnoorqjTUFtlzSL47Yl1oEBpHM8k7qHrIdI=,SKRQpz3EM5UIxT2LCGzK5k0aYg4QtyHWtr0L/EK6By8=,discover,Radio,song-based-playlist,1
FaH6rl69OOVwbsO30jjdjVXD9wJO8pcVZS6LGy5zTJM=,i356q8t0P9emMJq8PsFkY6CGoi34mP3cgXuDpfEDyhY=,my library,Explore,local-library,1
O6cmcavFpTlX0oU/WxJrYGxLIvR22dVpHz/VJxylp8g=,uzU6ntNZT60j0CqFNXTpF6Oo8W3w5UwU/ANEODidW04=,search,Local playlist more,song,0
08sWvzS2VVyKAVQRi6z4gxGxRQ0YQM0BXsXdVEKuzSQ=,s84FxzZB6F3J6VOD21RuFLngqi6nMsKA4txNXn+pbK8=,explore,My library,local-library,1
cF/VJmBHwhcqdd016oPP1wXBdWSjxEHEzwlhEn4+/4A=,Rerp71vL127G1162T5Bwgk3D6r/ZtiXDfWvYz+3ljhE=,search,Explore,song-based-playlist,0
a89sofbsaFkpzn8/P10elgzbXDQokPTlsKc1uqi7Zco=,wBTWuHbjdjxnG1lQcbqnK4FddV24rUhuyrYLd9c/hmk=,search,Local playlist more,radio,0
baemFqI4x+fpHweCJQeb64jdSmOWUKkJuwK5BrgcsX0=,+yj1hcpU3QLGXS2iW9srqWCBV5NE73L9hHR3kbV2NQg=,explore,Local playlist more,song-based-playlist,1
YQiox2a4tbRbNBaL+VfOLH8oea77HPJMPWRh8euXZqM=,yL8VeuH6lYFA4hYVGX/1HmPogBfp1Ex4ZkL5PjWy11k=,my library,Discover Feature,radio,0
YU6fAgCFgPkaJ1YSW2838KzGTxmBCfgousTO8jwuHYM=,XUz4Z4wPPChz+OIwkwj7HJ8teIjW3rEMdEATM80rDxM=,radio,Discover Feature,song,1
TO253iXvHroemKYZ23M7YL7uu6Um4zEwByNl4wcpIYs=,KcQ4assZxaXsdizqxGjUSAY7CNc6+6hQzpVsjnWsShQ=,my library,Local playlist more,song-based-playlist,1
yBXKYfcmQ+TtIEvkLQXabAY2uwudIGn21dEZYAwCDCg=,pCf4HI+z4rQsY9FF79m+Sojnl207qtHqtOWU2VFW1ZE=,radio,Discover Feature,online-playlist,1
YYdQJgjemCT/fAv8s+CwfmgDprAQOneJ2M2SdArq9V4=,tB7WW8fbj7VdrPYInjSGBfslYr2DKNIeeFKQsqqMZvc=,search,Radio,song,0
PwnWgkloewAh6nr1MpRnSm6jbrltEb328ifDj7ccDZc=,8Ckw1wek5d6oEsNUoM4P5iag86TaEmyLwdtrckL0Re8=,radio,Local playlist more,radio,1
gNqpBxDbTlhvjHhGUzkOXI7uwdcMfsUjThCFibPphkQ=,p/yR06j/RQ2J6yGCFL0K+1R06OeG+eXcwxRgOHDo/Tk=,search,My library,radio,1
7xiBI5xU3P2/IiR9teB7jySfzWo96JGikGajteLd3Cs=,JgOfPnluwAsKhpdLQgbfoSHpaZ74zcWYPqhhvhmFAtY=,search,Explore,song,0
a3O5che4tB5RTo8XoApn10uQ+FpVjTNwJfNrrQyaMXk=,ze0+7p13wqB1hZ/KWd6OT42LBehKmYVQyGGzEv8Q4fA=,search,Explore,online-playlist,1
KGXNZ/H3VxvET/+rGxlrAe7Gpz2eKMXyuSg3xh8Ij1M=,KZ5hwP74wRO6kRapVIprwodtNdVD2EVD3hkZmmyXFPk=,search,Local playlist more,local-library,0
w4SNbHDAMuMbulkgcHGYOl/datijVua3CR5D73DylLs=,Zks8Is+xdBwLuMg0lYynAU4FanLNf/tyuZ8d7IEvY9c=,explore,My library,radio,1
LThaiVqGGnVTPmTcmwN/LLo4fVb5dzkduzd7s1SgzIA=,SHV52/0W8kZcf3uJZF9+ZP3S5vu2RO4WNGhZ8qQHulU=,discover,Explore,song-based-playlist,1
0ut67E6+04VZ9RDX1nJYPmPARhbgYbsjEKl7K4dpjDw=,uWREia5CNSoapbU9+BpqQxlSfntw1J/01HQGpVxFiM4=,discover,Explore,local-library,1
MxCUQ6tAD7LU1yR0gwRck91ZKE88gY8kD/rX9Hi9srQ=,43Qm2YzsP99P5wm37B1JIhezUcQ/1CDjYlQx6rBbz2U=,explore,Discover Feature,online-playlist,1
fVZedYe9G51wW8jy3Ws7FuF5IKx7zxQYWvPAfCdIRJE=,cR+VrCdZkNm/QM0WjQQip9AnOrT/auRDZboM1KpevS4=,radio,Local playlist more,song,1
a89sofbsaFkpzn8/P10elgzbXDQokPTlsKc1uqi7Zco=,Bmj+IwjGGnbUyQ02jJpz5K+2vmxCOKfBqVd7ypu6OLo=,my library,My library,radio,0
Z56mxjHqnR1FK1d5gkf5ARTxwZF8h0HPI+rHFGRrMHo=,dKsoBHe5cVhyQSU8CimXs4ysaAky4RNgBwIafHaLkik=,my library,Local playlist more,song,0
rEVqJ3NIxC9LSUZYOj1ft5VSAvFo3AxNu2k36hKKtWc=,KcQ4assZxaXsdizqxGjUSAY7CNc6+6hQzpVsjnWsShQ=,discover,Explore,radio,1
7xiBI5xU3P2/IiR9teB7jySfzWo96JGikGajteLd3Cs=,i356q8t0P9emMJq8PsFkY6CGoi34mP3cgXuDpfEDyhY=,radio,Explore,song-based-playlist,1
1d4acB2bhEZCFjSRwvO4ls8PrBtvNTlkcAcxYx8FcWE=,d2k4F/IYpmudgfCxsRAXVHBdYHPfcWmhCYmjdXxigLE=,explore,Explore,song-based-playlist,1
qd03y2Hs/0xCA/dPExadbY5XQdTHOcli3h8w4KTwhZ4=,O+azAuxxhTE27OXm23raLUOTey/RS3+sceZDO2iFXys=,radio,Explore,radio,1
MXIMDXO0j3UpaT7FvOSGW6Y5zfhlh+xYjTqGoUdMzEE=,v/3onppBGoSpGsWb8iaCIO8eX5+iacbH5a4ZUhT7N54=,discover,Explore,radio,1
OOUnJuX4SteRhUdJZ9B2DqtfiwsfcZVBefEhXLeBsFg=,yciKx3VagNk6RuCqe0KbTbwl+cWXKVYWAeI8UFe9Dfw=,explore,Radio,online-playlist,1
1wiu2UfN0BNhHfPTrDS3S/rQkX/vnwDoKH6ODTUdH9k=,WJyW1Eqg3hXHl2+JB/qMSAQ/3VxqSNVvPniD/ReCo2I=,discover,Explore,radio,1
dZNojW/n4mqxR6RSZt4CMeCnJzzxBYi6n9qQCKbghvE=,9Xxvd9J4SpEakcmoYTvt+ekTW15btrc+DKumBSTJZU0=,explore,Explore,song-based-playlist,0
O3ElkgfVd3DoJysnWAIgIPF4N3Y9LPmlm+aC5G+UXGY=,5Qh7YI03x2cbQFFv/e+faYhVpFAzjvnuE3YXkx2KgsQ=,search,My library,radio,0
0ut67E6+04VZ9RDX1nJYPmPARhbgYbsjEKl7K4dpjDw=,reXuGcEWDDCnL0K3Th//3DFG4S1ACSpJMzA+CFipo1g=,my library,Radio,song,1
lfK5QUAaa28niDIyQ2oGkSntvSe7G5EmQ1N6nvnE8lY=,+SstqMwhQPBQFTPBhLKPT642IiBDXzZFwlzsLl4cGXo=,my library,Local playlist more,radio,1
V39VxDdE9SgMQZnX58oQChm9W056pw2lC3TiifMfkKw=,v/3onppBGoSpGsWb8iaCIO8eX5+iacbH5a4ZUhT7N54=,explore,My library,song,1
pJxMd9PL/N7CdwTwKu3YqiqYSRAJHuejlrTonaPfPfU=,GFWjz4apE8zMiXe6wc0qCjr+DbK9BFkwo/rr+FsNm+g=,explore,Discover Feature,song,1
TxneOykZ/MOIbQmA/aJ4EUQUIR9r+Egt6TNQu0WgwpA=,SKRQpz3EM5UIxT2LCGzK5k0aYg4QtyHWtr0L/EK6By8=,radio,Local playlist more,radio,1
UjuPJCQo/YoGVR/yJ+CocmWUk2czJE0BBKqaPpVYV64=,o0kFgae9QtnYgRkVPqLJwa05zIhRlUjfF7O1tDw0ZDU=,search,Discover Feature,song-based-playlist,0
qljEWgpUDxIw7Lpc9mpZSYjpH+RmsE3T6s0x852lzRY=,u67UjhgKuy5EciXXCkJvpAYxT+l8agXUqFuD5Hs3STc=,radio,Discover Feature,song-based-playlist,1
a6uMxhS43vQ++TrVP3jdHT4lFfjw61SlIsCkvigQ5ro=,d9Flpsyq/y8CR3F213pnXUkrfK1fMClvhYH37pFSc7s=,radio,Local playlist more,local-library,1
fVZedYe9G51wW8jy3Ws7FuF5IKx7zxQYWvPAfCdIRJE=,d2k4F/IYpmudgfCxsRAXVHBdYHPfcWmhCYmjdXxigLE=,my library,Explore,online-playlist,1
HfVrxfpxOJuQ4FofEFxdlwm9yvaoy8y0JOH3GaQ/RTs=,IXP1a2o3NL8WU4WK1X0WJAKaSW+LgGRpPDn4Gt1HrV8=,discover,Discover Feature,song-based-playlist,0
O3ElkgfVd3DoJysnWAIgIPF4N3Y9LPmlm+aC5G+UXGY=,J3iRhTSYqG12XgzsbOSJYdIFWZ39JaYoP3XSWM/pcHM=,radio,Discover Feature,radio,1
crUeQ6DYDHHRNYmn+n5Kodfvu9ki0IdHfXHNlZEUPHs=,+SstqMwhQPBQFTPBhLKPT642IiBDXzZFwlzsLl4cGXo=,search,My library,online-playlist,0
n5v6IqRk4CZnELtP0Z2et7EZrdPicfyhvD2gIdq1Mcc=,43Qm2YzsP99P5wm37B1JIhezUcQ/1CDjYlQx6rBbz2U=,my library,Local playlist more,song,1
qn0aqqC8dcshYsmcFmFYJtebwjMp6kLr8yanC5QC79o=,QZBm8SOwnEjNfCpgsKBBGPMGET6y6XaQgnJiirspW7I=,discover,Explore,song,1
2yBzq7nUBV99ankkp7O46elZikHVB5BvqHcr2Lzetlc=,GRaVokpHF2Uk3hgKnyJ2mDSmHvie4lyE0i6l5rA2yWU=,radio,Radio,local-library,0
uQ6LOBwmu7lIjv+wFaq5+M4IcAZEha2J0uyDB6Y8aqY=,TIwOs7iFTKo3Cy2yiNReYYcZc1JyAx+0k08+z97k1dA=,search,Explore,local-library,1
uhEkft9Ht4TsUF5wBkmmZbtbaIVESVfiUnMlxHYl0HI=,WRuHbl8CJbAuzUb4f/88Ly6IXif+IVVWolkp33Nm8wI=,explore,Radio,song-based-playlist,0
yBXKYfcmQ+TtIEvkLQXabAY2uwudIGn21dEZYAwCDCg=,UZ3dBhXYs3u2VWiwH9VQYBWnp1hi25EmxuK8JISoSZU=,discover,Explore,song,1
mDJCU+fKu/mbdk9l4SmPYiJwpeMyK44o9wmG1X3735A=,4eWKqiadX4L+cYSy1VEcazqQDV1YxvYo1YHU5VR81pM=,radio,Discover Feature,online-playlist,0
z1IXxOkXP6uCWwFJLibRkXzU7USedggSWIfGJl/HFQg=,n+FLlTL+LrNTa6xpoGkESEzlUMb/hPEM1nLq2U6fEp0=,explore,Discover Feature,song-based-playlist,1
zYTm2T59lT+Z/hpoywdET+EGMcRhwi4rzL7WD09iRC0=,wBTWuHbjdjxnG1lQcbqnK4FddV24rUhuyrYLd9c/hmk=,radio,Explore,local-library,0
crUeQ6DYDHHRNYmn+n5Kodfvu9ki0IdHfXHNlZEUPHs=,f8/yxXLT8/hENDkcudzHhytnOwyUKJ+/JCY7Y+L/Gsw=,radio,Discover Feature,song-based-playlist,0
16fsOt7imefLSFsV7mWoP1AL+bpjP1NuWzQ5QP9tj8k=,0ee/D6HjX0jSytUn3v58C0x6zEzN4bcPq3WlqvrG/Xo=,explore,Discover Feature,local-library,1
vBNHobQRQsofef7+9NZk4C6Y6T2PBXSGXUbn6c8UOcg=,ZcKgNis1AP1LA0sdtIddrtk7P04iiJzJrXvwXdT/X3Q=,discover,Explore,song,1
3nWFLb+IVt1+0JcM73g0wIG2AHtyhsI5RlG7gHziOFA=,Z2Y3t/lsoBgA/2HAfy3UP+QWfdckt9BK2u6n8xwqkng=,my library,Radio,song-based-playlist,1
cF/VJmBHwhcqdd016oPP1wXBdWSjxEHEzwlhEn4+/4A=,ys+EL8Sok4HC4i7sDY0+slDNGVZ8+uOQi6TQ6g8VSF4=,my library,Explore,song,1
O6cmcavFpTlX0oU/WxJrYGxLIvR22dVpHz/VJxylp8g=,/SfOXDLarv4WeXEX6g9GfKgd1R+BnBG2+k/vanWU5FA=,search,Explore,song,1
00qmlWC3H/cjf2Ig1li5xIO0VNDRgBX0f9ilouDBEZs=,VkDBgh89umc9m6uAEfD6LXngetyGhln4vh/ArCGO0nY=,explore,Radio,online-playlist,1
8Pvl/iQSa1A4J/op1WLFoj9PGFv5WHjDas6efapYoss=,d5ayexvXscdzmuGxENyY8Uwb4AQaxt0dEcnkAgES7xw=,explore,Explore,online-playlist,0
H1D92jYJ3GyJWLmt3ZAE3QgxgfCCit8WTsT7+KwS+vw=,nnGh305rOmte1K/4D+qsL1LyY6P+jvDlzATIqwbCa/0=,search,Radio,online-playlist,1
6bwk5TTaA1YSOmPoxDgBBlV5CrZJEar2C6SxwT5nDrU=,NDtiB0N12yjIn9D9reqXF8NPPCq6vMNhOwd9A/c3qd8=,radio,My library,local-library,1
YYdQJgjemCT/fAv8s+CwfmgDprAQOneJ2M2SdArq9V4=,pkKADcjPLFdP9kX40L8dlmbLWkgUTqUB0LhurVLSTME=,radio,Radio,online-playlist,0
mDJCU+fKu/mbdk9l4SmPYiJwpeMyK44o9wmG1X3735A=,qxDl7URNa8pfCbbdoMNE0cHrU1+hMSIdyqhOGvQo69M=,search,Local playlist more,online-playlist,1
nAiRf+UmYT7ZWIOUF6Ig3D0FDVIVpSgUb+H40Vg1eQU=,/SfOXDLarv4WeXEX6g9GfKgd1R+BnBG2+k/vanWU5FA=,radio,Local playlist more,song,0
rEVqJ3NIxC9LSUZYOj1ft5VSAvFo3AxNu2k36hKKtWc=,PWxngjBL3gt2KhdKy8MwEYTgAw/lkL9F/lqqjciktFk=,search,Explore,online-playlist,1
FrYc5vaJMygJR0CjtIqrigWOlEKURefFwGKvr0BlbMI=,bFbleyVHx6Nr9tHMr4OybO2i3A4FS2Be0/62K2+FSpY=,radio,Local playlist more,local-library,1
E9jsIxPWhebfnR8cbqPgS+FxCt0zBSXP+72mYRFg0+U=,5TKFWT9ivwAJiqRWz5apDsePXcJZ2b1RA/1gxTm6XoQ=,my library,My library,song,1
pRHIP4XdwWx7YpREsLN4sD0gb2BUEbhKytDXlwUAO+k=,4brTUuIjK24sVlWzSLLL33b3JbwhNVfaDo7vvBt9FCQ=,discover,Radio,radio,1
WtuOpsYQ8St9zt7yySdryqDUCxeT4/v2rLRA7+lsahQ=,VkILU0H1h3NMmk9MQrXouNudGk5n8Ls5cqRRuBxeTh4=,radio,Discover Feature,online-playlist,0
HVcWdf8CEo9s6qwt5V7TpoPYJfRlQSTA6b7kxEAImpc=,/SfOXDLarv4WeXEX6g9GfKgd1R+BnBG2+k/vanWU5FA=,radio,Discover Feature,song,0
mGDObQQojFOJfK2rJKcme282huuk0qDxBzWL22/qYbc=,DT35ri8FZuj7PGLxW/PhK5lt+CFVV85jDqPrBz6kixc=,search,Discover Feature,online-playlist,1
9wwJC2y3YDYTilHnM+uYnPS7GCxV625Hs4VZ7sc6OKY=,CXdtx7/QxePhjYwYFcXVv+lXjCDEGRJ9r/OC7IQXthw=,radio,My library,song,1
s8Oce1igq03hako2pQCfeXyPVkBs77ArjdrZEQAjpbk=,NO3PiEzofJglKjD8+biTGWkEVRDfE799y8c9wQS1XWo=,my library,Discover Feature,local-library,1
zYTm2T59lT+Z/hpoywdET+EGMcRhwi4rzL7WD09iRC0=,dKfxhaRKwvhiYOUQ5JlkxQrJ/dDksdFueybCIdG5dXI=,my library,Radio,radio,1
3TZaybijIyaqU3P+moI/mzFWcAj6aR0p7bmxLT9iRq8=,oDG5WCyUlb9i/Sr34Fljeh0YsONZKxl+7jjUw27vm5U=,discover,Explore,radio,0
TxneOykZ/MOIbQmA/aJ4EUQUIR9r+Egt6TNQu0WgwpA=,UXK+xHZe1REiVRlOMS5gvqeUY+kLbVyiEdJRTLYoZkk=,discover,Explore,online-playlist,1
16fsOt7imefLSFsV7mWoP1AL+bpjP1NuWzQ5QP9tj8k=,iiifj//EcKnociT6W3nBASJygGe/TyFB41UD1bTtnU0=,discover,Radio,song,1
Z56mxjHqnR1FK1d5gkf5ARTxwZF8h0HPI+rHFGRrMHo=,cwzdOoAlwP2AgUSgePv+UwafMqm7v7gJeFARD3rw7gA=,search,My library,online-playlist,1
Jc84woRFJuyMAC6hDcH/Rr84MGq9ucuxeZveZ00kI5o=,XgLDH2I0dmKXQNQTMsNyGSy5oz+o6o6jPTqj0I8abFY=,radio,Local playlist more,song,1
V8pNUizcKwTRuSQAtzXJBAJ7B8cyf0EegXkljvIvFqo=,KQkL3RbSia9p7I5H9wrdEFmQZSJEZc64kpnzDUUEe84=,explore,Radio,online-playlist,1
Z56mxjHqnR1FK1d5gkf5ARTxwZF8h0HPI+rHFGRrMHo=,fvFw8C8/hBGjtRs+4+bPpo6Ytw9YG0pLOwWJf3YAVhY=,my library,My library,radio,0
E9jsIxPWhebfnR8cbqPgS+FxCt0zBSXP+72mYRFg0+U=,oTGg75yjTAP0grXmGld3EUD0b/b9u7lW2JyUX/mBiXI=,my library,My library,song,1
YQiox2a4tbRbNBaL+VfOLH8oea77HPJMPWRh8euXZqM=,eW1d3l1sSncU4sGM69MJtIG79wnXbdy8FZKpFVElS0g=,explore,Explore,song-based-playlist,0
9wwJC2y3YDYTilHnM+uYnPS7GCxV625Hs4VZ7sc6OKY=,LBFRdBacp7Ob6Ada2N7uCQ47DhiNT2KjUtwOA7oSm7I=,my library,Radio,online-playlist,1
lfK5QUAaa28niDIyQ2oGkSntvSe7G5EmQ1N6nvnE8lY=,6uCt0I6XmmXX7fta96XlZyxtSWXlTa2ZviRbxnDUa/w=,explore,My library,radio,1
2tmUzRCcD0l3et0ck9XfxZT6gT9LM3w8gwfckVNylIU=,MwZaD94L4Wl4APdJSVQF5JPt+xH6hb2KtWpFsjwYUlo=,radio,Radio,radio,0
2LbejuZF550yFLDXLIBw3gd/c462BIJ+S/SOwneSXUM=,Rerp71vL127G1162T5Bwgk3D6r/ZtiXDfWvYz+3ljhE=,radio,Radio,song-based-playlist,1
b5XWI+EhZTCGoQ6YK/SLu3tmCnKh8Z7wBK6Gztm49uA=,x0AQuGp6SHvaD/fLkk+6JzAp6zOUgd30Tx4oL3YBz5Y=,discover,Local playlist more,song-based-playlist,1
1wiu2UfN0BNhHfPTrDS3S/rQkX/vnwDoKH6ODTUdH9k=,AJQOsWR+d8TYfx8K3IngAs9/GSQE5ujDqBx/8PYm6zo=,my library,Explore,song,0
zYTm2T59lT+Z/hpoywdET+EGMcRhwi4rzL7WD09iRC0=,+LztcJcPEEwsikk6+K5udm06XJQMzR4+lzavKLUyE0k=,search,Radio,song-based-playlist,1
3i0jlUKhqqUKqFsoJVgN2UcDOuri7fCiE33XUCnKHXo=,YBrWf/Hac5La5V2HZ80Mi70NzUcTehVDWhkIp8h4Klg=,search,Radio,local-library,0
B4P1g6sGBILzGhelH/YKkfpkFgWfn/LgS4KgU+bEaD0=,eSerI0GiRKmKVwhbY05QQi6DSRrCz4/vhiyvipqURDk=,radio,Discover Feature,song,1
+3RfkckBHS0oQrrjJj7p69bdwJak+qzKq0fhFaeXUxA=,6uCt0I6XmmXX7fta96XlZyxtSWXlTa2ZviRbxnDUa/w=,radio,My library,song-based-playlist,1
J/KdXo5kGQs+dRxYam3/tZlwhl7ZX+sYvvCdjg8Tqzg=,TLU46LbiJ+1mmJr4Le4Z5eaUQq3TiXgdZpE5EtR4WZI=,discover,My library,song,1
dU4RbzpIRRd/EkA9Xncpy9CglzDBZp7nKMfdnfr3Aj8=,Bmj+IwjGGnbUyQ02jJpz5K+2vmxCOKfBqVd7ypu6OLo=,search,My library,radio,1
uCDJmSDTzA5PpnYGqKvNmFbwBIoS3jIXFbO5YfoCv/Y=,IXP1a2o3NL8WU4WK1X0WJAKaSW+LgGRpPDn4Gt1HrV8=,radio,Radio,song-based-playlist,1
vBNHobQRQsofef7+9NZk4C6Y6T2PBXSGXUbn6c8UOcg=,+WZeyJdxSPcag6xHLPjJOfJoc1haKiC4j0BcbZHG5ig=,search,Explore,song,0
P3tJU/DjIEbh0ucnC1KT8wojenDDSwx+blB8pFp/KeE=,80hnDqhSe9u2uIaLvDh1tCbwryzDrsf789zgDDF+k+s=,search,Radio,song-based-playlist,1
WtuOpsYQ8St9zt7yySdryqDUCxeT4/v2rLRA7+lsahQ=,hDaCYJApKdeZGK7HPAWppz+FfmRwNh9g1wBc/EkBfYE=,explore,My library,local-library,1
mDJCU+fKu/mbdk9l4SmPYiJwpeMyK44o9wmG1X3735A=,0b8M2FLEH176y/ng1rK9ftUYDYnA+1NdoCOUeuyBMtU=,discover,Discover Feature,song,1
EZmIP7zKgqKwpEHnuDjRIkzCmcLNlHn4hkiglZ5LxK8=,7vGvrf5l1XzNbeLZXzQgaNvc2VBmncarpN3LQpLUZiY=,radio,Local playlist more,radio,0
LThaiVqGGnVTPmTcmwN/LLo4fVb5dzkduzd7s1SgzIA=,GRaVokpHF2Uk3hgKnyJ2mDSmHvie4lyE0i6l5rA2yWU=,my library,Discover Feature,song-based-playlist,1
uhEkft9Ht4TsUF5wBkmmZbtbaIVESVfiUnMlxHYl0HI=,dBblcCblxZ/fqu94pTStU055+hRvF2oiyDEq0qHIfiA=,discover,Radio,song-based-playlist,0
f2c4l3mhW4SmXKRP+OfPUdbQ4U8afe+gqcX9Dmh03Xs=,6HofPS0v2MVFsL10yCN7dXUL+gUOnvsD35vx3HmRbdE=,explore,My library,song-based-playlist,1
UvM0IMLJ11PTOjdjhqapNQmHcbttfsiyv5+dtIR2IK0=,GAWjH9Uns87Q1pcQTJZo+PaiJIsUj3DEWjtGqyMUZm4=,search,Radio,online-playlist,0
3i0jlUKhqqUKqFsoJVgN2UcDOuri7fCiE33XUCnKHXo=,LBFRdBacp7Ob6Ada2N7uCQ47DhiNT2KjUtwOA7oSm7I=,explore,My library,radio,1
akW+xn32y3X+ZisQokWwV8+caojTEpm3E8lV8E3yuBk=,B2jGIdcFp/C/jeFaJdOwrw72q0kEetFFo+fReLkd6o0=,explore,Explore,local-library,1
baemFqI4x+fpHweCJQeb64jdSmOWUKkJuwK5BrgcsX0=,2xoPPf/RyHAxRqSSP41itnzRofW3noLzFLGfmvREFQQ=,radio,Local playlist more,song-based-playlist,0
8Pvl/iQSa1A4J/op1WLFoj9PGFv5WHjDas6efapYoss=,reXuGcEWDDCnL0K3Th//3DFG4S1ACSpJMzA+CFipo1g=,radio,Radio,online-playlist,1
3i0jlUKhqqUKqFsoJVgN2UcDOuri7fCiE33XUCnKHXo=,VRv9apZlj7gcyYq1zz2eZsYOnpnoNg+e4GG0b0b0Glo=,explore,Discover Feature,song,1
tNvUsQwOJX5OgGsBBN9to3vI+DoUc6S1BFgNXUaYoo0=,1GI0GC3w9c0tDD2s0qP15DxrLUs9JX9XW6fKbY0rBZ8=,search,Radio,radio,1
qd03y2Hs/0xCA/dPExadbY5XQdTHOcli3h8w4KTwhZ4=,JP0GJixHOHSNDsjKiQY2ttQKbDmWSk35JMMfPtR06BM=,my library,Local playlist more,song-based-playlist,0
+3RfkckBHS0oQrrjJj7p69bdwJak+qzKq0fhFaeXUxA=,w4Zku7HxtkAKl/BB8H81ZfWOXwnnmVbZBvFZeRPuRUU=,discover,Local playlist more,song-based-playlist,1
z1IXxOkXP6uCWwFJLibRkXzU7USedggSWIfGJl/HFQg=,9YYrODwrXpDcCjOJypHROv3f5z40y11QlmgQjmzp2vQ=,explore,My library,song,1
V8pNUizcKwTRuSQAtzXJBAJ7B8cyf0EegXkljvIvFqo=,IgMar/mVrJQ+ODFPytDf7jwQMmR09+slyZUdVylRFLc=,search,Discover Feature,song,1
P+Sxa9gtP8P8IQcpPGbwWmEFdrF16hTrtfXyfa5aGoI=,2uFTn3kDES2C3JeqzV4cpSAGQ756GFK0XajzEDLqER4=,discover,Discover Feature,local-library,1
baemFqI4x+fpHweCJQeb64jdSmOWUKkJuwK5BrgcsX0=,bFbleyVHx6Nr9tHMr4OybO2i3A4FS2Be0/62K2+FSpY=,discover,Discover Feature,song-based-playlist,0
ocQB699RoI5sBlRUfv8tu++vqupI35/95l3U507jdpw=,nW60n6qAGoytY/yX4w0r1IT462C9Xs/ZxbV6MLDSpUk=,radio,My library,local-library,1
mrjKYVskMUAksvPgRky/E2g/TiPdbpH1j5CCOzAC5RU=,A5cw2rib82lWjtNFr3bxQysyjPVpiYlgmnULDQ8X0BQ=,my library,Discover Feature,radio,1
OyELWVNKZMJtqg+BFArzAokp8bn+pGhBWbCZaxyLIus=,+WZeyJdxSPcag6xHLPjJOfJoc1haKiC4j0BcbZHG5ig=,explore,My library,online-playlist,1
EErUQnZWpOhxSvs3UlAQ6Jme7r+DjJyvkqhEceArwBA=,KxxFN09YQwSN0eAJSUf2xa5ZKjyZmX3nIVKM+zKxq6Q=,my library,Discover Feature,online-playlist,1
OyELWVNKZMJtqg+BFArzAokp8bn+pGhBWbCZaxyLIus=,x0AQuGp6SHvaD/fLkk+6JzAp6zOUgd30Tx4oL3YBz5Y=,discover,My library,song-based-playlist,0
4DlS5LiANEKlMTQD08dakyV1JWwPYI/n1wyjx4ImjPc=,Bh52i4Qxauj9DCtTLH9CeKZgB59FIP2NofIbc6Dh0Xw=,explore,Radio,online-playlist,1
lq5Q5jIo2pNtn/bTBZy8e07jc4qcIhLI7PXeieo/EgI=,skehue/d/R59G71dXYpntDwdjRRPlweN3JE8g40TgZU=,explore,Local playlist more,radio,0
wv0o115CdKSsFlsV7VvHikjyxLG0LFc5qALhM8xkUZ4=,01dMXfqYr3EWV8V4ccmHMNy45+7YG8TBmGJ4IVWOduc=,my library,Explore,online-playlist,1
4aRFGkKzGUpqTbjojytAtRQNdx0egL02hjJhSqq0+NA=,J3iRhTSYqG12XgzsbOSJYdIFWZ39JaYoP3XSWM/pcHM=,radio,Local playlist more,song-based-playlist,0
wobMEyGx2iCkFu27/HPRJIky3S8tO/rS8Rr+tsvEe0k=,NhQfOVnptpW5z5qsP/sN+hVS8TM2iYvdy/ZGVe7K+kM=,search,My library,song,1
4MSFgArmrrq1abQEeuHkmNQjEkqn5r/Z6/LNObSm3xc=,WLWYK2ULyKhj/FAWvhEOVQuDlZmsmTkKscwahrXsoBM=,discover,My library,radio,0
38LUs5mVWNKfyjL7ilf9JCnWZLjnno2obLXr69JJKcw=,2uFTn3kDES2C3JeqzV4cpSAGQ756GFK0XajzEDLqER4=,explore,My library,local-library,1
HVcWdf8CEo9s6qwt5V7TpoPYJfRlQSTA6b7kxEAImpc=,f8/yxXLT8/hENDkcudzHhytnOwyUKJ+/JCY7Y+L/Gsw=,explore,Local playlist more,local-library,1
J/KdXo5kGQs+dRxYam3/tZlwhl7ZX+sYvvCdjg8Tqzg=,reXuGcEWDDCnL0K3Th//3DFG4S1ACSpJMzA+CFipo1g=,my library,My library,online-playlist,0
TO253iXvHroemKYZ23M7YL7uu6Um4zEwByNl4wcpIYs=,w4Zku7HxtkAKl/BB8H81ZfWOXwnnmVbZBvFZeRPuRUU=,my library,Explore,radio,0
08sWvzS2VVyKAVQRi6z4gxGxRQ0YQM0BXsXdVEKuzSQ=,Hg9Bv1grz9a7lTp6HxpK//dV5AOqft4uk1fjIfPMJFE=,search,Explore,song-based-playlist,1
gNqpBxDbTlhvjHhGUzkOXI7uwdcMfsUjThCFibPphkQ=,WLWYK2ULyKhj/FAWvhEOVQuDlZmsmTkKscwahrXsoBM=,search,Radio,local-library,1
MxCUQ6tAD7LU1yR0gwRck91ZKE88gY8kD/rX9Hi9srQ=,Y87wssIvAzfpJA1z7WGawlIQl7mNFDWzmKS/FlLtLA8=,radio,Local playlist more,radio,0
wIeuCRmznzwE6bVrKuo2QRfkztVfQVEYMNaugLCPTS4=,750RprmFfLV0bymtDH88g24pLZGVi5VpBAI300P6UOA=,discover,Radio,online-playlist,1
Tb5tCteFbk+G5Jyvq9SqD1eAzgZ98WR/xOCvvjkNCog=,27vpOctGRDxfm4nJsYUfvNaoL8ayuXiYAYUH4H1mfJk=,discover,My library,local-library,1
z1IXxOkXP6uCWwFJLibRkXzU7USedggSWIfGJl/HFQg=,aliCzBpL9zzI8nFr83ElP3cL4bdEPejIRtT7HY09fEs=,search,Local playlist more,song,0
H/MB+uttGlGIMr7qru4HYG4dVbh0e1mBuoryBOKz/RU=,JiHWUXkERiCPai7GKXVal+Cns8SWC8Ft0+5NKSQdbfU=,search,Local playlist more,song,1
Ty59+gs+lfVbfm1T/SDqLmbFhtkAP4Mm75uYiaKZ6kk=,KQkL3RbSia9p7I5H9wrdEFmQZSJEZc64kpnzDUUEe84=,explore,My library,song-based-playlist,1
sgT7F0PbR9/iCyzeSzcl//+E+fK3CeZmM1deeeJ5rZ8=,p0vznXPDpqFXtJzcvx4f9NxqLDC+1PQ9/Prr8kUdSuc=,discover,Discover Feature,radio,0
EDSn8rAs8qjUvqhhFG5diTbaVbJi8qkoKXeMzf2JGVQ=,w4Zku7HxtkAKl/BB8H81ZfWOXwnnmVbZBvFZeRPuRUU=,radio,Local playlist more,online-playlist,1
8tSgHKzljg7TyPLYrU9L7CgHIdShVvyV/d6PccMRzhw=,Z+mhovcYbExPp66GnBecKttDRM5S5YCAw9vzJACsQAU=,my library,My library,song-based-playlist,1
OOUnJuX4SteRhUdJZ9B2DqtfiwsfcZVBefEhXLeBsFg=,DhuNF1B0GK4zzZ7U+v/vt/Y+3aQbTRmV2bd99TUAXzI=,search,Discover Feature,online-playlist,0
mGDObQQojFOJfK2rJKcme282huuk0qDxBzWL22/qYbc=,41aDNLPNdJ8PZdNo46uAPDJ4yFTKrPYY1jeM4CucBGs=,my library,Discover Feature,song,0
4tuTIArXO3WO8/zS9y2CC34ywEfChjAKUchlKW00DMM=,wJdog4OHtULqly94aQ/X2uud6ya+juDh25ay4sqoxuI=,radio,Discover Feature,song-based-playlist,1
1d4acB2bhEZCFjSRwvO4ls8PrBtvNTlkcAcxYx8FcWE=,31Tp9mUO5cVc8fEd67bI5GTrfev3MiXPUokaum1m3K8=,radio,Local playlist more,local-library,0
OMy7VLQDDDlAqrp/YCl+BvzGIgZoWNejIDqSl8siqIM=,DKGm2awf1TsLWeXqpDfVVQf5M2qPmcxI9Dwxz+45Qqs=,discover,Explore,song-based-playlist,0
b5XWI+EhZTCGoQ6YK/SLu3tmCnKh8Z7wBK6Gztm49uA=,AJQOsWR+d8TYfx8K3IngAs9/GSQE5ujDqBx/8PYm6zo=,discover,Local playlist more,online-playlist,0
4abUL+lw0T5WFbdgeEyj8UHqyYxA7Exgw2tWiDJVSwY=,1PR/lVwL4VeYcZjexwBJ2NOSTfgh8JoVxWCunnbJO/8=,radio,Discover Feature,radio,0
4tuTIArXO3WO8/zS9y2CC34ywEfChjAKUchlKW00DMM=,z8xAhD/t0v/wUKZ8Rz0Pwojr5psdmUQn3/eu0Yw11zQ=,discover,Explore,online-playlist,0
jL7ukei/Kb4gDCfTG4+VhV4TzLaDecjji/aW+GqWvac=,h90KlUZE/mlkkPjhbhz3hXY1zvOhqJXuiKBoFWnTDAo=,explore,Discover Feature,local-library,0
NwX1NaVlyw0jvfQNxLTcx9ztIUKVL/sjkccdAmMpfCA=,wxghAK3cq1rb0Kkyx6dSxzKGYadE8TQWF9L6dq9B1Is=,radio,Radio,song,0
UvM0IMLJ11PTOjdjhqapNQmHcbttfsiyv5+dtIR2IK0=,VkILU0H1h3NMmk9MQrXouNudGk5n8Ls5cqRRuBxeTh4=,explore,Local playlist more,radio,1
H5DWyI7bujtol5aU1pzvLdfBAs45Ym/5jicdUlerf2s=,3W6VBSN09a/Vh9w1Fwmdus4H4xxmde/yu0RBgMcTtZM=,discover,Discover Feature,radio,1
/2A361q3cuoEFZ0FoMEWj8SIVRJyPpHZQ5ni6Oud88M=,HsgJXv1C7iVZiP7CWwWTfsmMhia6Huc0MUccfj+D02o=,discover,Local playlist more,radio,0
V39VxDdE9SgMQZnX58oQChm9W056pw2lC3TiifMfkKw=,dKsoBHe5cVhyQSU8CimXs4ysaAky4RNgBwIafHaLkik=,my library,Radio,song,0
gNqpBxDbTlhvjHhGUzkOXI7uwdcMfsUjThCFibPphkQ=,B4o9XjQJPJGGJr63sxzS4LUoQOrNhyVU1DersrYXRlI=,radio,Radio,song-based-playlist,1
H/MB+uttGlGIMr7qru4HYG4dVbh0e1mBuoryBOKz/RU=,GQqErVwbH/YaifR6wl2S6prosRVHhwGO2/Aq5aIJLA8=,radio,Radio,radio,1
gxxBbzV3eE2XGjUrFVB2FzAve55Oe1s86HD+OEh36Gw=,JVwoBKjxxE9L/IpNKsSCJJIYHcxvwxOKbFnM3TLwcTQ=,search,Local playlist more,local-library,1
a4aEMKA1bMIwfCarB0qN+Fjag8swMwFfXm6ri5KJvms=,e/upMhPFcXl3Rxq0Us1abr0FcThlZOeqKJhBobmltBU=,radio,Explore,online-playlist,0
Y8fGbgG4J6bpoXzljxRIp+hwVjk2ULHaLAfJatxHjg0=,VkDBgh89umc9m6uAEfD6LXngetyGhln4vh/ArCGO0nY=,radio,Explore,radio,1
FGtllVqz18RPiwJj/edr2gV78zirAiY/9SmYvia+kCg=,Ujt3R5hAe0Pix2mURuC+CO6aazhCvEU2lByPzy3E90k=,explore,Explore,local-library,1
/mmecbnAd2Jrji3aonisktBko1/o+F68GqpV8X4gHiI=,p0vznXPDpqFXtJzcvx4f9NxqLDC+1PQ9/Prr8kUdSuc=,explore,Radio,online-playlist,1
ZIThPCdbFdxx0T+qKaAnQprzkTcoMTJL66Of3nlFGLA=,A+RNE+nwHzzYdQliLcF1YcaMpmDL91TAbz8xALp4FEM=,explore,Discover Feature,online-playlist,1
0ut67E6+04VZ9RDX1nJYPmPARhbgYbsjEKl7K4dpjDw=,JP0GJixHOHSNDsjKiQY2ttQKbDmWSk35JMMfPtR06BM=,discover,Radio,song-based-playlist,0
DqwB7smOAIbNnnQbWOpfsmy9znTwfDEQCW1I6ujFG48=,vLvRGCAj8JzTLygSB20eqIL6hSTzE7gf4hyYAguZp0k=,search,Radio,radio,1
vBNHobQRQsofef7+9NZk4C6Y6T2PBXSGXUbn6c8UOcg=,GQqErVwbH/YaifR6wl2S6prosRVHhwGO2/Aq5aIJLA8=,explore,Radio,song-based-playlist,1
pJxMd9PL/N7CdwTwKu3YqiqYSRAJHuejlrTonaPfPfU=,jZVQRajq2WbbIoSiF5MSCyJKgTt7tpITHayD3PYKg88=,my library,My library,radio,0
0ut67E6+04VZ9RDX1nJYPmPARhbgYbsjEKl7K4dpjDw=,CfOyUSvBAIGhsUEcZ6hTnWLLaQrDtzVmoIdmIMXBOTA=,explore,Radio,radio,1
2tmUzRCcD0l3et0ck9XfxZT6gT9LM3w8gwfckVNylIU=,k8DZF0FFuy2GydI7mnH1tH50pFcEQMPYVD/A7Y/T0QI=,discover,Discover Feature,song-based-playlist,1
+Y+wTRRkZ0QA3bV4+7nwu8qlN5Kb7ygMhqvB5L929YI=,yL8VeuH6lYFA4hYVGX/1HmPogBfp1Ex4ZkL5PjWy11k=,search,Radio,song,1
B4P1g6sGBILzGhelH/YKkfpkFgWfn/LgS4KgU+bEaD0=,VEHQ9uyNfwMBFPtkLOFGSOnovTSfj6RlQbgYZYp1xZQ=,explore,Local playlist more,online-playlist,1
KXS4mDTuweetiTTxgkbg8uohB20KUXvkXz6g4l3r40c=,ufjl9/oJJRQx/0JUEBaIeyE82HP0CF7Fy2LwOIiNiYY=,discover,Radio,online-playlist,0
mGDObQQojFOJfK2rJKcme282huuk0qDxBzWL22/qYbc=,kge3dyGXCTqgUbHpFPB0x8gy+cPAamtArhr4sghdRH0=,explore,Discover Feature,song,0
rEVqJ3NIxC9LSUZYOj1ft5VSAvFo3AxNu2k36hKKtWc=,SKRQpz3EM5UIxT2LCGzK5k0aYg4QtyHWtr0L/EK6By8=,discover,Radio,local-library,0
4DlS5LiANEKlMTQD08dakyV1JWwPYI/n1wyjx4ImjPc=,iiifj//EcKnociT6W3nBASJygGe/TyFB41UD1bTtnU0=,search,Local playlist more,local-library,1
08sWvzS2VVyKAVQRi6z4gxGxRQ0YQM0BXsXdVEKuzSQ=,cR+VrCdZkNm/QM0WjQQip9AnOrT/auRDZboM1KpevS4=,discover,Discover Feature,local-library,0
SWoa4UvhuutHxhcRAxlfTc6Jr1j5tGw9cp3Kiq+ayKM=,k8DZF0FFuy2GydI7mnH1tH50pFcEQMPYVD/A7Y/T0QI=,explore,Local playlist more,song,1
jL7ukei/Kb4gDCfTG4+VhV4TzLaDecjji/aW+GqWvac=,eW1d3l1sSncU4sGM69MJtIG79wnXbdy8FZKpFVElS0g=,explore,Discover Feature,radio,0
EBXSMA3gzTff0F01n56dHSBQR/IDWiwuw5S+ksPgTc0=,sgHKhG2d57U2o88razl9SyG1nuuMDf0J2BuDhzoI12Y=,discover,Discover Feature,local-library,0
yBXKYfcmQ+TtIEvkLQXabAY2uwudIGn21dEZYAwCDCg=,WrVBxKvotVYzAKxCxNAGssQ1oCgO0gAJ4sNCfhfdfOY=,discover,Local playlist more,song,0
UjuPJCQo/YoGVR/yJ+CocmWUk2czJE0BBKqaPpVYV64=,YBrWf/Hac5La5V2HZ80Mi70NzUcTehVDWhkIp8h4Klg=,my library,Radio,song,0
KsjbiO2iw8TpMfu+9Bf2p8GI57Q53lsHXy1xWIMKH/E=,PWxngjBL3gt2KhdKy8MwEYTgAw/lkL9F/lqqjciktFk=,explore,Discover Feature,song,0
H/MB+uttGlGIMr7qru4HYG4dVbh0e1mBuoryBOKz/RU=,pkKADcjPLFdP9kX40L8dlmbLWkgUTqUB0LhurVLSTME=,discover,Explore,local-library,1
UjuPJCQo/YoGVR/yJ+CocmWUk2czJE0BBKqaPpVYV64=,pkKADcjPLFdP9kX40L8dlmbLWkgUTqUB0LhurVLSTME=,explore,Explore,song-based-playlist,1
x+k/zTEqdgYq6O+r1iDjKRaQnaCS5118gzBe8c12r1Y=,BITuBuNyXQydJcjDL2BUnCu4/IXaJg5IPOuycc/4dtY=,explore,Local playlist more,local-library,1
T+FJrpYi77CWTUE5nO/vliojRaTPgt2bRUQHy5lhXrQ=,jpq9yBIzCyyWbLcrGFWHYyXpFZ8N4b9FgKC4qFj04gk=,my library,Discover Feature,radio,1
0ut67E6+04VZ9RDX1nJYPmPARhbgYbsjEKl7K4dpjDw=,M9rAajz4dYuRhZ7jLvf9RRayVA3os61X/XXHEuW4giA=,search,My library,radio,1
xEeMEDdDCvfLGt6eoayVgVh48nLdPvEm1XzwzY6lT58=,J4qKkLIoW7aYACuTupHLAPZYmRp08en1AEux+GSUzdw=,explore,Local playlist more,online-playlist,1
NzxFYmHEK32NaephTO2QGtxiR93Cf7U/Tp6jkoY25WE=,M0vkEMBlcbeVSWQQx/6FtXbJ57IiCw27TW8/vmSayk8=,radio,Radio,online-playlist,0
p9Lk74DKfVohPHjTvzHSVQ3lRaqW2ofcBolP45FJgiQ=,T86YHdD4C9JSc274b1IlMkLuNdz4BQRB50fWWE7hx9g=,radio,Explore,local-library,1
1m91HsZUO53drOd2CmAT2nf4JnK4xxBfbzPNTu9pkjU=,cQI8Uzy06tt/XJ59vDlifTQTl2qOiTFBkf5yVCUNoyg=,discover,Local playlist more,radio,0
H5DWyI7bujtol5aU1pzvLdfBAs45Ym/5jicdUlerf2s=,YmAISVdWO5T+OgcuVLr6qQ7OsqPzAbBO7BrEwfcxMSw=,my library,Discover Feature,song,1
FGtllVqz18RPiwJj/edr2gV78zirAiY/9SmYvia+kCg=,AJQOsWR+d8TYfx8K3IngAs9/GSQE5ujDqBx/8PYm6zo=,my library,Radio,online-playlist,1
BqnomjS+KJtzWrGRkqLEoO3I7KapwN4B8H9in4Fsf+I=,A0t3F/l/3A5UvyPnNQNkrwJuW4vH7f/ttZZ9ud7eWx8=,my library,Radio,radio,1
WRwcfUKwDVQ46cylDQ1Tf8ayTojVYeh/00m0ubVNxQo=,/vRMwxfCQC55cFGMLtxZlAqhDFW/aPQMGdkRnykeWyc=,discover,Explore,song-based-playlist,1
3yBpYWqEybBPazsqB5NIhrXKCFe1Djn5orPBvxz9ArE=,GQqErVwbH/YaifR6wl2S6prosRVHhwGO2/Aq5aIJLA8=,my library,Local playlist more,online-playlist,1
OyELWVNKZMJtqg+BFArzAokp8bn+pGhBWbCZaxyLIus=,u6/Pb7X4u7KU4gXrBgGqt8RlRrNNFLn03tLAHyxRxwA=,discover,Radio,online-playlist,1
TxvdtN1Ehq4kbgU5J7lw+ik6Pc0NZjnQKARPiCCf0fk=,Kpyp6PVaOaQz81TH4KYB59FJiO/GVgzDVyCmiyxHTxc=,search,Explore,local-library,0
cNssc+2L1Fx77CzASou28E9qfWeJjQKZtfoADkl/xkQ=,kTfvijj0YOM4LkNBb+6RCPKakz/8NEw5y2PMdmc9bc8=,my library,Explore,radio,1
XkORogCcAwIoTSBptOED51tv9wXQ2WCEqGgvwqKsyU0=,6QMvPiMG6bKF5+C4fSsfeR/LGNMiwL55HNhd3BcvSKE=,discover,Explore,online-playlist,1
Xbrr2Sbq8NuLG+1QZWm/Iu5P52fUTvgspCYNG8wmfPQ=,sgHKhG2d57U2o88razl9SyG1nuuMDf0J2BuDhzoI12Y=,my library,My library,song-based-playlist,1
vBNHobQRQsofef7+9NZk4C6Y6T2PBXSGXUbn6c8UOcg=,nW60n6qAGoytY/yX4w0r1IT462C9Xs/ZxbV6MLDSpUk=,search,Explore,online-playlist,1
sgT7F0PbR9/iCyzeSzcl//+E+fK3CeZmM1deeeJ5rZ8=,w0/+8z/tSrUK3JctMyhYTh2LfNl9OFga+Tw0yl0IVfc=,radio,Discover Feature,song,1
J/KdXo5kGQs+dRxYam3/tZlwhl7ZX+sYvvCdjg8Tqzg=,x0AQuGp6SHvaD/fLkk+6JzAp6zOUgd30Tx4oL3YBz5Y=,explore,Discover Feature,local-library,1
AXKTVBbdr2/z7m5WL1IXzlriNbun8B+7wM41MsWCYDw=,IhNTvk4edMSv0PCLIS6Ry23aEYtKEA/KwbJNi1OV84A=,search,Radio,online-playlist,0
SWoa4UvhuutHxhcRAxlfTc6Jr1j5tGw9cp3Kiq+ayKM=,95c7DAPEYsXPp72TZ4teA4ErdV1TNjajZcdk/if6AVM=,discover,Radio,local-library,0
4MSFgArmrrq1abQEeuHkmNQjEkqn5r/Z6/LNObSm3xc=,Ujt3R5hAe0Pix2mURuC+CO6aazhCvEU2lByPzy3E90k=,explore,Radio,radio,0
Wg1bSRX3JtJ9ElarOhpbEaV5pu9lgTeS33mARTV+Sl8=,HzCFc9gU/AuYNF1ld1ZlyeCpQvVLTonc8+ZrUAidmmY=,discover,Explore,local-library,0
sgT7F0PbR9/iCyzeSzcl//+E+fK3CeZmM1deeeJ5rZ8=,9tMmo3BI0ElPvI5O0DoVc4u12TzxgEdtwTadElAbc1U=,search,Local playlist more,local-library,1
8ncKS6kWM+oSslEfrPcRMcHq5VVQqBcbWoQ0FHlDgPA=,VkILU0H1h3NMmk9MQrXouNudGk5n8Ls5cqRRuBxeTh4=,radio,Local playlist more,radio,1
AEZNdJt0QGYpBlT97tdnNaNHW5SqpgJb70TFmeZBYbg=,gG8cycpwQak+/chDrTlk8CXXIw4ztVIO1OhbdJBTav8=,my library,Local playlist more,radio,1
tNvUsQwOJX5OgGsBBN9to3vI+DoUc6S1BFgNXUaYoo0=,msJWKceAKkJe5FJDUUpnHBL8qS3QQUC2faxjiJrEw5w=,radio,Discover Feature,online-playlist,1
T+FJrpYi77CWTUE5nO/vliojRaTPgt2bRUQHy5lhXrQ=,+cP03fE+hnJUB/v2PHLsD9UHBjmDIYvbuX+NrFqeudI=,explore,Local playlist more,radio,1
08sWvzS2VVyKAVQRi6z4gxGxRQ0YQM0BXsXdVEKuzSQ=,YJKHI4Asj1oM5vJftbISis2QYliVSExtWiWnwb7TOgo=,discover,Discover Feature,radio,1
yBXKYfcmQ+TtIEvkLQXabAY2uwudIGn21dEZYAwCDCg=,UZ3dBhXYs3u2VWiwH9VQYBWnp1hi25EmxuK8JISoSZU=,search,Explore,song,0
b5XWI+EhZTCGoQ6YK/SLu3tmCnKh8Z7wBK6Gztm49uA=,etnpvFVFCKje9Br8nB2pWWlaMRVwN6euSQc9+7ZnXR4=,search,Explore,radio,1
FG+WikEK8x1GZIB4E2keTq2SJX4bXjFjG5gkjc8qbcw=,zQ42nV6yi4mJlCn/6KEjm+SP6pEwUsd3P9fpI8tDiWE=,discover,My library,song-based-playlist,1
Y4FvDsosFNoz4ZHIAbuwgUBSFK8qY2oE5p7V8wymc/Q=,A8VVQOKrMDk0G8oU6z8qJ5Ggs5DneqlCpdoiKqKYIfY=,discover,Radio,online-playlist,0
y3IT85vrzY2iBxFg6nsh4Cmg+mV3oqR73TPekK7x1Rc=,XVAiWjCX02nhNZ8t4bKfJOsVU51bG0YJXuOUl00tTgY=,my library,My library,local-library,1
sgT7F0PbR9/iCyzeSzcl//+E+fK3CeZmM1deeeJ5rZ8=,3DU6F6k6dFSdoQa2tsia5spMXFCxWh4JJdA3OxSo3rM=,discover,Local playlist more,radio,1
3yBpYWqEybBPazsqB5NIhrXKCFe1Djn5orPBvxz9ArE=,JA6C0GEK1sSCVbHyqtruH/ARD1NKolYrw7HXy6EVNAc=,radio,Local playlist more,local-library,1
OOUnJuX4SteRhUdJZ9B2DqtfiwsfcZVBefEhXLeBsFg=,h90KlUZE/mlkkPjhbhz3hXY1zvOhqJXuiKBoFWnTDAo=,search,Local playlist more,song,1
mrjKYVskMUAksvPgRky/E2g/TiPdbpH1j5CCOzAC5RU=,7sD/47OK7UjsdmBjtLCUTIdX9Df8TjpHyOOeA0Koxy8=,explore,Discover Feature,online-playlist,0
P3tJU/DjIEbh0ucnC1KT8wojenDDSwx+blB8pFp/KeE=,Hl6EBpUuCKh8k8Mzao5hml03O4q0syx+7atSC3vEvok=,explore,Radio,online-playlist,1
TxvdtN1Ehq4kbgU5J7lw+ik6Pc0NZjnQKARPiCCf0fk=,LnbFBEyneTI7mID7Pw+s14Kf3o73LucRxwS3Wpfjsf4=,search,Radio,radio,0
Mue3orxlJaHmK07bXWDrchFW1f/Or6TLVfMwx9fO9aA=,HRg8zzy3PcS4sBcZIFOcUL4uCqg7SurUslUQyF2op+o=,explore,Explore,local-library,1
2tmUzRCcD0l3et0ck9XfxZT6gT9LM3w8gwfckVNylIU=,oDG5WCyUlb9i/Sr34Fljeh0YsONZKxl+7jjUw27vm5U=,explore,Discover Feature,online-playlist,1
YkG93vvIFdFWVWsYqT5w6t0X4uw9/RS03jqzhBzxFlc=,zuyzUP11fbgoVp6IMfWK378GDToe59ZlK5gkf+7aKdg=,discover,Discover Feature,song-based-playlist,1
qljEWgpUDxIw7Lpc9mpZSYjpH+RmsE3T6s0x852lzRY=,r5BnHxvuPlLjwr4MHf3dF3yUY+NVS6rHrkVG7wVZ1uE=,search,My library,song,1
E23IyF1NtT7IeesuDuHWR6g/yMpWrq3cN3U4qTjXE0A=,SHV52/0W8kZcf3uJZF9+ZP3S5vu2RO4WNGhZ8qQHulU=,search,Discover Feature,radio,1
LR9NLKme+aT6uoW3R5XlLu9gq7LQG6tt+bJTEPpcrGg=,wJdog4OHtULqly94aQ/X2uud6ya+juDh25ay4sqoxuI=,discover,Discover Feature,radio,0
6bwk5TTaA1YSOmPoxDgBBlV5CrZJEar2C6SxwT5nDrU=,zuyzUP11fbgoVp6IMfWK378GDToe59ZlK5gkf+7aKdg=,search,My library,radio,0
OOUnJuX4SteRhUdJZ9B2DqtfiwsfcZVBefEhXLeBsFg=,ajjUpdQjWCwzCHNd6C0hB3Fz8BIPGjSy6IT35+UWD1I=,discover,Discover Feature,song-based-playlist,0
YQiox2a4tbRbNBaL+VfOLH8oea77HPJMPWRh8euXZqM=,DLBDZhOoW7zd7GBV99bi92ZXYUS26lzV+jJKbHshP5c=,discover,Discover Feature,song-based-playlist,1
tlFGRF/TtrSwJA9XPHL4cajWghZCbAbhzif/6wJiN6Q=,ufjl9/oJJRQx/0JUEBaIeyE82HP0CF7Fy2LwOIiNiYY=,explore,Discover Feature,radio,1
a3O5che4tB5RTo8XoApn10uQ+FpVjTNwJfNrrQyaMXk=,d2k4F/IYpmudgfCxsRAXVHBdYHPfcWmhCYmjdXxigLE=,my library,My library,song-based-playlist,0
xjA4Fs3CO4k3jQSXLFhn21zxTcYVRRRTzof3ZPn8KFg=,GAWjH9Uns87Q1pcQTJZo+PaiJIsUj3DEWjtGqyMUZm4=,search,Explore,local-library,0
a3O5che4tB5RTo8XoApn10uQ+FpVjTNwJfNrrQyaMXk=,++QfzyM/LiFaCuvkDFK/wJe13ZEMgTgAaVCcolo7nnY=,radio,Explore,online-playlist,1
8tSgHKzljg7TyPLYrU9L7CgHIdShVvyV/d6PccMRzhw=,wH3O5bbWPKwaed4dTZHBx//gQ5BzAjdnyaHM8hozEiY=,discover,My library,online-playlist,1
EBXSMA3gzTff0F01n56dHSBQR/IDWiwuw5S+ksPgTc0=,Ru7n8Xw2s8LGDsgDhyzWqCWQRWQW9KNPY9qMOFAf5x0=,my library,Discover Feature,song,1
3i0jlUKhqqUKqFsoJVgN2UcDOuri7fCiE33XUCnKHXo=,p6vR55B6kN6DL6mkWo3Ndkzd1KEbmr38ndt04bYuzXo=,search,Local playlist more,song,0
UhqjLSMwLYzjZFDyYQF6A33phr0tPNXyu7+I08q/u8g=,KQkL3RbSia9p7I5H9wrdEFmQZSJEZc64kpnzDUUEe84=,radio,Local playlist more,radio,0
8tSgHKzljg7TyPLYrU9L7CgHIdShVvyV/d6PccMRzhw=,IiO/4aXuzEtXpyd1A7LV2TlAdIS5Rzl3hwdtbKuNBQ4=,explore,My library,online-playlist,0
FGtllVqz18RPiwJj/edr2gV78zirAiY/9SmYvia+kCg=,vLvRGCAj8JzTLygSB20eqIL6hSTzE7gf4hyYAguZp0k=,discover,My library,radio,1
y3IT85vrzY2iBxFg6nsh4Cmg+mV3oqR73TPekK7x1Rc=,Kpyp6PVaOaQz81TH4KYB59FJiO/GVgzDVyCmiyxHTxc=,my library,My library,online-playlist,0
wIeuCRmznzwE6bVrKuo2QRfkztVfQVEYMNaugLCPTS4=,DKGm2awf1TsLWeXqpDfVVQf5M2qPmcxI9Dwxz+45Qqs=,my library,Explore,radio,0
E23IyF1NtT7IeesuDuHWR6g/yMpWrq3cN3U4qTjXE0A=,4brTUuIjK24sVlWzSLLL33b3JbwhNVfaDo7vvBt9FCQ=,explore,Discover Feature,online-playlist,1
b5XWI+EhZTCGoQ6YK/SLu3tmCnKh8Z7wBK6Gztm49uA=,+Sm75wnBf/sjm/QMUAFx8N+Ae04kWCXGlgH50tTeM6c=,discover,Local playlist more,song-based-playlist,1
b5XWI+EhZTCGoQ6YK/SLu3tmCnKh8Z7wBK6Gztm49uA=,eSerI0GiRKmKVwhbY05QQi6DSRrCz4/vhiyvipqURDk=,discover,Discover Feature,song,0
TO253iXvHroemKYZ23M7YL7uu6Um4zEwByNl4wcpIYs=,IhNTvk4edMSv0PCLIS6Ry23aEYtKEA/KwbJNi1OV84A=,my library,Local playlist more,local-library,0
2yBzq7nUBV99ankkp7O46elZikHVB5BvqHcr2Lzetlc=,/6kgyFt1nsLDNbZh0AHM4Pb3sbp3CZ0C4DbPa4++eVE=,search,My library,song-based-playlist,1
4MSFgArmrrq1abQEeuHkmNQjEkqn5r/Z6/LNObSm3xc=,LBFRdBacp7Ob6Ada2N7uCQ47DhiNT2KjUtwOA7oSm7I=,my library,Radio,song,1
8Pvl/iQSa1A4J/op1WLFoj9PGFv5WHjDas6efapYoss=,A8VVQOKrMDk0G8oU6z8qJ5Ggs5DneqlCpdoiKqKYIfY=,my library,My library,online-playlist,1
2LbejuZF550yFLDXLIBw3gd/c462BIJ+S/SOwneSXUM=,s84FxzZB6F3J6VOD21RuFLngqi6nMsKA4txNXn+pbK8=,search,Radio,radio,1
BqnomjS+KJtzWrGRkqLEoO3I7KapwN4B8H9in4Fsf+I=,6QMvPiMG6bKF5+C4fSsfeR/LGNMiwL55HNhd3BcvSKE=,radio,Local playlist more,local-library,0
IU4XmahhntFf39v7Xzd/Nk6fjzZCCpAjOU8xW2TWHGk=,8OsXpp32oqorzAN4NNkVouaV0I81ddPLZ8DxMRAGJdQ=,radio,Local playlist more,local-library,1
0gR6Hl63ExurTrvY9uEfmgDDgRj0nBaIse0DU199YT8=,BxDBwZ9N4vb18iY72TA2T1VROqz00TpBvOVeefkm9KM=,my library,Explore,radio,0
Z56mxjHqnR1FK1d5gkf5ARTxwZF8h0HPI+rHFGRrMHo=,M9rAajz4dYuRhZ7jLvf9RRayVA3os61X/XXHEuW4giA=,radio,My library,song,1
4tuTIArXO3WO8/zS9y2CC34ywEfChjAKUchlKW00DMM=,pkKADcjPLFdP9kX40L8dlmbLWkgUTqUB0LhurVLSTME=,my library,Radio,online-playlist,1
UhqjLSMwLYzjZFDyYQF6A33phr0tPNXyu7+I08q/u8g=,27vpOctGRDxfm4nJsYUfvNaoL8ayuXiYAYUH4H1mfJk=,radio,Explore,online-playlist,0
5wvbHjIY9vAARXRg82rOSUqfZlHLqJN88I8W8bwsiSc=,rcPNzl8xjj74tjZDop961+ugDVJKx4mdgh7L1xJ85FI=,radio,Discover Feature,song-based-playlist,1
a4aEMKA1bMIwfCarB0qN+Fjag8swMwFfXm6ri5KJvms=,JiY2ckGkra5KGchu3Rh6KPH9FL2J0tTmAB3pGyVi4BQ=,radio,Discover Feature,song-based-playlist,1
cF/VJmBHwhcqdd016oPP1wXBdWSjxEHEzwlhEn4+/4A=,0b8M2FLEH176y/ng1rK9ftUYDYnA+1NdoCOUeuyBMtU=,search,My library,radio,0
dZNojW/n4mqxR6RSZt4CMeCnJzzxBYi6n9qQCKbghvE=,jHMqK5wu5C0txl0QCxpkSM1xbIev60ii+dc99LXu8EI=,explore,My library,local-library,1
vSstkkQzt3KMmyvh0MGHpXpgzHO6kobAYipy6ik6HB8=,pCf4HI+z4rQsY9FF79m+Sojnl207qtHqtOWU2VFW1ZE=,radio,Discover Feature,song,1
hOyJGmY7tciqGf1EhDj5UT86IfSSnaTHP5JWAPxYN6s=,XVAiWjCX02nhNZ8t4bKfJOsVU51bG0YJXuOUl00tTgY=,discover,Discover Feature,song,1
b5XWI+EhZTCGoQ6YK/SLu3tmCnKh8Z7wBK6Gztm49uA=,gvHR5iZ5GWVYZBMTQFo/k0LB3Hh2RDUNhDgOCzICosE=,my library,My library,song-based-playlist,0
H5DWyI7bujtol5aU1pzvLdfBAs45Ym/5jicdUlerf2s=,U8VgelI8G461f4FVJHnavdn4zx7XjmSFcNHZ3Hru3TU=,search,Explore,song-based-playlist,1
BNSYbtaNNCYfKVig95LpQJArTEx/RN2FgivSohB8r8M=,0b8M2FLEH176y/ng1rK9ftUYDYnA+1NdoCOUeuyBMtU=,radio,Local playlist more,song,1
A6DJoTdyfFVxhngH62vlscx6pJsakhdeNs2vDEVTfH0=,IhNTvk4edMSv0PCLIS6Ry23aEYtKEA/KwbJNi1OV84A=,explore,Explore,local-library,1
lFQM2AQ0IIifeOgmnRDSFEuWfh7XQZm0Z+O6K696CQk=,VkILU0H1h3NMmk9MQrXouNudGk5n8Ls5cqRRuBxeTh4=,radio,My library,online-playlist,1
x+k/zTEqdgYq6O+r1iDjKRaQnaCS5118gzBe8c12r1Y=,zuyzUP11fbgoVp6IMfWK378GDToe59ZlK5gkf+7aKdg=,explore,My library,song,1
TO253iXvHroemKYZ23M7YL7uu6Um4zEwByNl4wcpIYs=,s84FxzZB6F3J6VOD21RuFLngqi6nMsKA4txNXn+pbK8=,my library,Discover Feature,song,1
5wvbHjIY9vAARXRg82rOSUqfZlHLqJN88I8W8bwsiSc=,wR+LLM957WfBdaXmUsdE9AiGzOVki7yjelGea+0Ze8E=,explore,Discover Feature,radio,1
08sWvzS2VVyKAVQRi6z4gxGxRQ0YQM0BXsXdVEKuzSQ=,f8/yxXLT8/hENDkcudzHhytnOwyUKJ+/JCY7Y+L/Gsw=,radio,Local playlist more,radio,1
mrjKYVskMUAksvPgRky/E2g/TiPdbpH1j5CCOzAC5RU=,gvHR5iZ5GWVYZBMTQFo/k0LB3Hh2RDUNhDgOCzICosE=,discover,My library,song,1
LR9NLKme+aT6uoW3R5XlLu9gq7LQG6tt+bJTEPpcrGg=,O+azAuxxhTE27OXm23raLUOTey/RS3+sceZDO2iFXys=,my library,Discover Feature,radio,1
16fsOt7imefLSFsV7mWoP1AL+bpjP1NuWzQ5QP9tj8k=,etnpvFVFCKje9Br8nB2pWWlaMRVwN6euSQc9+7ZnXR4=,search,Discover Feature,local-library,1
3i0jlUKhqqUKqFsoJVgN2UcDOuri7fCiE33XUCnKHXo=,TIwOs7iFTKo3Cy2yiNReYYcZc1JyAx+0k08+z97k1dA=,radio,My library,song-based-playlist,0
FaH6rl69OOVwbsO30jjdjVXD9wJO8pcVZS6LGy5zTJM=,22wN6a2Q/qVQosA8OBfVg6AbwvI2KJnZ35DXLqpLHJg=,my library,Local playlist more,online-playlist,1
TO253iXvHroemKYZ23M7YL7uu6Um4zEwByNl4wcpIYs=,7vGvrf5l1XzNbeLZXzQgaNvc2VBmncarpN3LQpLUZiY=,search,Discover Feature,online-playlist,0
EDSn8rAs8qjUvqhhFG5diTbaVbJi8qkoKXeMzf2JGVQ=,IomyG8OwXU9lWvede4KdHxtUZ+eppEdusnOCDDok36g=,discover,My library,local-library,0
P+Sxa9gtP8P8IQcpPGbwWmEFdrF16hTrtfXyfa5aGoI=,L6w2d0w84FjTvFr+BhMfgu7dZAsGiOqUGmvvxIG3gvQ=,search,Discover Feature,radio,0
5LGtbWKwKifap3ECM6HO04gPY339RM0oF7D/MfWzUxg=,8Ckw1wek5d6oEsNUoM4P5iag86TaEmyLwdtrckL0Re8=,explore,Explore,song-based-playlist,1
E3yiQ2d5+KiGkm622V73IRgukx9qXPYJIpG6xWF/lF4=,A+RNE+nwHzzYdQliLcF1YcaMpmDL91TAbz8xALp4FEM=,search,My library,local-library,1
uA7h005WTDJTwS1Tv1uzmWcWTpt/7x7Xx8JydbeMi2U=,yCNGVHLlA+gdUm0RfeIm1xAYXFugchHvED5JVerYSWM=,search,Explore,online-playlist,1
A6DJoTdyfFVxhngH62vlscx6pJsakhdeNs2vDEVTfH0=,GRaVokpHF2Uk3hgKnyJ2mDSmHvie4lyE0i6l5rA2yWU=,radio,Discover Feature,local-library,1
Ty59+gs+lfVbfm1T/SDqLmbFhtkAP4Mm75uYiaKZ6kk=,yCNGVHLlA+gdUm0RfeIm1xAYXFugchHvED5JVerYSWM=,radio,Radio,local-library,1
UTAElx4+rSh2QViTKHQhC40cphX7ZIYafAOMJOJCshY=,fUGs+CNuo9R1M6NQbuyGVFMJmTf0TSFHjYDrBglyuVI=,radio,Explore,song,1
cqjRBV/jWN2ujhc+z/4tz+Mj6xEfflAAt6qBXCqxKvw=,B2jGIdcFp/C/jeFaJdOwrw72q0kEetFFo+fReLkd6o0=,explore,Local playlist more,online-playlist,1
+boPBM5G5+vAfbO6zTy7A2FrVQyl91aBPGHkQ6ciNYc=,itxXLRAtaLyj+idcWIsuKB0AEzijUgPrMhAvAKUSE2k=,discover,Radio,song,0
EBXSMA3gzTff0F01n56dHSBQR/IDWiwuw5S+ksPgTc0=,AyU+NHMfkl3i4KQlaVcu2Y5w4JS+yMgNapvCrDuQtmY=,explore,Radio,radio,1
Mue3orxlJaHmK07bXWDrchFW1f/Or6TLVfMwx9fO9aA=,B4o9XjQJPJGGJr63sxzS4LUoQOrNhyVU1DersrYXRlI=,my library,Radio,song,0
EErUQnZWpOhxSvs3UlAQ6Jme7r+DjJyvkqhEceArwBA=,Y2CFnBr/mdTuaxOu3vKcbuUBE0UmhAIx+Pkgazp+j4c=,radio,Explore,local-library,0
YQiox2a4tbRbNBaL+VfOLH8oea77HPJMPWRh8euXZqM=,CivTL87a654wHFVt1BEZu+cryDKO8mYRsrxpEW8oVm8=,explore,Radio,online-playlist,1
FG+WikEK8x1GZIB4E2keTq2SJX4bXjFjG5gkjc8qbcw=,SKRQpz3EM5UIxT2LCGzK5k0aYg4QtyHWtr0L/EK6By8=,my library,Discover Feature,radio,1
HdnZZ4P0Vjxo2tgTvO1rsT/H3NkG7jvfrnCuF7TBK0A=,Bh52i4Qxauj9DCtTLH9CeKZgB59FIP2NofIbc6Dh0Xw=,discover,Explore,local-library,1
o+5RNlSWrzvrphgBNGIo1FLkGxBgyICns6qXj3nS7Pk=,JA6C0GEK1sSCVbHyqtruH/ARD1NKolYrw7HXy6EVNAc=,discover,Discover Feature,radio,0
vSstkkQzt3KMmyvh0MGHpXpgzHO6kobAYipy6ik6HB8=,pkKADcjPLFdP9kX40L8dlmbLWkgUTqUB0LhurVLSTME=,search,Local playlist more,radio,0
+3RfkckBHS0oQrrjJj7p69bdwJak+qzKq0fhFaeXUxA=,7vGvrf5l1XzNbeLZXzQgaNvc2VBmncarpN3LQpLUZiY=,search,Radio,radio,1
a3O5che4tB5RTo8XoApn10uQ+FpVjTNwJfNrrQyaMXk=,Tp37bk/x3F8bFpANiXXKtuLaaNtHDeQwsNUxYHNE4VY=,search,My library,radio,1
00qmlWC3H/cjf2Ig1li5xIO0VNDRgBX0f9ilouDBEZs=,nnGh305rOmte1K/4D+qsL1LyY6P+jvDlzATIqwbCa/0=,explore,Radio,song,1
cqjRBV/jWN2ujhc+z/4tz+Mj6xEfflAAt6qBXCqxKvw=,LBFRdBacp7Ob6Ada2N7uCQ47DhiNT2KjUtwOA7oSm7I=,my library,Discover Feature,song,0
o6lVTGcU8lL0OI4fOMWc21THJHoOjqxxYlYACoyTN6g=,VkILU0H1h3NMmk9MQrXouNudGk5n8Ls5cqRRuBxeTh4=,radio,My library,local-library,0
p9Lk74DKfVohPHjTvzHSVQ3lRaqW2ofcBolP45FJgiQ=,D1tFsBLd9VWbonfb6Vek0BI2EJB6udLOuV/x+ptYpOI=,explore,My library,song,0
FrYc5vaJMygJR0CjtIqrigWOlEKURefFwGKvr0BlbMI=,/70HjygVDhHsKBoV8mmsBg/WduSgs4+Zg6GfzhUQbdk=,radio,Local playlist more,song-based-playlist,1
yBXKYfcmQ+TtIEvkLQXabAY2uwudIGn21dEZYAwCDCg=,i356q8t0P9emMJq8PsFkY6CGoi34mP3cgXuDpfEDyhY=,radio,Discover Feature,song-based-playlist,1
KsjbiO2iw8TpMfu+9Bf2p8GI57Q53lsHXy1xWIMKH/E=,u6/Pb7X4u7KU4gXrBgGqt8RlRrNNFLn03tLAHyxRxwA=,my library,Discover Feature,online-playlist,1
YkG93vvIFdFWVWsYqT5w6t0X4uw9/RS03jqzhBzxFlc=,cwzdOoAlwP2AgUSgePv+UwafMqm7v7gJeFARD3rw7gA=,my library,Radio,song,1
T+FJrpYi77CWTUE5nO/vliojRaTPgt2bRUQHy5lhXrQ=,CXdtx7/QxePhjYwYFcXVv+lXjCDEGRJ9r/OC7IQXthw=,explore,Explore,song-based-playlist,1
PC0HTwpYB4UtDaA1s7qlkmktEzeiz57VXvIJijk6ChQ=,8f/T4ohROj1wa25YHMItOW2/wJhRXZM0+T5/2p86COc=,search,My library,online-playlist,0
UvM0IMLJ11PTOjdjhqapNQmHcbttfsiyv5+dtIR2IK0=,jWx64JroBecZQXiaNU1toeSiTyhqdtsj38JTLS2TEhQ=,search,Radio,song-based-playlist,0
o+5RNlSWrzvrphgBNGIo1FLkGxBgyICns6qXj3nS7Pk=,Xpjwi8UAE2Vv9PZ6cZnhc58MCtl3cKZEO1sdAkqJ4mo=,search,Local playlist more,song,1
vBNHobQRQsofef7+9NZk4C6Y6T2PBXSGXUbn6c8UOcg=,4MisMKfKs26kWvzPwqJMnqqoeNfOlsfiiFswvWIQOUI=,radio,Explore,song,1
3TZaybijIyaqU3P+moI/mzFWcAj6aR0p7bmxLT9iRq8=,XVAiWjCX02nhNZ8t4bKfJOsVU51bG0YJXuOUl00tTgY=,explore,Local playlist more,song,1
V39VxDdE9SgMQZnX58oQChm9W056pw2lC3TiifMfkKw=,27vpOctGRDxfm4nJsYUfvNaoL8ayuXiYAYUH4H1mfJk=,radio,Explore,song,0
akW+xn32y3X+ZisQokWwV8+caojTEpm3E8lV8E3yuBk=,jZVQRajq2WbbIoSiF5MSCyJKgTt7tpITHayD3PYKg88=,explore,Discover Feature,song-based-playlist,0
OyELWVNKZMJtqg+BFArzAokp8bn+pGhBWbCZaxyLIus=,aliCzBpL9zzI8nFr83ElP3cL4bdEPejIRtT7HY09fEs=,search,Radio,song-based-playlist,1
YQiox2a4tbRbNBaL+VfOLH8oea77HPJMPWRh8euXZqM=,yLoN4bFNhNb3LXZ4EdnptePHtj3Ztmrw/p13qGn3GTw=,explore,Explore,radio,0
XkORogCcAwIoTSBptOED51tv9wXQ2WCEqGgvwqKsyU0=,qxDl7URNa8pfCbbdoMNE0cHrU1+hMSIdyqhOGvQo69M=,my library,My library,radio,1
fVZedYe9G51wW8jy3Ws7FuF5IKx7zxQYWvPAfCdIRJE=,9uDuRF+ToaleR51vHf8IEw4NEKDJXRo/rVRV2011aSM=,discover,My library,song,1
8ncKS6kWM+oSslEfrPcRMcHq5VVQqBcbWoQ0FHlDgPA=,jFUlstiDM/0JBpQz1N1Mr1uJj0H8kiQsJjfbnx45gHs=,discover,Local playlist more,song-based-playlist,1
5pr+x566HOsYLEv4ouZ5cEHFFwBB74xaFbExdPGJ6b0=,5TKFWT9ivwAJiqRWz5apDsePXcJZ2b1RA/1gxTm6XoQ=,explore,Local playlist more,online-playlist,1
hzy7RwzEVDm4JmC0X2qLUvnoE1+2zNTEea4fOe/o6ms=,Z+mhovcYbExPp66GnBecKttDRM5S5YCAw9vzJACsQAU=,my library,Discover Feature,online-playlist,1
P3tJU/DjIEbh0ucnC1KT8wojenDDSwx+blB8pFp/KeE=,Hum12fv82coQWytuQUP8K0cHEdJ9zz10RrGjsGqmDpw=,discover,Local playlist more,song,1
fVZedYe9G51wW8jy3Ws7FuF5IKx7zxQYWvPAfCdIRJE=,KcQ4assZxaXsdizqxGjUSAY7CNc6+6hQzpVsjnWsShQ=,search,My library,song-based-playlist,1
0gR6Hl63ExurTrvY9uEfmgDDgRj0nBaIse0DU199YT8=,A7Z2nDVASy04EpmfzOL9PRMN3hFVbWQ7ah4J+o9sLnE=,discover,Discover Feature,song-based-playlist,1
tNvUsQwOJX5OgGsBBN9to3vI+DoUc6S1BFgNXUaYoo0=,T86YHdD4C9JSc274b1IlMkLuNdz4BQRB50fWWE7hx9g=,search,Explore,local-library,1
Y8fGbgG4J6bpoXzljxRIp+hwVjk2ULHaLAfJatxHjg0=,G21dv1ZiXpa7iO6UrKktIgqRdrvx7nLjRbRHGmtzGvQ=,explore,My library,song-based-playlist,1
Ty59+gs+lfVbfm1T/SDqLmbFhtkAP4Mm75uYiaKZ6kk=,gG3/58uZyyOwaPT+eGWL81mwCzcDPW2EmwYcjWmvJSs=,explore,Radio,song,0
UhqjLSMwLYzjZFDyYQF6A33phr0tPNXyu7+I08q/u8g=,66NCw1qHAROy0PiUC1tPNmGYqRvBSfvGUsO+46BooDc=,discover,Explore,local-library,1
NwX1NaVlyw0jvfQNxLTcx9ztIUKVL/sjkccdAmMpfCA=,Rerp71vL127G1162T5Bwgk3D6r/ZtiXDfWvYz+3ljhE=,search,Radio,local-library,1
lq5Q5jIo2pNtn/bTBZy8e07jc4qcIhLI7PXeieo/EgI=,yn6Kt6+romPpZ1i6+hqI3WJ42G5SdsX3a+l59IaMcp4=,radio,Discover Feature,online-playlist,1
5pr+x566HOsYLEv4ouZ5cEHFFwBB74xaFbExdPGJ6b0=,HTu0yj2OGmSKPV6I6ktmb6DnmnZY8ZSFrrzNFR/MOfQ=,discover,Local playlist more,song-based-playlist,0
n5v6IqRk4CZnELtP0Z2et7EZrdPicfyhvD2gIdq1Mcc=,T86YHdD4C9JSc274b1IlMkLuNdz4BQRB50fWWE7hx9g=,discover,Radio,song,1
nAiRf+UmYT7ZWIOUF6Ig3D0FDVIVpSgUb+H40Vg1eQU=,G21dv1ZiXpa7iO6UrKktIgqRdrvx7nLjRbRHGmtzGvQ=,radio,Local playlist more,radio,1
OMy7VLQDDDlAqrp/YCl+BvzGIgZoWNejIDqSl8siqIM=,q5/Vwifgv0SGdEIyiMU2F0pIXkeCIW3w2xB8n4iMoS0=,search,Local playlist more,song,1
1d4acB2bhEZCFjSRwvO4ls8PrBtvNTlkcAcxYx8FcWE=,pHaz1pjrzfa+p9u7Ga2ngsEhHUyUgT1Npouo+nP6e8s=,discover,Discover Feature,radio,0
TDHfjwkLrnoorqjTUFtlzSL47Yl1oEBpHM8k7qHrIdI=,pHaz1pjrzfa+p9u7Ga2ngsEhHUyUgT1Npouo+nP6e8s=,explore,Local playlist more,song-based-playlist,1
rEVqJ3NIxC9LSUZYOj1ft5VSAvFo3AxNu2k36hKKtWc=,w4Zku7HxtkAKl/BB8H81ZfWOXwnnmVbZBvFZeRPuRUU=,my library,Local playlist more,local-library,1
gNqpBxDbTlhvjHhGUzkOXI7uwdcMfsUjThCFibPphkQ=,IXP1a2o3NL8WU4WK1X0WJAKaSW+LgGRpPDn4Gt1HrV8=,discover,Radio,online-playlist,1
4aRFGkKzGUpqTbjojytAtRQNdx0egL02hjJhSqq0+NA=,zx4aCmk+b/uPmvESsG8ekvi7qWmifSPNMXg1i8wyG8Q=,explore,Explore,online-playlist,1
H1D92jYJ3GyJWLmt3ZAE3QgxgfCCit8WTsT7+KwS+vw=,gG8cycpwQak+/chDrTlk8CXXIw4ztVIO1OhbdJBTav8=,discover,Explore,song-based-playlist,1
8Pvl/iQSa1A4J/op1WLFoj9PGFv5WHjDas6efapYoss=,rqNd52MxQ+okfR61j2c7u36DLODO4d2Zt/hMm3jxncM=,my library,My library,radio,1
n7V1D5AuwLykWxCzsU1eNPSyxVbrSXs6IXiWF2zN0gY=,eaEPf0VwQhIvfAm8xzQucpa0/OnWo18Ig1cfMIUsZ3M=,radio,Radio,song,1
lq5Q5jIo2pNtn/bTBZy8e07jc4qcIhLI7PXeieo/EgI=,AyU+NHMfkl3i4KQlaVcu2Y5w4JS+yMgNapvCrDuQtmY=,my library,Explore,song-based-playlist,1
tNvUsQwOJX5OgGsBBN9to3vI+DoUc6S1BFgNXUaYoo0=,i356q8t0P9emMJq8PsFkY6CGoi34mP3cgXuDpfEDyhY=,explore,My library,local-library,0
vBNHobQRQsofef7+9NZk4C6Y6T2PBXSGXUbn6c8UOcg=,wJdog4OHtULqly94aQ/X2uud6ya+juDh25ay4sqoxuI=,my library,Radio,song-based-playlist,1
R7AyK9ZUi5d21sCDumgghXW+TNacd/qN0dNMa0C22pA=,6HofPS0v2MVFsL10yCN7dXUL+gUOnvsD35vx3HmRbdE=,my library,My library,local-library,1
2+T8pswRgDmvZ6B4esKi3lWZyT4xqeVKmv19J0/y51w=,M9rAajz4dYuRhZ7jLvf9RRayVA3os61X/XXHEuW4giA=,discover,Local playlist more,song,0
fVZedYe9G51wW8jy3Ws7FuF5IKx7zxQYWvPAfCdIRJE=,HsgJXv1C7iVZiP7CWwWTfsmMhia6Huc0MUccfj+D02o=,discover,Explore,song,0
2tmUzRCcD0l3et0ck9XfxZT6gT9LM3w8gwfckVNylIU=,B4o9XjQJPJGGJr63sxzS4LUoQOrNhyVU1DersrYXRlI=,discover,Explore,song-based-playlist,1
OOETiYOFhuTowtgRUIiKommGv0eo6XUHLc1ofgwcJew=,DKGm2awf1TsLWeXqpDfVVQf5M2qPmcxI9Dwxz+45Qqs=,search,Discover Feature,local-library,0
4abUL+lw0T5WFbdgeEyj8UHqyYxA7Exgw2tWiDJVSwY=,CsgH03aRehnhVifHOPXwF4mfA2yHdqK/IWpwXMm73CU=,radio,Discover Feature,song-based-playlist,1
gNqpBxDbTlhvjHhGUzkOXI7uwdcMfsUjThCFibPphkQ=,BwDDym6Tp7EnGudWBGJyjONZeX0/4ndu5PETiPWzav8=,discover,Local playlist more,song,0
9wwJC2y3YDYTilHnM+uYnPS7GCxV625Hs4VZ7sc6OKY=,Rerp71vL127G1162T5Bwgk3D6r/ZtiXDfWvYz+3ljhE=,explore,Discover Feature,local-library,1
a89sofbsaFkpzn8/P10elgzbXDQokPTlsKc1uqi7Zco=,f0Yvo22LVUbRIlICXcEEym7IYNVjUqghZryP6Vf103A=,my library,Discover Feature,radio,1
2yBzq7nUBV99ankkp7O46elZikHVB5BvqHcr2Lzetlc=,c2bp6xlq7o3Pj6x95ddX67S/wGsP6qPN/8PqM1DL0a8=,discover,My library,song-based-playlist,0
xQp8uu2ljPWqokw6Eg+4TCB/GUC/EZwFMcapcleGiDw=,GFWjz4apE8zMiXe6wc0qCjr+DbK9BFkwo/rr+FsNm+g=,search,Discover Feature,radio,1
MXIMDXO0j3UpaT7FvOSGW6Y5zfhlh+xYjTqGoUdMzEE=,CfOyUSvBAIGhsUEcZ6hTnWLLaQrDtzVmoIdmIMXBOTA=,search,Discover Feature,online-playlist,0
FaH6rl69OOVwbsO30jjdjVXD9wJO8pcVZS6LGy5zTJM=,s84FxzZB6F3J6VOD21RuFLngqi6nMsKA4txNXn+pbK8=,explore,Local playlist more,online-playlist,1
uCDJmSDTzA5PpnYGqKvNmFbwBIoS3jIXFbO5YfoCv/Y=,MwZaD94L4Wl4APdJSVQF5JPt+xH6hb2KtWpFsjwYUlo=,discover,Radio,radio,1
OOUnJuX4SteRhUdJZ9B2DqtfiwsfcZVBefEhXLeBsFg=,kE+FVLsG03zTzYoGVDqTmVkoSKC9DjJwQr2puF6MkOI=,explore,My library,song-based-playlist,0
rEVqJ3NIxC9LSUZYOj1ft5VSAvFo3AxNu2k36hKKtWc=,kge3dyGXCTqgUbHpFPB0x8gy+cPAamtArhr4sghdRH0=,my library,Discover Feature,song,1
rGbXmjKDOsBV9n2LJEPtx4GcJS00c7Bs9ZFo6icxVJM=,ayL6eLHKSrmX4smFi1KbGMYrWI9EwsiErGjWUJ9CTrQ=,search,Discover Feature,song,0
lq5Q5jIo2pNtn/bTBZy8e07jc4qcIhLI7PXeieo/EgI=,pHaz1pjrzfa+p9u7Ga2ngsEhHUyUgT1Npouo+nP6e8s=,explore,My library,song,0
/2A361q3cuoEFZ0FoMEWj8SIVRJyPpHZQ5ni6Oud88M=,41aDNLPNdJ8PZdNo46uAPDJ4yFTKrPYY1jeM4CucBGs=,explore,My library,song,1
hzy7RwzEVDm4JmC0X2qLUvnoE1+2zNTEea4fOe/o6ms=,22wN6a2Q/qVQosA8OBfVg6AbwvI2KJnZ35DXLqpLHJg=,explore,Explore,radio,1
AXKTVBbdr2/z7m5WL1IXzlriNbun8B+7wM41MsWCYDw=,WRuHbl8CJbAuzUb4f/88Ly6IXif+IVVWolkp33Nm8wI=,discover,Radio,song,1
DqwB7smOAIbNnnQbWOpfsmy9znTwfDEQCW1I6ujFG48=,SHV52/0W8kZcf3uJZF9+ZP3S5vu2RO4WNGhZ8qQHulU=,discover,Radio,online-playlist,1
nAiRf+UmYT7ZWIOUF6Ig3D0FDVIVpSgUb+H40Vg1eQU=,rcPNzl8xjj74tjZDop961+ugDVJKx4mdgh7L1xJ85FI=,my library,My library,radio,1
Y4FvDsosFNoz4ZHIAbuwgUBSFK8qY2oE5p7V8wymc/Q=,Wi0kjTBakpXIWBbaT++vmtjDSEo06lhfiVO4KMSF5jc=,radio,My library,online-playlist,1
aMB9nC9PVKXsk/K++qMMG0in0dvk2XiUFuAnr10qiac=,N21RxItkM+DqGIdEWiPa5urFl3xvDUNVdhr2bFZvMeA=,discover,My library,song-based-playlist,0
E23IyF1NtT7IeesuDuHWR6g/yMpWrq3cN3U4qTjXE0A=,x0AQuGp6SHvaD/fLkk+6JzAp6zOUgd30Tx4oL3YBz5Y=,explore,Discover Feature,song,1
lfK5QUAaa28niDIyQ2oGkSntvSe7G5EmQ1N6nvnE8lY=,nW7czLK5LBcCT/uAo+03SyWAbaEEaSnXI5uxhC7QiBM=,search,My library,radio,0
1d4acB2bhEZCFjSRwvO4ls8PrBtvNTlkcAcxYx8FcWE=,7XjSvrL47/EJD2mNR0e2Ja+ed/Dm0j35tKPQLiO2Hjk=,search,Radio,radio,1
IU4XmahhntFf39v7Xzd/Nk6fjzZCCpAjOU8xW2TWHGk=,9tMmo3BI0ElPvI5O0DoVc4u12TzxgEdtwTadElAbc1U=,radio,Explore,radio,1
8Pvl/iQSa1A4J/op1WLFoj9PGFv5WHjDas6efapYoss=,l71bGvOgjZIJQHa+E1GW7L5QWYSliCUKy+Hg3SmxzOE=,my library,Discover Feature,song,1
y3IT85vrzY2iBxFg6nsh4Cmg+mV3oqR73TPekK7x1Rc=,LBnwicJLcepb/l8c68qpMRJIaUcm1UvgtKEfQwITrpI=,my library,Explore,online-playlist,1
tnPUP8fJSxqSkuJZygxUzdvY2dVUyPxoKCGHmrwcKEM=,vkagi2Lrvjx/FxLWE6FHZFoDoOaSWI052fEQCwouDUs=,explore,Explore,song-based-playlist,0
4MSFgArmrrq1abQEeuHkmNQjEkqn5r/Z6/LNObSm3xc=,Hg9Bv1grz9a7lTp6HxpK//dV5AOqft4uk1fjIfPMJFE=,explore,Radio,online-playlist,1
crUeQ6DYDHHRNYmn+n5Kodfvu9ki0IdHfXHNlZEUPHs=,q5/Vwifgv0SGdEIyiMU2F0pIXkeCIW3w2xB8n4iMoS0=,explore,Local playlist more,local-library,0
8ncKS6kWM+oSslEfrPcRMcHq5VVQqBcbWoQ0FHlDgPA=,tB7WW8fbj7VdrPYInjSGBfslYr2DKNIeeFKQsqqMZvc=,radio,My library,song,0
wIeuCRmznzwE6bVrKuo2QRfkztVfQVEYMNaugLCPTS4=,eBme/h4Z4eP7BZY3tifu5Lr/dRB9NQJVIl36jZ5DZGQ=,radio,Radio,song,1
J/KdXo5kGQs+dRxYam3/tZlwhl7ZX+sYvvCdjg8Tqzg=,G/4+VCRLpfjQJ4SAwMDcf+W8PTw0eOBRgFvg4fHUOO8=,radio,My library,online-playlist,0
H1D92jYJ3GyJWLmt3ZAE3QgxgfCCit8WTsT7+KwS+vw=,Knq4ruFJI2OJlOtotwq3fuWueMlXcUeS3oxVEYlKoC4=,radio,My library,song,0
4abUL+lw0T5WFbdgeEyj8UHqyYxA7Exgw2tWiDJVSwY=,PWxngjBL3gt2KhdKy8MwEYTgAw/lkL9F/lqqjciktFk=,discover,Radio,song,1
+Y+wTRRkZ0QA3bV4+7nwu8qlN5Kb7ygMhqvB5L929YI=,DH9SXL888u6VtOCkF/nqFbmtHlEkYgh9atVYPHfSfo4=,radio,My library,song,0
dU4RbzpIRRd/EkA9Xncpy9CglzDBZp7nKMfdnfr3Aj8=,wR+LLM957WfBdaXmUsdE9AiGzOVki7yjelGea+0Ze8E=,search,Explore,song-based-playlist,1
4tuTIArXO3WO8/zS9y2CC34ywEfChjAKUchlKW00DMM=,Sb2AlcokNNB8/NfoJjK+C/N5lmET1mY6HAd781MxQy0=,radio,My library,song-based-playlist,1
pJxMd9PL/N7CdwTwKu3YqiqYSRAJHuejlrTonaPfPfU=,skehue/d/R59G71dXYpntDwdjRRPlweN3JE8g40TgZU=,my library,Explore,radio,1
tnBf+t14y3vlNshUe1XQbIWYtTBMBYmVXIMWdNVRv/o=,UZ3dBhXYs3u2VWiwH9VQYBWnp1hi25EmxuK8JISoSZU=,explore,Explore,online-playlist,0
frZtrrN1Y2ZqZX3VFiq7FpAvLth3kZJNovT9cmyn2O4=,B2jGIdcFp/C/jeFaJdOwrw72q0kEetFFo+fReLkd6o0=,radio,My library,local-library,0
5wvbHjIY9vAARXRg82rOSUqfZlHLqJN88I8W8bwsiSc=,w0/+8z/tSrUK3JctMyhYTh2LfNl9OFga+Tw0yl0IVfc=,my library,Explore,radio,0
2+T8pswRgDmvZ6B4esKi3lWZyT4xqeVKmv19J0/y51w=,/70HjygVDhHsKBoV8mmsBg/WduSgs4+Zg6GfzhUQbdk=,explore,Discover Feature,song,0
hOyJGmY7tciqGf1EhDj5UT86IfSSnaTHP5JWAPxYN6s=,eKCra1VJtznUJW/pya0TCpqHRxHxdQ51S3fspJmR2gs=,my library,Radio,song,1
SyBjgDUF6aV+1d17oV4XPDBkJLU//LAOwWdYh4DAUiU=,O+azAuxxhTE27OXm23raLUOTey/RS3+sceZDO2iFXys=,discover,Local playlist more,local-library,1
0gR6Hl63ExurTrvY9uEfmgDDgRj0nBaIse0DU199YT8=,L6w2d0w84FjTvFr+BhMfgu7dZAsGiOqUGmvvxIG3gvQ=,search,My library,song,1
XkORogCcAwIoTSBptOED51tv9wXQ2WCEqGgvwqKsyU0=,TVtxD8qAAl8KeA5CU+1c4Pg6+/PR3vK2vYMnY/eSGho=,radio,Radio,song,1
16pGH8W1JKJTrQSZDX3gQY57S3FiO4YJheGRiYbONsU=,KcQ4assZxaXsdizqxGjUSAY7CNc6+6hQzpVsjnWsShQ=,explore,My library,song,1
UjuPJCQo/YoGVR/yJ+CocmWUk2czJE0BBKqaPpVYV64=,D1tFsBLd9VWbonfb6Vek0BI2EJB6udLOuV/x+ptYpOI=,radio,My library,radio,1
o+5RNlSWrzvrphgBNGIo1FLkGxBgyICns6qXj3nS7Pk=,4brTUuIjK24sVlWzSLLL33b3JbwhNVfaDo7vvBt9FCQ=,discover,My library,local-library,0
OMy7VLQDDDlAqrp/YCl+BvzGIgZoWNejIDqSl8siqIM=,R1769yIwSejBpG/qGgxdD3BiYXI2fJgMg1jjlKCPhIo=,explore,Explore,radio,1
wobMEyGx2iCkFu27/HPRJIky3S8tO/rS8Rr+tsvEe0k=,HRg8zzy3PcS4sBcZIFOcUL4uCqg7SurUslUQyF2op+o=,radio,Radio,song,0
wobMEyGx2iCkFu27/HPRJIky3S8tO/rS8Rr+tsvEe0k=,i7p594HsKb4cYynsE1a80PmSBL9bFI2dmBu16bwdke4=,discover,My library,radio,0
FG+WikEK8x1GZIB4E2keTq2SJX4bXjFjG5gkjc8qbcw=,0PSoBhrpfwF09qQKvTiItwZNPjOuyL0uoTazKevG8ls=,radio,Discover Feature,radio,1
8ncKS6kWM+oSslEfrPcRMcHq5VVQqBcbWoQ0FHlDgPA=,+SstqMwhQPBQFTPBhLKPT642IiBDXzZFwlzsLl4cGXo=,search,Discover Feature,radio,1
EDSn8rAs8qjUvqhhFG5diTbaVbJi8qkoKXeMzf2JGVQ=,JA6C0GEK1sSCVbHyqtruH/ARD1NKolYrw7HXy6EVNAc=,my library,Radio,radio,0
frZtrrN1Y2ZqZX3VFiq7FpAvLth3kZJNovT9cmyn2O4=,bFbleyVHx6Nr9tHMr4OybO2i3A4FS2Be0/62K2+FSpY=,explore,Radio,online-playlist,0
LR9NLKme+aT6uoW3R5XlLu9gq7LQG6tt+bJTEPpcrGg=,opfHqJ0Oz4KsSqM5/TqBERkLI9DFnMD0Jywzh7XSE6Y=,radio,Radio,song,1
tlFGRF/TtrSwJA9XPHL4cajWghZCbAbhzif/6wJiN6Q=,7dUiqNIuyM+aDRJEw3+ZSYydeZGAQ1AAI0eOd0Nzh8c=,explore,Discover Feature,online-playlist,1
UTAElx4+rSh2QViTKHQhC40cphX7ZIYafAOMJOJCshY=,5TKFWT9ivwAJiqRWz5apDsePXcJZ2b1RA/1gxTm6XoQ=,radio,Radio,radio,1
5pr+x566HOsYLEv4ouZ5cEHFFwBB74xaFbExdPGJ6b0=,n+pMhj/jpCnpiUcSDl4k3i9FJODDddEXmpE48/HczTI=,radio,Radio,radio,1
tlFGRF/TtrSwJA9XPHL4cajWghZCbAbhzif/6wJiN6Q=,LBnwicJLcepb/l8c68qpMRJIaUcm1UvgtKEfQwITrpI=,discover,My library,song,1
DqwB7smOAIbNnnQbWOpfsmy9znTwfDEQCW1I6ujFG48=,dKsoBHe5cVhyQSU8CimXs4ysaAky4RNgBwIafHaLkik=,discover,Local playlist more,song-based-playlist,1
H1D92jYJ3GyJWLmt3ZAE3QgxgfCCit8WTsT7+KwS+vw=,41aDNLPNdJ8PZdNo46uAPDJ4yFTKrPYY1jeM4CucBGs=,discover,Local playlist more,song,1
MXIMDXO0j3UpaT7FvOSGW6Y5zfhlh+xYjTqGoUdMzEE=,h45pWoMzCvsq3e3rBIuHggNB/3NG06/SIVDPEPOF1Gc=,discover,Local playlist more,local-library,1
tnBf+t14y3vlNshUe1XQbIWYtTBMBYmVXIMWdNVRv/o=,DRWs2zLgDBAqLqyHsNZVPyiBed+Iutm+qsoWqvo6dkA=,explore,Discover Feature,song,1
wv0o115CdKSsFlsV7VvHikjyxLG0LFc5qALhM8xkUZ4=,nnGh305rOmte1K/4D+qsL1LyY6P+jvDlzATIqwbCa/0=,discover,Local playlist more,online-playlist,1
saNgxsUQwx4IXBRgFF0w3uJN6KzvQBEv3dI7dDaz97g=,WOvHYkt7XUOtmMOTsgT+2vJKydJEVInZGliuLUXoV7o=,search,Explore,local-library,1
SyBjgDUF6aV+1d17oV4XPDBkJLU//LAOwWdYh4DAUiU=,pHaz1pjrzfa+p9u7Ga2ngsEhHUyUgT1Npouo+nP6e8s=,search,Explore,local-library,0
A6DJoTdyfFVxhngH62vlscx6pJsakhdeNs2vDEVTfH0=,iiifj//EcKnociT6W3nBASJygGe/TyFB41UD1bTtnU0=,discover,Discover Feature,song-based-playlist,1
hYJpPvGod6vy09TnlXdQe3Q0vlxju5u5Ruf8V2XkTio=,7zFV1bMlN//PbeZut5RL6SnRlZ7/9nBKIXf/dzhK9kM=,explore,Local playlist more,radio,1
3yBpYWqEybBPazsqB5NIhrXKCFe1Djn5orPBvxz9ArE=,xeyouM+hIjUtImV20of0p7SrDY4UnejP5Q/BnCHYG00=,radio,Discover Feature,online-playlist,1
E9jsIxPWhebfnR8cbqPgS+FxCt0zBSXP+72mYRFg0+U=,d9Flpsyq/y8CR3F213pnXUkrfK1fMClvhYH37pFSc7s=,radio,Radio,local-library,1
O6cmcavFpTlX0oU/WxJrYGxLIvR22dVpHz/VJxylp8g=,FaTUlIiCh/6sEOasPm1vgIk9XqavgSGgRGYuOkzTF0o=,my library,Radio,song,0
UGX+2jh3WO5XRuVOPuPCiIetzHlBjh0DPOLPeJSe36E=,zg6SzD3aqsnOqqyhFYTdbCNFrhSACbwefB/ZFi68AO0=,search,Radio,song,1
Z56mxjHqnR1FK1d5gkf5ARTxwZF8h0HPI+rHFGRrMHo=,b7yydI1iGdF/kFybrbVHHDXeI/9stzEWK1i77MLj4rU=,radio,Explore,online-playlist,0
BqnomjS+KJtzWrGRkqLEoO3I7KapwN4B8H9in4Fsf+I=,G0rUz0kguI35yzj95LX2BXI30PqCcJJtPNfirR0BhIs=,radio,Discover Feature,local-library,1
qn0aqqC8dcshYsmcFmFYJtebwjMp6kLr8yanC5QC79o=,HzCFc9gU/AuYNF1ld1ZlyeCpQvVLTonc8+ZrUAidmmY=,my library,Local playlist more,online-playlist,1
+Y+wTRRkZ0QA3bV4+7nwu8qlN5Kb7ygMhqvB5L929YI=,eBme/h4Z4eP7BZY3tifu5Lr/dRB9NQJVIl36jZ5DZGQ=,my library,My library,song,1
vBNHobQRQsofef7+9NZk4C6Y6T2PBXSGXUbn6c8UOcg=,pCf4HI+z4rQsY9FF79m+Sojnl207qtHqtOWU2VFW1ZE=,explore,Discover Feature,local-library,0
TO253iXvHroemKYZ23M7YL7uu6Um4zEwByNl4wcpIYs=,rFLawM8j/vW78o/S3P2GTsmy6HwkTI15P7NF/i9CkX4=,my library,Radio,online-playlist,0
MxCUQ6tAD7LU1yR0gwRck91ZKE88gY8kD/rX9Hi9srQ=,fDBtAj8rHHCQGeSsDEeT0WA3gSp6p7g3z71981gFuQA=,search,Local playlist more,local-library,1
xQp8uu2ljPWqokw6Eg+4TCB/GUC/EZwFMcapcleGiDw=,THqGcrzQyUhBn1NI/+Iptc1vKtxBIEg0uA8iaoJnO1Q=,explore,Radio,radio,0
rGbXmjKDOsBV9n2LJEPtx4GcJS00c7Bs9ZFo6icxVJM=,G21dv1ZiXpa7iO6UrKktIgqRdrvx7nLjRbRHGmtzGvQ=,discover,Discover Feature,local-library,0
TO253iXvHroemKYZ23M7YL7uu6Um4zEwByNl4wcpIYs=,GFWjz4apE8zMiXe6wc0qCjr+DbK9BFkwo/rr+FsNm+g=,my library,Local playlist more,local-library,0
Y8fGbgG4J6bpoXzljxRIp+hwVjk2ULHaLAfJatxHjg0=,IhNTvk4edMSv0PCLIS6Ry23aEYtKEA/KwbJNi1OV84A=,radio,Local playlist more,local-library,1
uCDJmSDTzA5PpnYGqKvNmFbwBIoS3jIXFbO5YfoCv/Y=,skehue/d/R59G71dXYpntDwdjRRPlweN3JE8g40TgZU=,search,Discover Feature,song,0
0ut67E6+04VZ9RDX1nJYPmPARhbgYbsjEKl7K4dpjDw=,hme5eV1flIR0iLiRc0XRKQHssHaz7palP92OutFelak=,my library,My library,radio,0
HfVrxfpxOJuQ4FofEFxdlwm9yvaoy8y0JOH3GaQ/RTs=,Zks8Is+xdBwLuMg0lYynAU4FanLNf/tyuZ8d7IEvY9c=,radio,Radio,song-based-playlist,1
yBXKYfcmQ+TtIEvkLQXabAY2uwudIGn21dEZYAwCDCg=,++QfzyM/LiFaCuvkDFK/wJe13ZEMgTgAaVCcolo7nnY=,explore,Local playlist more,online-playlist,1
+boPBM5G5+vAfbO6zTy7A2FrVQyl91aBPGHkQ6ciNYc=,OaEbZ6TJ1NePtNUeEgWsvFLeopkSln9WQu8PBR5B3+A=,my library,Explore,online-playlist,1
TDHfjwkLrnoorqjTUFtlzSL47Yl1oEBpHM8k7qHrIdI=,66NCw1qHAROy0PiUC1tPNmGYqRvBSfvGUsO+46BooDc=,my library,My library,online-playlist,0
w4SNbHDAMuMbulkgcHGYOl/datijVua3CR5D73DylLs=,9tNXaK/yKJfTcoWLRFw6HXplizDxq4bFvzs3scmesCU=,explore,Explore,song-based-playlist,1
baemFqI4x+fpHweCJQeb64jdSmOWUKkJuwK5BrgcsX0=,vkagi2Lrvjx/FxLWE6FHZFoDoOaSWI052fEQCwouDUs=,radio,Explore,radio,0
38LUs5mVWNKfyjL7ilf9JCnWZLjnno2obLXr69JJKcw=,fvFw8C8/hBGjtRs+4+bPpo6Ytw9YG0pLOwWJf3YAVhY=,search,My library,online-playlist,0
OMy7VLQDDDlAqrp/YCl+BvzGIgZoWNejIDqSl8siqIM=,4MisMKfKs26kWvzPwqJMnqqoeNfOlsfiiFswvWIQOUI=,explore,Local playlist more,song,1
K7obY5lUlZTd6a/byE9NG/e7Q/dlgHfppLbYk8OL7os=,HsgJXv1C7iVZiP7CWwWTfsmMhia6Huc0MUccfj+D02o=,discover,Explore,radio,0
SyBjgDUF6aV+1d17oV4XPDBkJLU//LAOwWdYh4DAUiU=,pHaz1pjrzfa+p9u7Ga2ngsEhHUyUgT1Npouo+nP6e8s=,search,Local playlist more,local-library,1
y3IT85vrzY2iBxFg6nsh4Cmg+mV3oqR73TPekK7x1Rc=,cR+VrCdZkNm/QM0WjQQip9AnOrT/auRDZboM1KpevS4=,search,Radio,song,1
SyBjgDUF6aV+1d17oV4XPDBkJLU//LAOwWdYh4DAUiU=,Bh52i4Qxauj9DCtTLH9CeKZgB59FIP2NofIbc6Dh0Xw=,search,Local playlist more,local-library,1
P+Sxa9gtP8P8IQcpPGbwWmEFdrF16hTrtfXyfa5aGoI=,W+akwEPQhC1OugUaQlo0DR9xVs49UbJDZbiGvgN6ZyY=,explore,Discover Feature,local-library,1
yBXKYfcmQ+TtIEvkLQXabAY2uwudIGn21dEZYAwCDCg=,zx4aCmk+b/uPmvESsG8ekvi7qWmifSPNMXg1i8wyG8Q=,radio,Radio,song,1
rdNI0wgxmcsOgjH0akX2/zzW8qbDZc45D681Mpq45jI=,cLpXPLkgvZlNs+wbtHh2zFjvGMH61BU5fj79s+G2/PE=,radio,My library,radio,1
KsjbiO2iw8TpMfu+9Bf2p8GI57Q53lsHXy1xWIMKH/E=,EELIvnP5lcFg+W/XGvKrKj06DhzWRoowEHGGvBGlDkk=,radio,Explore,online-playlist,0
4aRFGkKzGUpqTbjojytAtRQNdx0egL02hjJhSqq0+NA=,zg6SzD3aqsnOqqyhFYTdbCNFrhSACbwefB/ZFi68AO0=,search,Radio,local-library,0
A6DJoTdyfFVxhngH62vlscx6pJsakhdeNs2vDEVTfH0=,ra6TLz6Y37OSFOqg4aCvjV7nalatCwZdQvoJRMwSNvk=,search,Radio,radio,0
EBXSMA3gzTff0F01n56dHSBQR/IDWiwuw5S+ksPgTc0=,IgMar/mVrJQ+ODFPytDf7jwQMmR09+slyZUdVylRFLc=,my library,Radio,song,1
2yBzq7nUBV99ankkp7O46elZikHVB5BvqHcr2Lzetlc=,WLWYK2ULyKhj/FAWvhEOVQuDlZmsmTkKscwahrXsoBM=,discover,Explore,online-playlist,1
uCDJmSDTzA5PpnYGqKvNmFbwBIoS3jIXFbO5YfoCv/Y=,WrVBxKvotVYzAKxCxNAGssQ1oCgO0gAJ4sNCfhfdfOY=,discover,Radio,radio,0
rGbXmjKDOsBV9n2LJEPtx4GcJS00c7Bs9ZFo6icxVJM=,G/4+VCRLpfjQJ4SAwMDcf+W8PTw0eOBRgFvg4fHUOO8=,search,Radio,online-playlist,1
2LbejuZF550yFLDXLIBw3gd/c462BIJ+S/SOwneSXUM=,TYhx9eqWklddkLQlApQ5MS9jJCO4H3JHdpISZ3kZSRE=,search,Radio,song-based-playlist,1
A6DJoTdyfFVxhngH62vlscx6pJsakhdeNs2vDEVTfH0=,yLoN4bFNhNb3LXZ4EdnptePHtj3Ztmrw/p13qGn3GTw=,discover,Local playlist more,song,1
6aH1YAi5YwvZUHtpjEaMQwM0p4wP4XLrkWQSdXDF9L8=,gu/lHDjq6qqpU7r3CQkvRpGF9kqc2Mrn9CZhb7jrFvY=,explore,Explore,online-playlist,1
mGDObQQojFOJfK2rJKcme282huuk0qDxBzWL22/qYbc=,B+lDDFfdRD9WVY2vdfJX3DXLlKohkLJC+mxE+Hfnh/o=,explore,Explore,radio,0
uhEkft9Ht4TsUF5wBkmmZbtbaIVESVfiUnMlxHYl0HI=,w4Zku7HxtkAKl/BB8H81ZfWOXwnnmVbZBvFZeRPuRUU=,explore,Radio,song-based-playlist,1
K7obY5lUlZTd6a/byE9NG/e7Q/dlgHfppLbYk8OL7os=,YKXNGyMdm+M370+YcJdqTDhPN1gJgBj+F5rmrdnPZT4=,radio,Local playlist more,online-playlist,1
EBXSMA3gzTff0F01n56dHSBQR/IDWiwuw5S+ksPgTc0=,d9Flpsyq/y8CR3F213pnXUkrfK1fMClvhYH37pFSc7s=,my library,Radio,local-library,1
DqwB7smOAIbNnnQbWOpfsmy9znTwfDEQCW1I6ujFG48=,v/3onppBGoSpGsWb8iaCIO8eX5+iacbH5a4ZUhT7N54=,my library,Local playlist more,online-playlist,1
akW+xn32y3X+ZisQokWwV8+caojTEpm3E8lV8E3yuBk=,TbrfWJpl81E4alsi2+b84oeUu+b5S/8n9yFlZDriNYs=,my library,Local playlist more,song,0
gNqpBxDbTlhvjHhGUzkOXI7uwdcMfsUjThCFibPphkQ=,YpeEDiJw4nf+dGvwJJqGWlFsbJp2cRxhmB3vioPeU0E=,radio,Discover Feature,song-based-playlist,0
PC0HTwpYB4UtDaA1s7qlkmktEzeiz57VXvIJijk6ChQ=,GRaVokpHF2Uk3hgKnyJ2mDSmHvie4lyE0i6l5rA2yWU=,radio,Local playlist more,online-playlist,1
JkQacE3rvmhh65R04eDLbu+M7MCkpzmHwMGrbZo0puc=,qHD46j2HpNipwKHtoE0035AIr+FAdNYaSi1VNT3gACk=,discover,Local playlist more,local-library,1
FG+WikEK8x1GZIB4E2keTq2SJX4bXjFjG5gkjc8qbcw=,Zks8Is+xdBwLuMg0lYynAU4FanLNf/tyuZ8d7IEvY9c=,discover,Discover Feature,local-library,1
E3yiQ2d5+KiGkm622V73IRgukx9qXPYJIpG6xWF/lF4=,shYcSF/8MpYMxMzLfRznBZjwoQIvd+RUH06UamCj8ks=,explore,Discover Feature,radio,1
Mue3orxlJaHmK07bXWDrchFW1f/Or6TLVfMwx9fO9aA=,s84FxzZB6F3J6VOD21RuFLngqi6nMsKA4txNXn+pbK8=,my library,Local playlist more,local-library,0
1wiu2UfN0BNhHfPTrDS3S/rQkX/vnwDoKH6ODTUdH9k=,wH3O5bbWPKwaed4dTZHBx//gQ5BzAjdnyaHM8hozEiY=,search,Explore,local-library,0
E3yiQ2d5+KiGkm622V73IRgukx9qXPYJIpG6xWF/lF4=,2uFTn3kDES2C3JeqzV4cpSAGQ756GFK0XajzEDLqER4=,search,My library,song,1
P+Sxa9gtP8P8IQcpPGbwWmEFdrF16hTrtfXyfa5aGoI=,A0t3F/l/3A5UvyPnNQNkrwJuW4vH7f/ttZZ9ud7eWx8=,radio,Local playlist more,song-based-playlist,1
s8Oce1igq03hako2pQCfeXyPVkBs77ArjdrZEQAjpbk=,41aDNLPNdJ8PZdNo46uAPDJ4yFTKrPYY1jeM4CucBGs=,discover,Local playlist more,online-playlist,1
UTAElx4+rSh2QViTKHQhC40cphX7ZIYafAOMJOJCshY=,edlow+cUeR+1RqGQ87VV7D3gqMw0amQYGEZZDm+sm7Q=,discover,Discover Feature,radio,1
5wvbHjIY9vAARXRg82rOSUqfZlHLqJN88I8W8bwsiSc=,BgqjNqzsyCpEGvxyUmktvHC8WO5+FQO/pQTaZ4broMU=,my library,Local playlist more,radio,0
y3IT85vrzY2iBxFg6nsh4Cmg+mV3oqR73TPekK7x1Rc=,/70HjygVDhHsKBoV8mmsBg/WduSgs4+Zg6GfzhUQbdk=,my library,Local playlist more,song,1
gxxBbzV3eE2XGjUrFVB2FzAve55Oe1s86HD+OEh36Gw=,YKXNGyMdm+M370+YcJdqTDhPN1gJgBj+F5rmrdnPZT4=,radio,Local playlist more,song-based-playlist,1
f2c4l3mhW4SmXKRP+OfPUdbQ4U8afe+gqcX9Dmh03Xs=,reXuGcEWDDCnL0K3Th//3DFG4S1ACSpJMzA+CFipo1g=,discover,Explore,song-based-playlist,0
Wg1bSRX3JtJ9ElarOhpbEaV5pu9lgTeS33mARTV+Sl8=,e/upMhPFcXl3Rxq0Us1abr0FcThlZOeqKJhBobmltBU=,search,Discover Feature,online-playlist,1
n7V1D5AuwLykWxCzsU1eNPSyxVbrSXs6IXiWF2zN0gY=,SKRQpz3EM5UIxT2LCGzK5k0aYg4QtyHWtr0L/EK6By8=,my library,Radio,song-based-playlist,1
KGXNZ/H3VxvET/+rGxlrAe7Gpz2eKMXyuSg3xh8Ij1M=,J9EcIEDOoNbdN2ku4SGtIp0pmg/k+NRWLOZIra16DUk=,my library,Radio,local-library,1
16fsOt7imefLSFsV7mWoP1AL+bpjP1NuWzQ5QP9tj8k=,22wN6a2Q/qVQosA8OBfVg6AbwvI2KJnZ35DXLqpLHJg=,discover,Radio,song-based-playlist,1
tiYOcOjJ0qgAJDL3hTboZye11uT8tBbNTscBDWxCWLw=,SEXmGAIKrBLJvU2yqL7G0KUkKq81WgLwrzy/GHyPjYE=,search,Explore,local-library,1
lq5Q5jIo2pNtn/bTBZy8e07jc4qcIhLI7PXeieo/EgI=,ys+EL8Sok4HC4i7sDY0+slDNGVZ8+uOQi6TQ6g8VSF4=,my library,My library,local-library,1
YQiox2a4tbRbNBaL+VfOLH8oea77HPJMPWRh8euXZqM=,/6kgyFt1nsLDNbZh0AHM4Pb3sbp3CZ0C4DbPa4++eVE=,explore,Discover Feature,local-library,1
dZNojW/n4mqxR6RSZt4CMeCnJzzxBYi6n9qQCKbghvE=,pCf4HI+z4rQsY9FF79m+Sojnl207qtHqtOWU2VFW1ZE=,explore,Radio,local-library,1
P+Sxa9gtP8P8IQcpPGbwWmEFdrF16hTrtfXyfa5aGoI=,zHqZ07gn+YvF36FWzv9+y8KiCMhYhdAUS+vSIKY3UZY=,explore,Discover Feature,radio,1
yBXKYfcmQ+TtIEvkLQXabAY2uwudIGn21dEZYAwCDCg=,+yj1hcpU3QLGXS2iW9srqWCBV5NE73L9hHR3kbV2NQg=,discover,Local playlist more,song,0
KsjbiO2iw8TpMfu+9Bf2p8GI57Q53lsHXy1xWIMKH/E=,n+FLlTL+LrNTa6xpoGkESEzlUMb/hPEM1nLq2U6fEp0=,search,Radio,song,1
38LUs5mVWNKfyjL7ilf9JCnWZLjnno2obLXr69JJKcw=,JRa3KgSwWDyY17usXoi6jN8O6v6t6Tq4xcwjbUkbQFQ=,search,My library,local-library,1
SWoa4UvhuutHxhcRAxlfTc6Jr1j5tGw9cp3Kiq+ayKM=,9uDuRF+ToaleR51vHf8IEw4NEKDJXRo/rVRV2011aSM=,search,Radio,online-playlist,0
lq5Q5jIo2pNtn/bTBZy8e07jc4qcIhLI7PXeieo/EgI=,IIPVkO6EB8ymcuxkuxkum1N5gowLdTzy9sYF9luyhVk=,explore,Local playlist more,local-library,1
xEeMEDdDCvfLGt6eoayVgVh48nLdPvEm1XzwzY6lT58=,6HofPS0v2MVFsL10yCN7dXUL+gUOnvsD35vx3HmRbdE=,my library,Discover Feature,local-library,1
08sWvzS2VVyKAVQRi6z4gxGxRQ0YQM0BXsXdVEKuzSQ=,h45pWoMzCvsq3e3rBIuHggNB/3NG06/SIVDPEPOF1Gc=,my library,Discover Feature,song,1
crUeQ6DYDHHRNYmn+n5Kodfvu9ki0IdHfXHNlZEUPHs=,VEHQ9uyNfwMBFPtkLOFGSOnovTSfj6RlQbgYZYp1xZQ=,my library,Discover Feature,song,1
fVZedYe9G51wW8jy3Ws7FuF5IKx7zxQYWvPAfCdIRJE=,Wn5ltxI7NsFk4xGFHOFXv2ajWU9HmuEgDF+xs1EJpFo=,my library,Discover Feature,online-playlist,0
NwX1NaVlyw0jvfQNxLTcx9ztIUKVL/sjkccdAmMpfCA=,DLBDZhOoW7zd7GBV99bi92ZXYUS26lzV+jJKbHshP5c=,my library,Local playlist more,online-playlist,1
xQp8uu2ljPWqokw6Eg+4TCB/GUC/EZwFMcapcleGiDw=,DRWs2zLgDBAqLqyHsNZVPyiBed+Iutm+qsoWqvo6dkA=,radio,Discover Feature,song-based-playlist,0
UGX+2jh3WO5XRuVOPuPCiIetzHlBjh0DPOLPeJSe36E=,CTwL9Gnx6QsaZ6+ygo/VHirN/XZKxlUJEB2VGQX8yjg=,discover,Discover Feature,radio,0
NzxFYmHEK32NaephTO2QGtxiR93Cf7U/Tp6jkoY25WE=,p6vR55B6kN6DL6mkWo3Ndkzd1KEbmr38ndt04bYuzXo=,discover,Local playlist more,online-playlist,1
+Y+wTRRkZ0QA3bV4+7nwu8qlN5Kb7ygMhqvB5L929YI=,ys+EL8Sok4HC4i7sDY0+slDNGVZ8+uOQi6TQ6g8VSF4=,search,My library,song-based-playlist,1
lSkUSnCm60kDLdEsnAVp6jwr2HkyIhDCEZLX82djjHg=,4eWKqiadX4L+cYSy1VEcazqQDV1YxvYo1YHU5VR81pM=,search,My library,local-library,1
Y4FvDsosFNoz4ZHIAbuwgUBSFK8qY2oE5p7V8wymc/Q=,Ujt3R5hAe0Pix2mURuC+CO6aazhCvEU2lByPzy3E90k=,search,Discover Feature,online-playlist,1
Bljj9o7B1zgL0RIpZef1SlSigiTIMr0mDPv7aUyzuXo=,jFUlstiDM/0JBpQz1N1Mr1uJj0H8kiQsJjfbnx45gHs=,explore,Radio,song,1
LR9NLKme+aT6uoW3R5XlLu9gq7LQG6tt+bJTEPpcrGg=,Z2Y3t/lsoBgA/2HAfy3UP+QWfdckt9BK2u6n8xwqkng=,my library,Local playlist more,radio,1
YkG93vvIFdFWVWsYqT5w6t0X4uw9/RS03jqzhBzxFlc=,SKRQpz3EM5UIxT2LCGzK5k0aYg4QtyHWtr0L/EK6By8=,discover,Explore,local-library,0
OyELWVNKZMJtqg+BFArzAokp8bn+pGhBWbCZaxyLIus=,eqxzfyc6kVOcYTDo7GCguRsfLEplxdlJ+umjJsB8gdY=,explore,Explore,song-based-playlist,0
fVZedYe9G51wW8jy3Ws7FuF5IKx7zxQYWvPAfCdIRJE=,MwZaD94L4Wl4APdJSVQF5JPt+xH6hb2KtWpFsjwYUlo=,radio,Radio,online-playlist,1
a4aEMKA1bMIwfCarB0qN+Fjag8swMwFfXm6ri5KJvms=,A0t3F/l/3A5UvyPnNQNkrwJuW4vH7f/ttZZ9ud7eWx8=,explore,Local playlist more,song,0
1wiu2UfN0BNhHfPTrDS3S/rQkX/vnwDoKH6ODTUdH9k=,+yj1hcpU3QLGXS2iW9srqWCBV5NE73L9hHR3kbV2NQg=,my library,Explore,online-playlist,1
HfVrxfpxOJuQ4FofEFxdlwm9yvaoy8y0JOH3GaQ/RTs=,8Ckw1wek5d6oEsNUoM4P5iag86TaEmyLwdtrckL0Re8=,discover,Local playlist more,song,1
qd03y2Hs/0xCA/dPExadbY5XQdTHOcli3h8w4KTwhZ4=,pkKADcjPLFdP9kX40L8dlmbLWkgUTqUB0LhurVLSTME=,my library,Discover Feature,song-based-playlist,1
tNvUsQwOJX5OgGsBBN9to3vI+DoUc6S1BFgNXUaYoo0=,cy10N2j2sdY/X4BDUcMu2Iumfz7pV3tqE5iEaup2yGI=,radio,Discover Feature,song,1
hYJpPvGod6vy09TnlXdQe3Q0vlxju5u5Ruf8V2XkTio=,DLBDZhOoW7zd7GBV99bi92ZXYUS26lzV+jJKbHshP5c=,my library,Explore,song-based-playlist,1
uCDJmSDTzA5PpnYGqKvNmFbwBIoS3jIXFbO5YfoCv/Y=,iiifj//EcKnociT6W3nBASJygGe/TyFB41UD1bTtnU0=,my library,Explore,radio,0
TO253iXvHroemKYZ23M7YL7uu6Um4zEwByNl4wcpIYs=,7vGvrf5l1XzNbeLZXzQgaNvc2VBmncarpN3LQpLUZiY=,search,Explore,local-library,0
E23IyF1NtT7IeesuDuHWR6g/yMpWrq3cN3U4qTjXE0A=,yLoN4bFNhNb3LXZ4EdnptePHtj3Ztmrw/p13qGn3GTw=,explore,Discover Feature,radio,1
uCDJmSDTzA5PpnYGqKvNmFbwBIoS3jIXFbO5YfoCv/Y=,ClazTFnk6r0Bnuie44bocdNMM3rdlrq0bCGAsGUWcHE=,explore,My library,radio,0
R2FvE4x+hefwL4evbgNGNCng13c1MkP3PHocNtU91qU=,h90KlUZE/mlkkPjhbhz3hXY1zvOhqJXuiKBoFWnTDAo=,radio,Discover Feature,song,1
HdnZZ4P0Vjxo2tgTvO1rsT/H3NkG7jvfrnCuF7TBK0A=,etnpvFVFCKje9Br8nB2pWWlaMRVwN6euSQc9+7ZnXR4=,my library,Explore,online-playlist,1
YYdQJgjemCT/fAv8s+CwfmgDprAQOneJ2M2SdArq9V4=,CsgH03aRehnhVifHOPXwF4mfA2yHdqK/IWpwXMm73CU=,search,Radio,song,1
xQp8uu2ljPWqokw6Eg+4TCB/GUC/EZwFMcapcleGiDw=,gG3/58uZyyOwaPT+eGWL81mwCzcDPW2EmwYcjWmvJSs=,discover,Discover Feature,radio,1
uQ6LOBwmu7lIjv+wFaq5+M4IcAZEha2J0uyDB6Y8aqY=,S9Ceoq7vRyE9wVvIyi8dWYZ+9bN3W/hP8i6nFTM8y70=,discover,Explore,song,1
MXIMDXO0j3UpaT7FvOSGW6Y5zfhlh+xYjTqGoUdMzEE=,ih58jIWgit7qPy3VpvbM6E7AIvs57ylCHMVpIl1T+Io=,explore,Local playlist more,radio,1
NwX1NaVlyw0jvfQNxLTcx9ztIUKVL/sjkccdAmMpfCA=,/70HjygVDhHsKBoV8mmsBg/WduSgs4+Zg6GfzhUQbdk=,my library,Explore,online-playlist,1
JkQacE3rvmhh65R04eDLbu+M7MCkpzmHwMGrbZo0puc=,+LztcJcPEEwsikk6+K5udm06XJQMzR4+lzavKLUyE0k=,search,Explore,online-playlist,1
lSkUSnCm60kDLdEsnAVp6jwr2HkyIhDCEZLX82djjHg=,sgHKhG2d57U2o88razl9SyG1nuuMDf0J2BuDhzoI12Y=,my library,Discover Feature,song-based-playlist,1
qn0aqqC8dcshYsmcFmFYJtebwjMp6kLr8yanC5QC79o=,WWgB6GYGuyplhfw51plAbvpnixjsFA3XKSyEuTN42Tk=,my library,Local playlist more,local-library,1
IU4XmahhntFf39v7Xzd/Nk6fjzZCCpAjOU8xW2TWHGk=,+cP03fE+hnJUB/v2PHLsD9UHBjmDIYvbuX+NrFqeudI=,discover,My library,online-playlist,0
3i0jlUKhqqUKqFsoJVgN2UcDOuri7fCiE33XUCnKHXo=,W+akwEPQhC1OugUaQlo0DR9xVs49UbJDZbiGvgN6ZyY=,my library,Local playlist more,radio,1
n5v6IqRk4CZnELtP0Z2et7EZrdPicfyhvD2gIdq1Mcc=,LBnwicJLcepb/l8c68qpMRJIaUcm1UvgtKEfQwITrpI=,my library,Radio,local-library,1
YQiox2a4tbRbNBaL+VfOLH8oea77HPJMPWRh8euXZqM=,bFbleyVHx6Nr9tHMr4OybO2i3A4FS2Be0/62K2+FSpY=,my library,My library,song-based-playlist,1
/mmecbnAd2Jrji3aonisktBko1/o+F68GqpV8X4gHiI=,5TKFWT9ivwAJiqRWz5apDsePXcJZ2b1RA/1gxTm6XoQ=,radio,My library,online-playlist,1
dO8vzPwqXvOjrPWDW++gVecwTNnzesp3zW1dtRc6KEk=,JgOfPnluwAsKhpdLQgbfoSHpaZ74zcWYPqhhvhmFAtY=,my library,Local playlist more,online-playlist,1
P3tJU/DjIEbh0ucnC1KT8wojenDDSwx+blB8pFp/KeE=,95c7DAPEYsXPp72TZ4teA4ErdV1TNjajZcdk/if6AVM=,discover,My library,online-playlist,1
zYTm2T59lT+Z/hpoywdET+EGMcRhwi4rzL7WD09iRC0=,A5cw2rib82lWjtNFr3bxQysyjPVpiYlgmnULDQ8X0BQ=,discover,Local playlist more,local-library,0
AEZNdJt0QGYpBlT97tdnNaNHW5SqpgJb70TFmeZBYbg=,jZVQRajq2WbbIoSiF5MSCyJKgTt7tpITHayD3PYKg88=,discover,Radio,song,0
3i0jlUKhqqUKqFsoJVgN2UcDOuri7fCiE33XUCnKHXo=,/6kgyFt1nsLDNbZh0AHM4Pb3sbp3CZ0C4DbPa4++eVE=,radio,Local playlist more,radio,0
BqnomjS+KJtzWrGRkqLEoO3I7KapwN4B8H9in4Fsf+I=,KxxFN09YQwSN0eAJSUf2xa5ZKjyZmX3nIVKM+zKxq6Q=,search,Local playlist more,online-playlist,1
00qmlWC3H/cjf2Ig1li5xIO0VNDRgBX0f9ilouDBEZs=,31Tp9mUO5cVc8fEd67bI5GTrfev3MiXPUokaum1m3K8=,search,Discover Feature,song-based-playlist,1
PwnWgkloewAh6nr1MpRnSm6jbrltEb328ifDj7ccDZc=,SKRQpz3EM5UIxT2LCGzK5k0aYg4QtyHWtr0L/EK6By8=,explore,Radio,song,1
BqnomjS+KJtzWrGRkqLEoO3I7KapwN4B8H9in4Fsf+I=,3Yz717mUtR+r4L0zzgDgWnYeFtY9g68ZjKlq1U72KNw=,discover,Local playlist more,radio,1
Y8fGbgG4J6bpoXzljxRIp+hwVjk2ULHaLAfJatxHjg0=,Knq4ruFJI2OJlOtotwq3fuWueMlXcUeS3oxVEYlKoC4=,radio,My library,radio,1
wIeuCRmznzwE6bVrKuo2QRfkztVfQVEYMNaugLCPTS4=,IhNTvk4edMSv0PCLIS6Ry23aEYtKEA/KwbJNi1OV84A=,discover,My library,song,1
V8pNUizcKwTRuSQAtzXJBAJ7B8cyf0EegXkljvIvFqo=,7sD/47OK7UjsdmBjtLCUTIdX9Df8TjpHyOOeA0Koxy8=,radio,Discover Feature,local-library,1
WtuOpsYQ8St9zt7yySdryqDUCxeT4/v2rLRA7+lsahQ=,Y2CFnBr/mdTuaxOu3vKcbuUBE0UmhAIx+Pkgazp+j4c=,explore,My library,song-based-playlist,0
K7obY5lUlZTd6a/byE9NG/e7Q/dlgHfppLbYk8OL7os=,yBHK9ZzaYyeNaPr1ucAkD3RH7dKwaEY8dtplxwkxr44=,search,Local playlist more,online-playlist,1
V39VxDdE9SgMQZnX58oQChm9W056pw2lC3TiifMfkKw=,VEHQ9uyNfwMBFPtkLOFGSOnovTSfj6RlQbgYZYp1xZQ=,radio,Explore,local-library,0
lSkUSnCm60kDLdEsnAVp6jwr2HkyIhDCEZLX82djjHg=,ZcKgNis1AP1LA0sdtIddrtk7P04iiJzJrXvwXdT/X3Q=,radio,Explore,radio,0
+3RfkckBHS0oQrrjJj7p69bdwJak+qzKq0fhFaeXUxA=,W4gOC3iBXV97C05qyVDGIKAJg76BJcrzWPnLwkKK6kQ=,my library,My library,song-based-playlist,1
UTAElx4+rSh2QViTKHQhC40cphX7ZIYafAOMJOJCshY=,CivTL87a654wHFVt1BEZu+cryDKO8mYRsrxpEW8oVm8=,search,Discover Feature,song,0
Jc84woRFJuyMAC6hDcH/Rr84MGq9ucuxeZveZ00kI5o=,6QMvPiMG6bKF5+C4fSsfeR/LGNMiwL55HNhd3BcvSKE=,my library,My library,online-playlist,1
tNvUsQwOJX5OgGsBBN9to3vI+DoUc6S1BFgNXUaYoo0=,plcKSDtGLCbnZbKxbsASN8Lz+EtSEkRW5WJ8eA8UA8g=,radio,Radio,online-playlist,0
+3RfkckBHS0oQrrjJj7p69bdwJak+qzKq0fhFaeXUxA=,B2jGIdcFp/C/jeFaJdOwrw72q0kEetFFo+fReLkd6o0=,explore,Discover Feature,radio,1
SWoa4UvhuutHxhcRAxlfTc6Jr1j5tGw9cp3Kiq+ayKM=,4MisMKfKs26kWvzPwqJMnqqoeNfOlsfiiFswvWIQOUI=,my library,Discover Feature,online-playlist,1
rGbXmjKDOsBV9n2LJEPtx4GcJS00c7Bs9ZFo6icxVJM=,UQeOwfhcqgEcIwp3cgNiLGW1237Qjpvqzt/asQimVp0=,search,Discover Feature,song-based-playlist,1
wv0o115CdKSsFlsV7VvHikjyxLG0LFc5qALhM8xkUZ4=,5Qh7YI03x2cbQFFv/e+faYhVpFAzjvnuE3YXkx2KgsQ=,explore,My library,online-playlist,0
hOyJGmY7tciqGf1EhDj5UT86IfSSnaTHP5JWAPxYN6s=,27vpOctGRDxfm4nJsYUfvNaoL8ayuXiYAYUH4H1mfJk=,discover,Radio,online-playlist,1
mrjKYVskMUAksvPgRky/E2g/TiPdbpH1j5CCOzAC5RU=,IiO/4aXuzEtXpyd1A7LV2TlAdIS5Rzl3hwdtbKuNBQ4=,explore,Radio,local-library,0
6aH1YAi5YwvZUHtpjEaMQwM0p4wP4XLrkWQSdXDF9L8=,hDaCYJApKdeZGK7HPAWppz+FfmRwNh9g1wBc/EkBfYE=,explore,Discover Feature,song,1
dU4RbzpIRRd/EkA9Xncpy9CglzDBZp7nKMfdnfr3Aj8=,7sD/47OK7UjsdmBjtLCUTIdX9Df8TjpHyOOeA0Koxy8=,my library,Local playlist more,local-library,0
Mn98O4X/zceMt9nswcoq08F16ciCqhuN7lQ951MAL2o=,SHV52/0W8kZcf3uJZF9+ZP3S5vu2RO4WNGhZ8qQHulU=,discover,Discover Feature,song-based-playlist,1
SWoa4UvhuutHxhcRAxlfTc6Jr1j5tGw9cp3Kiq+ayKM=,iiifj//EcKnociT6W3nBASJygGe/TyFB41UD1bTtnU0=,discover,Explore,song-based-playlist,1
wobMEyGx2iCkFu27/HPRJIky3S8tO/rS8Rr+tsvEe0k=,itxXLRAtaLyj+idcWIsuKB0AEzijUgPrMhAvAKUSE2k=,explore,Explore,local-library,1
UTAElx4+rSh2QViTKHQhC40cphX7ZIYafAOMJOJCshY=,7NV5ZpaFlc7e3fjuxNiiuL0+HEr8qASFr+HHztIhwGY=,my library,My library,local-library,1
xjA4Fs3CO4k3jQSXLFhn21zxTcYVRRRTzof3ZPn8KFg=,Tp37bk/x3F8bFpANiXXKtuLaaNtHDeQwsNUxYHNE4VY=,discover,Radio,song-based-playlist,0
OOUnJuX4SteRhUdJZ9B2DqtfiwsfcZVBefEhXLeBsFg=,ufjl9/oJJRQx/0JUEBaIeyE82HP0CF7Fy2LwOIiNiYY=,explore,Radio,local-library,1
7xiBI5xU3P2/IiR9teB7jySfzWo96JGikGajteLd3Cs=,1GI0GC3w9c0tDD2s0qP15DxrLUs9JX9XW6fKbY0rBZ8=,explore,Discover Feature,radio,1
z1IXxOkXP6uCWwFJLibRkXzU7USedggSWIfGJl/HFQg=,3OvsjjGFnEouJggaSOMVUVgzrgoTRtKd97GVQlQXUWQ=,discover,Explore,song-based-playlist,1
uhEkft9Ht4TsUF5wBkmmZbtbaIVESVfiUnMlxHYl0HI=,GQqErVwbH/YaifR6wl2S6prosRVHhwGO2/Aq5aIJLA8=,explore,Explore,local-library,1
gxxBbzV3eE2XGjUrFVB2FzAve55Oe1s86HD+OEh36Gw=,bTlSHgnwaBMIKHseTFHanJ3Zr4x82ybrGkexpnxDhTY=,explore,Explore,song,0
fVZedYe9G51wW8jy3Ws7FuF5IKx7zxQYWvPAfCdIRJE=,6uCt0I6XmmXX7fta96XlZyxtSWXlTa2ZviRbxnDUa/w=,discover,Explore,online-playlist,0
O3ElkgfVd3DoJysnWAIgIPF4N3Y9LPmlm+aC5G+UXGY=,9W/H8tPBKQ7VWmBctuQ6RabciYdr1l+/kg1YPDcPOlU=,radio,My library,radio,0
saNgxsUQwx4IXBRgFF0w3uJN6KzvQBEv3dI7dDaz97g=,KZ5hwP74wRO6kRapVIprwodtNdVD2EVD3hkZmmyXFPk=,discover,My library,song-based-playlist,0
Ty59+gs+lfVbfm1T/SDqLmbFhtkAP4Mm75uYiaKZ6kk=,dKsoBHe5cVhyQSU8CimXs4ysaAky4RNgBwIafHaLkik=,my library,Radio,song,1
IU4XmahhntFf39v7Xzd/Nk6fjzZCCpAjOU8xW2TWHGk=,Ujt3R5hAe0Pix2mURuC+CO6aazhCvEU2lByPzy3E90k=,radio,My library,online-playlist,1
H/MB+uttGlGIMr7qru4HYG4dVbh0e1mBuoryBOKz/RU=,yn6Kt6+romPpZ1i6+hqI3WJ42G5SdsX3a+l59IaMcp4=,search,Explore,song-based-playlist,0
frZtrrN1Y2ZqZX3VFiq7FpAvLth3kZJNovT9cmyn2O4=,zg6SzD3aqsnOqqyhFYTdbCNFrhSACbwefB/ZFi68AO0=,my library,Discover Feature,radio,1
7xiBI5xU3P2/IiR9teB7jySfzWo96JGikGajteLd3Cs=,9YRkIrpN2f9PtHpeYsE03vYy9X7RpIR9XmGtxuyO5iY=,my library,Explore,local-library,1
TO253iXvHroemKYZ23M7YL7uu6Um4zEwByNl4wcpIYs=,oAfWzsEYsibZUgmlL8NNYoO0aB4gSyU2tfsQvQp+7f4=,radio,My library,online-playlist,1
TDHfjwkLrnoorqjTUFtlzSL47Yl1oEBpHM8k7qHrIdI=,CsgH03aRehnhVifHOPXwF4mfA2yHdqK/IWpwXMm73CU=,search,Radio,online-playlist,0
2yBzq7nUBV99ankkp7O46elZikHVB5BvqHcr2Lzetlc=,WWgB6GYGuyplhfw51plAbvpnixjsFA3XKSyEuTN42Tk=,explore,Explore,song,1
EDSn8rAs8qjUvqhhFG5diTbaVbJi8qkoKXeMzf2JGVQ=,3Yz717mUtR+r4L0zzgDgWnYeFtY9g68ZjKlq1U72KNw=,radio,Discover Feature,song-based-playlist,0
rGbXmjKDOsBV9n2LJEPtx4GcJS00c7Bs9ZFo6icxVJM=,eSerI0GiRKmKVwhbY05QQi6DSRrCz4/vhiyvipqURDk=,my library,Discover Feature,local-library,1
JkQacE3rvmhh65R04eDLbu+M7MCkpzmHwMGrbZo0puc=,UQeOwfhcqgEcIwp3cgNiLGW1237Qjpvqzt/asQimVp0=,discover,Discover Feature,song,1
UGX+2jh3WO5XRuVOPuPCiIetzHlBjh0DPOLPeJSe36E=,22wN6a2Q/qVQosA8OBfVg6AbwvI2KJnZ35DXLqpLHJg=,radio,My library,song-based-playlist,1
O6cmcavFpTlX0oU/WxJrYGxLIvR22dVpHz/VJxylp8g=,A8VVQOKrMDk0G8oU6z8qJ5Ggs5DneqlCpdoiKqKYIfY=,search,Local playlist more,song-based-playlist,0
yBXKYfcmQ+TtIEvkLQXabAY2uwudIGn21dEZYAwCDCg=,66NCw1qHAROy0PiUC1tPNmGYqRvBSfvGUsO+46BooDc=,discover,My library,song,1
WRwcfUKwDVQ46cylDQ1Tf8ayTojVYeh/00m0ubVNxQo=,TIwOs7iFTKo3Cy2yiNReYYcZc1JyAx+0k08+z97k1dA=,discover,Discover Feature,online-playlist,0
aMB9nC9PVKXsk/K++qMMG0in0dvk2XiUFuAnr10qiac=,4MisMKfKs26kWvzPwqJMnqqoeNfOlsfiiFswvWIQOUI=,search,Local playlist more,local-library,1
16fsOt7imefLSFsV7mWoP1AL+bpjP1NuWzQ5QP9tj8k=,wfSboJwFBF6YyVmGO0wCeRtMdrqwkOgwPHV+YmSUl5Y=,my library,Discover Feature,song-based-playlist,0
8tSgHKzljg7TyPLYrU9L7CgHIdShVvyV/d6PccMRzhw=,31Tp9mUO5cVc8fEd67bI5GTrfev3MiXPUokaum1m3K8=,explore,Explore,radio,0
FG+WikEK8x1GZIB4E2keTq2SJX4bXjFjG5gkjc8qbcw=,/vRMwxfCQC55cFGMLtxZlAqhDFW/aPQMGdkRnykeWyc=,radio,My library,online-playlist,1
tlFGRF/TtrSwJA9XPHL4cajWghZCbAbhzif/6wJiN6Q=,/SfOXDLarv4WeXEX6g9GfKgd1R+BnBG2+k/vanWU5FA=,explore,Explore,song,0
vBNHobQRQsofef7+9NZk4C6Y6T2PBXSGXUbn6c8UOcg=,Rerp71vL127G1162T5Bwgk3D6r/ZtiXDfWvYz+3ljhE=,explore,My library,song,1
2tmUzRCcD0l3et0ck9XfxZT6gT9LM3w8gwfckVNylIU=,HRg8zzy3PcS4sBcZIFOcUL4uCqg7SurUslUQyF2op+o=,explore,Explore,song-based-playlist,0
MXIMDXO0j3UpaT7FvOSGW6Y5zfhlh+xYjTqGoUdMzEE=,zg6SzD3aqsnOqqyhFYTdbCNFrhSACbwefB/ZFi68AO0=,my library,Local playlist more,song-based-playlist,0
OOETiYOFhuTowtgRUIiKommGv0eo6XUHLc1ofgwcJew=,DhuNF1B0GK4zzZ7U+v/vt/Y+3aQbTRmV2bd99TUAXzI=,discover,Local playlist more,song-based-playlist,1
TDHfjwkLrnoorqjTUFtlzSL47Yl1oEBpHM8k7qHrIdI=,tB7WW8fbj7VdrPYInjSGBfslYr2DKNIeeFKQsqqMZvc=,explore,Explore,local-library,1
lfK5QUAaa28niDIyQ2oGkSntvSe7G5EmQ1N6nvnE8lY=,J4qKkLIoW7aYACuTupHLAPZYmRp08en1AEux+GSUzdw=,explore,Discover Feature,local-library,0
dO8vzPwqXvOjrPWDW++gVecwTNnzesp3zW1dtRc6KEk=,1GI0GC3w9c0tDD2s0qP15DxrLUs9JX9XW6fKbY0rBZ8=,discover,Local playlist more,online-playlist,0
cNssc+2L1Fx77CzASou28E9qfWeJjQKZtfoADkl/xkQ=,D1tFsBLd9VWbonfb6Vek0BI2EJB6udLOuV/x+ptYpOI=,radio,Radio,song,0
MXIMDXO0j3UpaT7FvOSGW6Y5zfhlh+xYjTqGoUdMzEE=,Ru7n8Xw2s8LGDsgDhyzWqCWQRWQW9KNPY9qMOFAf5x0=,discover,My library,radio,0
TDHfjwkLrnoorqjTUFtlzSL47Yl1oEBpHM8k7qHrIdI=,YN4T/yvvXtYrBVN8KTnieiQohHL3T9fnzUkbLWcgLro=,search,My library,song-based-playlist,1
rEVqJ3NIxC9LSUZYOj1ft5VSAvFo3AxNu2k36hKKtWc=,ys+EL8Sok4HC4i7sDY0+slDNGVZ8+uOQi6TQ6g8VSF4=,discover,Radio,song-based-playlist,1
w4SNbHDAMuMbulkgcHGYOl/datijVua3CR5D73DylLs=,7EnDBkQYJpipCyRd9JBsug4iKnfAunUXc14/96cNotg=,explore,Discover Feature,song-based-playlist,1
/2A361q3cuoEFZ0FoMEWj8SIVRJyPpHZQ5ni6Oud88M=,A5cw2rib82lWjtNFr3bxQysyjPVpiYlgmnULDQ8X0BQ=,discover,My library,local-library,1
hYJpPvGod6vy09TnlXdQe3Q0vlxju5u5Ruf8V2XkTio=,eBme/h4Z4eP7BZY3tifu5Lr/dRB9NQJVIl36jZ5DZGQ=,explore,Explore,song,1
H5DWyI7bujtol5aU1pzvLdfBAs45Ym/5jicdUlerf2s=,zx4aCmk+b/uPmvESsG8ekvi7qWmifSPNMXg1i8wyG8Q=,radio,My library,song-based-playlist,1
lfK5QUAaa28niDIyQ2oGkSntvSe7G5EmQ1N6nvnE8lY=,BxDBwZ9N4vb18iY72TA2T1VROqz00TpBvOVeefkm9KM=,discover,Radio,song-based-playlist,1
mrjKYVskMUAksvPgRky/E2g/TiPdbpH1j5CCOzAC5RU=,edlow+cUeR+1RqGQ87VV7D3gqMw0amQYGEZZDm+sm7Q=,my library,Radio,online-playlist,1
n7V1D5AuwLykWxCzsU1eNPSyxVbrSXs6IXiWF2zN0gY=,xeyouM+hIjUtImV20of0p7SrDY4UnejP5Q/BnCHYG00=,radio,Local playlist more,song,0
n5v6IqRk4CZnELtP0Z2et7EZrdPicfyhvD2gIdq1Mcc=,G0rUz0kguI35yzj95LX2BXI30PqCcJJtPNfirR0BhIs=,my library,Radio,radio,0
TxvdtN1Ehq4kbgU5J7lw+ik6Pc0NZjnQKARPiCCf0fk=,3Yz717mUtR+r4L0zzgDgWnYeFtY9g68ZjKlq1U72KNw=,discover,My library,local-library,0
b5XWI+EhZTCGoQ6YK/SLu3tmCnKh8Z7wBK6Gztm49uA=,Ce8Mui+yVruumWy9pKMDfSRBFg1m93m/+XR8FHlktaE=,radio,Discover Feature,online-playlist,1
OyELWVNKZMJtqg+BFArzAokp8bn+pGhBWbCZaxyLIus=,7zFV1bMlN//PbeZut5RL6SnRlZ7/9nBKIXf/dzhK9kM=,discover,Explore,online-playlist,0
saNgxsUQwx4IXBRgFF0w3uJN6KzvQBEv3dI7dDaz97g=,THqGcrzQyUhBn1NI/+Iptc1vKtxBIEg0uA8iaoJnO1Q=,discover,Radio,song-based-playlist,1
EZmIP7zKgqKwpEHnuDjRIkzCmcLNlHn4hkiglZ5LxK8=,aliCzBpL9zzI8nFr83ElP3cL4bdEPejIRtT7HY09fEs=,my library,Radio,local-library,1
R2FvE4x+hefwL4evbgNGNCng13c1MkP3PHocNtU91qU=,Ru7n8Xw2s8LGDsgDhyzWqCWQRWQW9KNPY9qMOFAf5x0=,explore,Radio,local-library,0
PC0HTwpYB4UtDaA1s7qlkmktEzeiz57VXvIJijk6ChQ=,dKsoBHe5cVhyQSU8CimXs4ysaAky4RNgBwIafHaLkik=,discover,Explore,radio,0
E23IyF1NtT7IeesuDuHWR6g/yMpWrq3cN3U4qTjXE0A=,WRuHbl8CJbAuzUb4f/88Ly6IXif+IVVWolkp33Nm8wI=,radio,Explore,radio,0
pRHIP4XdwWx7YpREsLN4sD0gb2BUEbhKytDXlwUAO+k=,GFWjz4apE8zMiXe6wc0qCjr+DbK9BFkwo/rr+FsNm+g=,my library,Radio,radio,1
P3tJU/DjIEbh0ucnC1KT8wojenDDSwx+blB8pFp/KeE=,Z2Y3t/lsoBgA/2HAfy3UP+QWfdckt9BK2u6n8xwqkng=,search,Discover Feature,local-library,1
dO8vzPwqXvOjrPWDW++gVecwTNnzesp3zW1dtRc6KEk=,gZphe9aRvr0vVO/oEt23amqyDc+YabbIJ9WIzZTVjG0=,my library,Radio,radio,0
JoGt+PgRGKHAhTQnaRqQygBWdDwGE6gdPbeGiGP4/Lc=,DhuNF1B0GK4zzZ7U+v/vt/Y+3aQbTRmV2bd99TUAXzI=,my library,My library,song-based-playlist,1
H5DWyI7bujtol5aU1pzvLdfBAs45Ym/5jicdUlerf2s=,shYcSF/8MpYMxMzLfRznBZjwoQIvd+RUH06UamCj8ks=,search,My library,local-library,1
EZmIP7zKgqKwpEHnuDjRIkzCmcLNlHn4hkiglZ5LxK8=,r5BnHxvuPlLjwr4MHf3dF3yUY+NVS6rHrkVG7wVZ1uE=,discover,Local playlist more,song,1
a4aEMKA1bMIwfCarB0qN+Fjag8swMwFfXm6ri5KJvms=,zQ42nV6yi4mJlCn/6KEjm+SP6pEwUsd3P9fpI8tDiWE=,explore,Radio,local-library,1
H5DWyI7bujtol5aU1pzvLdfBAs45Ym/5jicdUlerf2s=,jWx64JroBecZQXiaNU1toeSiTyhqdtsj38JTLS2TEhQ=,radio,My library,online-playlist,0
z1IXxOkXP6uCWwFJLibRkXzU7USedggSWIfGJl/HFQg=,zuyzUP11fbgoVp6IMfWK378GDToe59ZlK5gkf+7aKdg=,explore,Discover Feature,song-based-playlist,1
hOyJGmY7tciqGf1EhDj5UT86IfSSnaTHP5JWAPxYN6s=,41aDNLPNdJ8PZdNo46uAPDJ4yFTKrPYY1jeM4CucBGs=,search,Local playlist more,online-playlist,1
BNSYbtaNNCYfKVig95LpQJArTEx/RN2FgivSohB8r8M=,YN4T/yvvXtYrBVN8KTnieiQohHL3T9fnzUkbLWcgLro=,explore,Radio,radio,1
frZtrrN1Y2ZqZX3VFiq7FpAvLth3kZJNovT9cmyn2O4=,VdVi5NKMJeRDsz4+3xvrpu66FNVTcQ4G26TXoUxW8bU=,my library,Discover Feature,online-playlist,0
8tSgHKzljg7TyPLYrU9L7CgHIdShVvyV/d6PccMRzhw=,DRWs2zLgDBAqLqyHsNZVPyiBed+Iutm+qsoWqvo6dkA=,search,My library,song,1
nAiRf+UmYT7ZWIOUF6Ig3D0FDVIVpSgUb+H40Vg1eQU=,UQeOwfhcqgEcIwp3cgNiLGW1237Qjpvqzt/asQimVp0=,explore,Explore,radio,0
dO8vzPwqXvOjrPWDW++gVecwTNnzesp3zW1dtRc6KEk=,EL5DbsSvhAFtMBBoOjs4aipOjC3Xj4syX/l/wlK+kdM=,search,Local playlist more,radio,0
XkORogCcAwIoTSBptOED51tv9wXQ2WCEqGgvwqKsyU0=,z8xAhD/t0v/wUKZ8Rz0Pwojr5psdmUQn3/eu0Yw11zQ=,discover,Radio,song-based-playlist,0
a3O5che4tB5RTo8XoApn10uQ+FpVjTNwJfNrrQyaMXk=,4MisMKfKs26kWvzPwqJMnqqoeNfOlsfiiFswvWIQOUI=,explore,Local playlist more,radio,0
2tmUzRCcD0l3et0ck9XfxZT6gT9LM3w8gwfckVNylIU=,PQ60bLYQn4lnOqNp2pmsUziCKclqLai5pemA9rWWQko=,my library,Discover Feature,radio,1
B4P1g6sGBILzGhelH/YKkfpkFgWfn/LgS4KgU+bEaD0=,Wi0kjTBakpXIWBbaT++vmtjDSEo06lhfiVO4KMSF5jc=,my library,Discover Feature,song-based-playlist,1
frZtrrN1Y2ZqZX3VFiq7FpAvLth3kZJNovT9cmyn2O4=,ClazTFnk6r0Bnuie44bocdNMM3rdlrq0bCGAsGUWcHE=,search,My library,radio,1
+3RfkckBHS0oQrrjJj7p69bdwJak+qzKq0fhFaeXUxA=,jRzcNOC0WGSfwQmr9ZP5mxiPYxAdkGrPFGc0GvS1dOs=,search,Radio,song-based-playlist,1
6aH1YAi5YwvZUHtpjEaMQwM0p4wP4XLrkWQSdXDF9L8=,bTlSHgnwaBMIKHseTFHanJ3Zr4x82ybrGkexpnxDhTY=,radio,Explore,song,1
cqjRBV/jWN2ujhc+z/4tz+Mj6xEfflAAt6qBXCqxKvw=,D1tFsBLd9VWbonfb6Vek0BI2EJB6udLOuV/x+ptYpOI=,radio,Radio,song-based-playlist,1
Mue3orxlJaHmK07bXWDrchFW1f/Or6TLVfMwx9fO9aA=,3VkD5ekIf5duJm1hmYTZlXjyl0zqV8wCzuAh3uocfCg=,explore,Local playlist more,radio,1
YU6fAgCFgPkaJ1YSW2838KzGTxmBCfgousTO8jwuHYM=,J9EcIEDOoNbdN2ku4SGtIp0pmg/k+NRWLOZIra16DUk=,search,Discover Feature,radio,0
o+5RNlSWrzvrphgBNGIo1FLkGxBgyICns6qXj3nS7Pk=,GRaVokpHF2Uk3hgKnyJ2mDSmHvie4lyE0i6l5rA2yWU=,radio,Local playlist more,local-library,1
hOyJGmY7tciqGf1EhDj5UT86IfSSnaTHP5JWAPxYN6s=,GKgBgCnz9R8OWDdGeYgQS0TPHe8no8VWvxj4+4PSjao=,discover,Radio,local-library,0
K7obY5lUlZTd6a/byE9NG/e7Q/dlgHfppLbYk8OL7os=,IiO/4aXuzEtXpyd1A7LV2TlAdIS5Rzl3hwdtbKuNBQ4=,search,Explore,local-library,0
VE8ZRudqIj9zHOSXxGg3cLOBkbykv78DwWN6IXRusWo=,JiY2ckGkra5KGchu3Rh6KPH9FL2J0tTmAB3pGyVi4BQ=,explore,Radio,song,1
SZ5NNypqaTWljFO1HiVZwkw3713+rM9x/JNdJd8/fzc=,uWREia5CNSoapbU9+BpqQxlSfntw1J/01HQGpVxFiM4=,my library,My library,online-playlist,1
2tmUzRCcD0l3et0ck9XfxZT6gT9LM3w8gwfckVNylIU=,66NCw1qHAROy0PiUC1tPNmGYqRvBSfvGUsO+46BooDc=,my library,Explore,online-playlist,1
TDHfjwkLrnoorqjTUFtlzSL47Yl1oEBpHM8k7qHrIdI=,WWgB6GYGuyplhfw51plAbvpnixjsFA3XKSyEuTN42Tk=,search,My library,song,0
0ut67E6+04VZ9RDX1nJYPmPARhbgYbsjEKl7K4dpjDw=,LBFRdBacp7Ob6Ada2N7uCQ47DhiNT2KjUtwOA7oSm7I=,explore,Local playlist more,online-playlist,1
5pr+x566HOsYLEv4ouZ5cEHFFwBB74xaFbExdPGJ6b0=,gZphe9aRvr0vVO/oEt23amqyDc+YabbIJ9WIzZTVjG0=,explore,Discover Feature,local-library,1
P3tJU/DjIEbh0ucnC1KT8wojenDDSwx+blB8pFp/KeE=,eaEPf0VwQhIvfAm8xzQucpa0/OnWo18Ig1cfMIUsZ3M=,discover,Radio,radio,1
E23IyF1NtT7IeesuDuHWR6g/yMpWrq3cN3U4qTjXE0A=,d2k4F/IYpmudgfCxsRAXVHBdYHPfcWmhCYmjdXxigLE=,explore,Explore,radio,1
YU6fAgCFgPkaJ1YSW2838KzGTxmBCfgousTO8jwuHYM=,JRa3KgSwWDyY17usXoi6jN8O6v6t6Tq4xcwjbUkbQFQ=,discover,Local playlist more,local-library,0
UvM0IMLJ11PTOjdjhqapNQmHcbttfsiyv5+dtIR2IK0=,3OvsjjGFnEouJggaSOMVUVgzrgoTRtKd97GVQlQXUWQ=,my library,My library,online-playlist,0
tlFGRF/TtrSwJA9XPHL4cajWghZCbAbhzif/6wJiN6Q=,fUGs+CNuo9R1M6NQbuyGVFMJmTf0TSFHjYDrBglyuVI=,search,Discover Feature,online-playlist,0
HfVrxfpxOJuQ4FofEFxdlwm9yvaoy8y0JOH3GaQ/RTs=,Z+mhovcYbExPp66GnBecKttDRM5S5YCAw9vzJACsQAU=,my library,My library,song,1
x+k/zTEqdgYq6O+r1iDjKRaQnaCS5118gzBe8c12r1Y=,WWgB6GYGuyplhfw51plAbvpnixjsFA3XKSyEuTN42Tk=,search,Explore,online-playlist,1
uA7h005WTDJTwS1Tv1uzmWcWTpt/7x7Xx8JydbeMi2U=,7NV5ZpaFlc7e3fjuxNiiuL0+HEr8qASFr+HHztIhwGY=,search,Local playlist more,local-library,1
8tSgHKzljg7TyPLYrU9L7CgHIdShVvyV/d6PccMRzhw=,CXdtx7/QxePhjYwYFcXVv+lXjCDEGRJ9r/OC7IQXthw=,discover,Local playlist more,online-playlist,1
MXIMDXO0j3UpaT7FvOSGW6Y5zfhlh+xYjTqGoUdMzEE=,GRaVokpHF2Uk3hgKnyJ2mDSmHvie4lyE0i6l5rA2yWU=,my library,My library,radio,0
NwX1NaVlyw0jvfQNxLTcx9ztIUKVL/sjkccdAmMpfCA=,rqNd52MxQ+okfR61j2c7u36DLODO4d2Zt/hMm3jxncM=,my library,Discover Feature,song,1
TO253iXvHroemKYZ23M7YL7uu6Um4zEwByNl4wcpIYs=,yPA+sQt5tJ3NgR6/L9BefmNpA2152zQQ+/Kvtt3iSUs=,explore,Discover Feature,local-library,1
A6DJoTdyfFVxhngH62vlscx6pJsakhdeNs2vDEVTfH0=,GAWjH9Uns87Q1pcQTJZo+PaiJIsUj3DEWjtGqyMUZm4=,search,Local playlist more,song-based-playlist,0
qd03y2Hs/0xCA/dPExadbY5XQdTHOcli3h8w4KTwhZ4=,F48LS/DqAt1EnPHRezspUgYaZcmiOoyOD75UFpHenEE=,explore,Discover Feature,online-playlist,0
O3ElkgfVd3DoJysnWAIgIPF4N3Y9LPmlm+aC5G+UXGY=,d5ayexvXscdzmuGxENyY8Uwb4AQaxt0dEcnkAgES7xw=,discover,Explore,online-playlist,0
cNssc+2L1Fx77CzASou28E9qfWeJjQKZtfoADkl/xkQ=,QZBm8SOwnEjNfCpgsKBBGPMGET6y6XaQgnJiirspW7I=,my library,My library,local-library,1
UGX+2jh3WO5XRuVOPuPCiIetzHlBjh0DPOLPeJSe36E=,p0vznXPDpqFXtJzcvx4f9NxqLDC+1PQ9/Prr8kUdSuc=,explore,Radio,online-playlist,1
UjuPJCQo/YoGVR/yJ+CocmWUk2czJE0BBKqaPpVYV64=,KxxFN09YQwSN0eAJSUf2xa5ZKjyZmX3nIVKM+zKxq6Q=,explore,My library,radio,1
EBXSMA3gzTff0F01n56dHSBQR/IDWiwuw5S+ksPgTc0=,35dx60z4m4+Lg+qIS0l2A8vspbthqnpTylWUu51jW+4=,my library,Explore,song,1
DqwB7smOAIbNnnQbWOpfsmy9znTwfDEQCW1I6ujFG48=,3OvsjjGFnEouJggaSOMVUVgzrgoTRtKd97GVQlQXUWQ=,radio,Radio,song,1
xjA4Fs3CO4k3jQSXLFhn21zxTcYVRRRTzof3ZPn8KFg=,WWgB6GYGuyplhfw51plAbvpnixjsFA3XKSyEuTN42Tk=,explore,Local playlist more,radio,0
qn0aqqC8dcshYsmcFmFYJtebwjMp6kLr8yanC5QC79o=,THqGcrzQyUhBn1NI/+Iptc1vKtxBIEg0uA8iaoJnO1Q=,explore,Discover Feature,local-library,1
z1IXxOkXP6uCWwFJLibRkXzU7USedggSWIfGJl/HFQg=,yPA+sQt5tJ3NgR6/L9BefmNpA2152zQQ+/Kvtt3iSUs=,discover,My library,online-playlist,1
Mue3orxlJaHmK07bXWDrchFW1f/Or6TLVfMwx9fO9aA=,rcPNzl8xjj74tjZDop961+ugDVJKx4mdgh7L1xJ85FI=,explore,Local playlist more,song,1
4MSFgArmrrq1abQEeuHkmNQjEkqn5r/Z6/LNObSm3xc=,41aDNLPNdJ8PZdNo46uAPDJ4yFTKrPYY1jeM4CucBGs=,my library,Explore,song,0
tiYOcOjJ0qgAJDL3hTboZye11uT8tBbNTscBDWxCWLw=,plcKSDtGLCbnZbKxbsASN8Lz+EtSEkRW5WJ8eA8UA8g=,radio,My library,radio,0
R7AyK9ZUi5d21sCDumgghXW+TNacd/qN0dNMa0C22pA=,cLpXPLkgvZlNs+wbtHh2zFjvGMH61BU5fj79s+G2/PE=,explore,My library,radio,1
B4P1g6sGBILzGhelH/YKkfpkFgWfn/LgS4KgU+bEaD0=,gG8cycpwQak+/chDrTlk8CXXIw4ztVIO1OhbdJBTav8=,discover,Explore,radio,1
LR9NLKme+aT6uoW3R5XlLu9gq7LQG6tt+bJTEPpcrGg=,rqNd52MxQ+okfR61j2c7u36DLODO4d2Zt/hMm3jxncM=,my library,Discover Feature,song-based-playlist,0
fVZedYe9G51wW8jy3Ws7FuF5IKx7zxQYWvPAfCdIRJE=,7Xxzo9Z584Z1AhkaLLWEcpzcEuxcquGE52Ztc4879YI=,radio,Local playlist more,radio,1
jL7ukei/Kb4gDCfTG4+VhV4TzLaDecjji/aW+GqWvac=,UXK+xHZe1REiVRlOMS5gvqeUY+kLbVyiEdJRTLYoZkk=,discover,Discover Feature,radio,1
4DlS5LiANEKlMTQD08dakyV1JWwPYI/n1wyjx4ImjPc=,VdVi5NKMJeRDsz4+3xvrpu66FNVTcQ4G26TXoUxW8bU=,my library,My library,online-playlist,0
gNqpBxDbTlhvjHhGUzkOXI7uwdcMfsUjThCFibPphkQ=,X96NEF2NcG6gyKVF0+U3H98CgAlgecjthmaqQe0nLPE=,discover,Local playlist more,radio,0
PwnWgkloewAh6nr1MpRnSm6jbrltEb328ifDj7ccDZc=,3OvsjjGFnEouJggaSOMVUVgzrgoTRtKd97GVQlQXUWQ=,my library,Explore,song,1
mDJCU+fKu/mbdk9l4SmPYiJwpeMyK44o9wmG1X3735A=,JP0GJixHOHSNDsjKiQY2ttQKbDmWSk35JMMfPtR06BM=,radio,Local playlist more,song-based-playlist,0
+3RfkckBHS0oQrrjJj7p69bdwJak+qzKq0fhFaeXUxA=,IgMar/mVrJQ+ODFPytDf7jwQMmR09+slyZUdVylRFLc=,radio,Explore,song,1
baemFqI4x+fpHweCJQeb64jdSmOWUKkJuwK5BrgcsX0=,wH3O5bbWPKwaed4dTZHBx//gQ5BzAjdnyaHM8hozEiY=,radio,Explore,song,1
Tb5tCteFbk+G5Jyvq9SqD1eAzgZ98WR/xOCvvjkNCog=,n+FLlTL+LrNTa6xpoGkESEzlUMb/hPEM1nLq2U6fEp0=,radio,Explore,song,1
TDHfjwkLrnoorqjTUFtlzSL47Yl1oEBpHM8k7qHrIdI=,ayL6eLHKSrmX4smFi1KbGMYrWI9EwsiErGjWUJ9CTrQ=,explore,My library,local-library,1
B4P1g6sGBILzGhelH/YKkfpkFgWfn/LgS4KgU+bEaD0=,Bmj+IwjGGnbUyQ02jJpz5K+2vmxCOKfBqVd7ypu6OLo=,search,Radio,online-playlist,1
uCDJmSDTzA5PpnYGqKvNmFbwBIoS3jIXFbO5YfoCv/Y=,YN4T/yvvXtYrBVN8KTnieiQohHL3T9fnzUkbLWcgLro=,explore,My library,online-playlist,1
1wiu2UfN0BNhHfPTrDS3S/rQkX/vnwDoKH6ODTUdH9k=,66NCw1qHAROy0PiUC1tPNmGYqRvBSfvGUsO+46BooDc=,explore,Explore,song,0
Ty59+gs+lfVbfm1T/SDqLmbFhtkAP4Mm75uYiaKZ6kk=,Wn5ltxI7NsFk4xGFHOFXv2ajWU9HmuEgDF+xs1EJpFo=,radio,Radio,song,1
lfK5QUAaa28niDIyQ2oGkSntvSe7G5EmQ1N6nvnE8lY=,JTMsJNPcL2ambkp1Z/MeBEnFEzZEOKetdLPrJxHf7v8=,explore,Discover Feature,local-library,0
2yBzq7nUBV99ankkp7O46elZikHVB5BvqHcr2Lzetlc=,FynUyq0+drmIARmK1JZ/qcjNZ7DKkqTY6/0O0lTzNUI=,discover,Explore,local-library,0
+3RfkckBHS0oQrrjJj7p69bdwJak+qzKq0fhFaeXUxA=,cy10N2j2sdY/X4BDUcMu2Iumfz7pV3tqE5iEaup2yGI=,radio,Discover Feature,radio,1
4abUL+lw0T5WFbdgeEyj8UHqyYxA7Exgw2tWiDJVSwY=,XgLDH2I0dmKXQNQTMsNyGSy5oz+o6o6jPTqj0I8abFY=,radio,Radio,song-based-playlist,0
jL7ukei/Kb4gDCfTG4+VhV4TzLaDecjji/aW+GqWvac=,sgHKhG2d57U2o88razl9SyG1nuuMDf0J2BuDhzoI12Y=,my library,Discover Feature,local-library,0
dO8vzPwqXvOjrPWDW++gVecwTNnzesp3zW1dtRc6KEk=,KZ5hwP74wRO6kRapVIprwodtNdVD2EVD3hkZmmyXFPk=,discover,Local playlist more,song-based-playlist,0
hYJpPvGod6vy09TnlXdQe3Q0vlxju5u5Ruf8V2XkTio=,nW7czLK5LBcCT/uAo+03SyWAbaEEaSnXI5uxhC7QiBM=,radio,Discover Feature,local-library,1
wobMEyGx2iCkFu27/HPRJIky3S8tO/rS8Rr+tsvEe0k=,MtFK4NN8Kv1k/xPA3wb8SQaP/jWee52FAaC1s9NFsU4=,discover,Explore,online-playlist,0
xQp8uu2ljPWqokw6Eg+4TCB/GUC/EZwFMcapcleGiDw=,YJKHI4Asj1oM5vJftbISis2QYliVSExtWiWnwb7TOgo=,my library,My library,song,0
EDSn8rAs8qjUvqhhFG5diTbaVbJi8qkoKXeMzf2JGVQ=,Ujt3R5hAe0Pix2mURuC+CO6aazhCvEU2lByPzy3E90k=,my library,Radio,song,1
KGXNZ/H3VxvET/+rGxlrAe7Gpz2eKMXyuSg3xh8Ij1M=,338YQI2OhQDjVCbuAJ2t0PQtzDG8KRSFdB69kiwt3CM=,radio,Discover Feature,song-based-playlist,1
akW+xn32y3X+ZisQokWwV8+caojTEpm3E8lV8E3yuBk=,yPA+sQt5tJ3NgR6/L9BefmNpA2152zQQ+/Kvtt3iSUs=,search,Discover Feature,local-library,1
Xbrr2Sbq8NuLG+1QZWm/Iu5P52fUTvgspCYNG8wmfPQ=,Tp37bk/x3F8bFpANiXXKtuLaaNtHDeQwsNUxYHNE4VY=,discover,Explore,local-library,1
16pGH8W1JKJTrQSZDX3gQY57S3FiO4YJheGRiYbONsU=,Hg9Bv1grz9a7lTp6HxpK//dV5AOqft4uk1fjIfPMJFE=,discover,Radio,radio,1
rRUTKZAVxGBh5XRUk+Lk/b/gHcAOsbk1hiQiEfubDh4=,skehue/d/R59G71dXYpntDwdjRRPlweN3JE8g40TgZU=,my library,Discover Feature,radio,1
uA7h005WTDJTwS1Tv1uzmWcWTpt/7x7Xx8JydbeMi2U=,M9rAajz4dYuRhZ7jLvf9RRayVA3os61X/XXHEuW4giA=,search,Discover Feature,online-playlist,0
0ut67E6+04VZ9RDX1nJYPmPARhbgYbsjEKl7K4dpjDw=,XA08z3r0wdQvY3CE0lFDTd/MuAgD7b0XKZnCvo+ylKE=,discover,Local playlist more,song,0
16fsOt7imefLSFsV7mWoP1AL+bpjP1NuWzQ5QP9tj8k=,A7Z2nDVASy04EpmfzOL9PRMN3hFVbWQ7ah4J+o9sLnE=,my library,Explore,online-playlist,1
wobMEyGx2iCkFu27/HPRJIky3S8tO/rS8Rr+tsvEe0k=,M9rAajz4dYuRhZ7jLvf9RRayVA3os61X/XXHEuW4giA=,my library,Discover Feature,song-based-playlist,1
ZIThPCdbFdxx0T+qKaAnQprzkTcoMTJL66Of3nlFGLA=,XA08z3r0wdQvY3CE0lFDTd/MuAgD7b0XKZnCvo+ylKE=,explore,Local playlist more,local-library,1
+3RfkckBHS0oQrrjJj7p69bdwJak+qzKq0fhFaeXUxA=,l71bGvOgjZIJQHa+E1GW7L5QWYSliCUKy+Hg3SmxzOE=,radio,My library,song,1
FaH6rl69OOVwbsO30jjdjVXD9wJO8pcVZS6LGy5zTJM=,+Sm75wnBf/sjm/QMUAFx8N+Ae04kWCXGlgH50tTeM6c=,explore,Discover Feature,radio,1
Bljj9o7B1zgL0RIpZef1SlSigiTIMr0mDPv7aUyzuXo=,qxDl7URNa8pfCbbdoMNE0cHrU1+hMSIdyqhOGvQo69M=,my library,My library,local-library,1
mDJCU+fKu/mbdk9l4SmPYiJwpeMyK44o9wmG1X3735A=,kge3dyGXCTqgUbHpFPB0x8gy+cPAamtArhr4sghdRH0=,search,Discover Feature,song,0
HfVrxfpxOJuQ4FofEFxdlwm9yvaoy8y0JOH3GaQ/RTs=,jHMqK5wu5C0txl0QCxpkSM1xbIev60ii+dc99LXu8EI=,explore,My library,local-library,1
+Y+wTRRkZ0QA3bV4+7nwu8qlN5Kb7ygMhqvB5L929YI=,XA08z3r0wdQvY3CE0lFDTd/MuAgD7b0XKZnCvo+ylKE=,discover,Explore,radio,1
HVcWdf8CEo9s6qwt5V7TpoPYJfRlQSTA6b7kxEAImpc=,43Qm2YzsP99P5wm37B1JIhezUcQ/1CDjYlQx6rBbz2U=,search,Explore,song,0
rGbXmjKDOsBV9n2LJEPtx4GcJS00c7Bs9ZFo6icxVJM=,n+pMhj/jpCnpiUcSDl4k3i9FJODDddEXmpE48/HczTI=,explore,Discover Feature,local-library,1
T+FJrpYi77CWTUE5nO/vliojRaTPgt2bRUQHy5lhXrQ=,IomyG8OwXU9lWvede4KdHxtUZ+eppEdusnOCDDok36g=,radio,Radio,online-playlist,1
BqnomjS+KJtzWrGRkqLEoO3I7KapwN4B8H9in4Fsf+I=,1UHqpOyecqH+8NytyogNdQz/2zUDpmHzUF5lgH1gvyw=,radio,Local playlist more,online-playlist,1
FrYc5vaJMygJR0CjtIqrigWOlEKURefFwGKvr0BlbMI=,msy6vSQ15p6RVJfm/bSgcDwd3YSLp445Pdhzw6CEZRM=,my library,My library,song-based-playlist,0
JkQacE3rvmhh65R04eDLbu+M7MCkpzmHwMGrbZo0puc=,4eWKqiadX4L+cYSy1VEcazqQDV1YxvYo1YHU5VR81pM=,discover,Explore,online-playlist,1
V39VxDdE9SgMQZnX58oQChm9W056pw2lC3TiifMfkKw=,YmAISVdWO5T+OgcuVLr6qQ7OsqPzAbBO7BrEwfcxMSw=,search,Discover Feature,song-based-playlist,0
IU4XmahhntFf39v7Xzd/Nk6fjzZCCpAjOU8xW2TWHGk=,6HofPS0v2MVFsL10yCN7dXUL+gUOnvsD35vx3HmRbdE=,radio,Discover Feature,radio,0
rEVqJ3NIxC9LSUZYOj1ft5VSAvFo3AxNu2k36hKKtWc=,yn6Kt6+romPpZ1i6+hqI3WJ42G5SdsX3a+l59IaMcp4=,my library,Local playlist more,song-based-playlist,0
FaH6rl69OOVwbsO30jjdjVXD9wJO8pcVZS6LGy5zTJM=,TIwOs7iFTKo3Cy2yiNReYYcZc1JyAx+0k08+z97k1dA=,search,Explore,song-based-playlist,1
AEZNdJt0QGYpBlT97tdnNaNHW5SqpgJb70TFmeZBYbg=,ufjl9/oJJRQx/0JUEBaIeyE82HP0CF7Fy2LwOIiNiYY=,radio,My library,online-playlist,0
saNgxsUQwx4IXBRgFF0w3uJN6KzvQBEv3dI7dDaz97g=,yn6Kt6+romPpZ1i6+hqI3WJ42G5SdsX3a+l59IaMcp4=,radio,My library,radio,0
MXIMDXO0j3UpaT7FvOSGW6Y5zfhlh+xYjTqGoUdMzEE=,eKCra1VJtznUJW/pya0TCpqHRxHxdQ51S3fspJmR2gs=,discover,Explore,song,1
J/KdXo5kGQs+dRxYam3/tZlwhl7ZX+sYvvCdjg8Tqzg=,CfOyUSvBAIGhsUEcZ6hTnWLLaQrDtzVmoIdmIMXBOTA=,radio,Local playlist more,local-library,0
KGXNZ/H3VxvET/+rGxlrAe7Gpz2eKMXyuSg3xh8Ij1M=,Ot8WIXZXzvgZeZoCwcimfORgLbZJJdslmuvO1ufZB7k=,explore,Explore,song,1
n7V1D5AuwLykWxCzsU1eNPSyxVbrSXs6IXiWF2zN0gY=,Zks8Is+xdBwLuMg0lYynAU4FanLNf/tyuZ8d7IEvY9c=,discover,My library,radio,1
AEZNdJt0QGYpBlT97tdnNaNHW5SqpgJb70TFmeZBYbg=,6uCt0I6XmmXX7fta96XlZyxtSWXlTa2ZviRbxnDUa/w=,explore,My library,local-library,0
3nWFLb+IVt1+0JcM73g0wIG2AHtyhsI5RlG7gHziOFA=,66NCw1qHAROy0PiUC1tPNmGYqRvBSfvGUsO+46BooDc=,discover,My library,song-based-playlist,1
5LGtbWKwKifap3ECM6HO04gPY339RM0oF7D/MfWzUxg=,/70HjygVDhHsKBoV8mmsBg/WduSgs4+Zg6GfzhUQbdk=,discover,Discover Feature,online-playlist,1
NzxFYmHEK32NaephTO2QGtxiR93Cf7U/Tp6jkoY25WE=,Y87wssIvAzfpJA1z7WGawlIQl7mNFDWzmKS/FlLtLA8=,radio,Explore,song-based-playlist,1
HVcWdf8CEo9s6qwt5V7TpoPYJfRlQSTA6b7kxEAImpc=,iiifj//EcKnociT6W3nBASJygGe/TyFB41UD1bTtnU0=,my library,Radio,online-playlist,1
uhEkft9Ht4TsUF5wBkmmZbtbaIVESVfiUnMlxHYl0HI=,qxDl7URNa8pfCbbdoMNE0cHrU1+hMSIdyqhOGvQo69M=,explore,Explore,radio,1
UGX+2jh3WO5XRuVOPuPCiIetzHlBjh0DPOLPeJSe36E=,Bh52i4Qxauj9DCtTLH9CeKZgB59FIP2NofIbc6Dh0Xw=,discover,Discover Feature,online-playlist,1
TxneOykZ/MOIbQmA/aJ4EUQUIR9r+Egt6TNQu0WgwpA=,SKRQpz3EM5UIxT2LCGzK5k0aYg4QtyHWtr0L/EK6By8=,radio,Discover Feature,song-based-playlist,1
dZNojW/n4mqxR6RSZt4CMeCnJzzxBYi6n9qQCKbghvE=,KQkL3RbSia9p7I5H9wrdEFmQZSJEZc64kpnzDUUEe84=,radio,Discover Feature,song-based-playlist,1
vBNHobQRQsofef7+9NZk4C6Y6T2PBXSGXUbn6c8UOcg=,QZBm8SOwnEjNfCpgsKBBGPMGET6y6XaQgnJiirspW7I=,my library,My library,song,1
cF/VJmBHwhcqdd016oPP1wXBdWSjxEHEzwlhEn4+/4A=,41aDNLPNdJ8PZdNo46uAPDJ4yFTKrPYY1jeM4CucBGs=,discover,Discover Feature,song-based-playlist,1
Xbrr2Sbq8NuLG+1QZWm/Iu5P52fUTvgspCYNG8wmfPQ=,EH+nzRuSscqbP1Xd8ulzTMCGLEjqdzdxCaR8Fgyh6VY=,discover,Local playlist more,song,0
5pr+x566HOsYLEv4ouZ5cEHFFwBB74xaFbExdPGJ6b0=,Wn5ltxI7NsFk4xGFHOFXv2ajWU9HmuEgDF+xs1EJpFo=,discover,Explore,online-playlist,0
qljEWgpUDxIw7Lpc9mpZSYjpH+RmsE3T6s0x852lzRY=,CivTL87a654wHFVt1BEZu+cryDKO8mYRsrxpEW8oVm8=,discover,Discover Feature,song-based-playlist,1
w4SNbHDAMuMbulkgcHGYOl/datijVua3CR5D73DylLs=,CfOyUSvBAIGhsUEcZ6hTnWLLaQrDtzVmoIdmIMXBOTA=,search,Radio,radio,1
UhqjLSMwLYzjZFDyYQF6A33phr0tPNXyu7+I08q/u8g=,o0kFgae9QtnYgRkVPqLJwa05zIhRlUjfF7O1tDw0ZDU=,explore,My library,online-playlist,1
7xiBI5xU3P2/IiR9teB7jySfzWo96JGikGajteLd3Cs=,zcieWa7/2VeVp0m0fa95RI3i6FIfNTMzVvYXm3X64Y8=,radio,Radio,local-library,0
yBXKYfcmQ+TtIEvkLQXabAY2uwudIGn21dEZYAwCDCg=,skehue/d/R59G71dXYpntDwdjRRPlweN3JE8g40TgZU=,search,Radio,song,1
HfVrxfpxOJuQ4FofEFxdlwm9yvaoy8y0JOH3GaQ/RTs=,YmAISVdWO5T+OgcuVLr6qQ7OsqPzAbBO7BrEwfcxMSw=,search,Radio,online-playlist,0
s8Oce1igq03hako2pQCfeXyPVkBs77ArjdrZEQAjpbk=,G/4+VCRLpfjQJ4SAwMDcf+W8PTw0eOBRgFvg4fHUOO8=,explore,My library,song,1
xjA4Fs3CO4k3jQSXLFhn21zxTcYVRRRTzof3ZPn8KFg=,ih58jIWgit7qPy3VpvbM6E7AIvs57ylCHMVpIl1T+Io=,my library,Local playlist more,local-library,1
P+Sxa9gtP8P8IQcpPGbwWmEFdrF16hTrtfXyfa5aGoI=,XlkjAJe0dfNZGVXs98X/tteFpStvXboU0MegqWJt36U=,my library,My library,song,1
oqovZIlVcIUL0aIMGYtXxy3R+xJcxmJBJUXeIb+HJYA=,+SstqMwhQPBQFTPBhLKPT642IiBDXzZFwlzsLl4cGXo=,discover,Local playlist more,song,1
aMB9nC9PVKXsk/K++qMMG0in0dvk2XiUFuAnr10qiac=,2Y7NstzrTnCFlRel5m80hPDe9471QRU9oyqPIx1xIP0=,radio,Discover Feature,radio,0
sgT7F0PbR9/iCyzeSzcl//+E+fK3CeZmM1deeeJ5rZ8=,wfSboJwFBF6YyVmGO0wCeRtMdrqwkOgwPHV+YmSUl5Y=,my library,Explore,song,0
K7obY5lUlZTd6a/byE9NG/e7Q/dlgHfppLbYk8OL7os=,9YYrODwrXpDcCjOJypHROv3f5z40y11QlmgQjmzp2vQ=,explore,Local playlist more,song-based-playlist,1
KGXNZ/H3VxvET/+rGxlrAe7Gpz2eKMXyuSg3xh8Ij1M=,Ujt3R5hAe0Pix2mURuC+CO6aazhCvEU2lByPzy3E90k=,my library,Discover Feature,song-based-playlist,0
7xiBI5xU3P2/IiR9teB7jySfzWo96JGikGajteLd3Cs=,Hum12fv82coQWytuQUP8K0cHEdJ9zz10RrGjsGqmDpw=,radio,Radio,radio,0
PC0HTwpYB4UtDaA1s7qlkmktEzeiz57VXvIJijk6ChQ=,WOvHYkt7XUOtmMOTsgT+2vJKydJEVInZGliuLUXoV7o=,discover,Radio,song-based-playlist,1
YYdQJgjemCT/fAv8s+CwfmgDprAQOneJ2M2SdArq9V4=,IgMar/mVrJQ+ODFPytDf7jwQMmR09+slyZUdVylRFLc=,radio,Local playlist more,song-based-playlist,1
tlFGRF/TtrSwJA9XPHL4cajWghZCbAbhzif/6wJiN6Q=,i356q8t0P9emMJq8PsFkY6CGoi34mP3cgXuDpfEDyhY=,search,Local playlist more,local-library,0
uA7h005WTDJTwS1Tv1uzmWcWTpt/7x7Xx8JydbeMi2U=,D1tFsBLd9VWbonfb6Vek0BI2EJB6udLOuV/x+ptYpOI=,radio,Radio,online-playlist,1
uQ6LOBwmu7lIjv+wFaq5+M4IcAZEha2J0uyDB6Y8aqY=,yn6Kt6+romPpZ1i6+hqI3WJ42G5SdsX3a+l59IaMcp4=,radio,Local playlist more,song,1
sgT7F0PbR9/iCyzeSzcl//+E+fK3CeZmM1deeeJ5rZ8=,nwSpTQoTbubQRzCAjsWTemzjG0B36aa5Dqpi2py8jsU=,discover,My library,radio,0
qn0aqqC8dcshYsmcFmFYJtebwjMp6kLr8yanC5QC79o=,p6vR55B6kN6DL6mkWo3Ndkzd1KEbmr38ndt04bYuzXo=,radio,Local playlist more,local-library,1
qd03y2Hs/0xCA/dPExadbY5XQdTHOcli3h8w4KTwhZ4=,Gew5+s/HwCSjQ6bX7/dZ0pXS6TB4ccOrOYcQg7FWDZI=,radio,Explore,radio,1
Z56mxjHqnR1FK1d5gkf5ARTxwZF8h0HPI+rHFGRrMHo=,4MisMKfKs26kWvzPwqJMnqqoeNfOlsfiiFswvWIQOUI=,my library,My library,online-playlist,0
K7obY5lUlZTd6a/byE9NG/e7Q/dlgHfppLbYk8OL7os=,eqxzfyc6kVOcYTDo7GCguRsfLEplxdlJ+umjJsB8gdY=,my library,Discover Feature,song,1
n7V1D5AuwLykWxCzsU1eNPSyxVbrSXs6IXiWF2zN0gY=,ayL6eLHKSrmX4smFi1KbGMYrWI9EwsiErGjWUJ9CTrQ=,radio,Explore,radio,0
OyELWVNKZMJtqg+BFArzAokp8bn+pGhBWbCZaxyLIus=,qHD46j2HpNipwKHtoE0035AIr+FAdNYaSi1VNT3gACk=,discover,My library,local-library,0
+boPBM5G5+vAfbO6zTy7A2FrVQyl91aBPGHkQ6ciNYc=,NhQfOVnptpW5z5qsP/sN+hVS8TM2iYvdy/ZGVe7K+kM=,explore,My library,local-library,1
xEeMEDdDCvfLGt6eoayVgVh48nLdPvEm1XzwzY6lT58=,27vpOctGRDxfm4nJsYUfvNaoL8ayuXiYAYUH4H1mfJk=,radio,Radio,online-playlist,0
SyBjgDUF6aV+1d17oV4XPDBkJLU//LAOwWdYh4DAUiU=,UZ3dBhXYs3u2VWiwH9VQYBWnp1hi25EmxuK8JISoSZU=,search,My library,local-library,1
A6DJoTdyfFVxhngH62vlscx6pJsakhdeNs2vDEVTfH0=,Hum12fv82coQWytuQUP8K0cHEdJ9zz10RrGjsGqmDpw=,explore,Discover Feature,song-based-playlist,1
rRUTKZAVxGBh5XRUk+Lk/b/gHcAOsbk1hiQiEfubDh4=,ajjUpdQjWCwzCHNd6C0hB3Fz8BIPGjSy6IT35+UWD1I=,my library,Radio,online-playlist,1
0gR6Hl63ExurTrvY9uEfmgDDgRj0nBaIse0DU199YT8=,QZBm8SOwnEjNfCpgsKBBGPMGET6y6XaQgnJiirspW7I=,search,Local playlist more,song,0
UvM0IMLJ11PTOjdjhqapNQmHcbttfsiyv5+dtIR2IK0=,5TKFWT9ivwAJiqRWz5apDsePXcJZ2b1RA/1gxTm6XoQ=,discover,Discover Feature,local-library,0
wIeuCRmznzwE6bVrKuo2QRfkztVfQVEYMNaugLCPTS4=,Kpyp6PVaOaQz81TH4KYB59FJiO/GVgzDVyCmiyxHTxc=,explore,Local playlist more,radio,1
3yBpYWqEybBPazsqB5NIhrXKCFe1Djn5orPBvxz9ArE=,Wn5ltxI7NsFk4xGFHOFXv2ajWU9HmuEgDF+xs1EJpFo=,discover,Discover Feature,song-based-playlist,1
rdNI0wgxmcsOgjH0akX2/zzW8qbDZc45D681Mpq45jI=,gG3/58uZyyOwaPT+eGWL81mwCzcDPW2EmwYcjWmvJSs=,explore,Local playlist more,song,1
fVZedYe9G51wW8jy3Ws7FuF5IKx7zxQYWvPAfCdIRJE=,DLBDZhOoW7zd7GBV99bi92ZXYUS26lzV+jJKbHshP5c=,radio,Local playlist more,online-playlist,0
mDJCU+fKu/mbdk9l4SmPYiJwpeMyK44o9wmG1X3735A=,pCf4HI+z4rQsY9FF79m+Sojnl207qtHqtOWU2VFW1ZE=,explore,Discover Feature,song,0
vBNHobQRQsofef7+9NZk4C6Y6T2PBXSGXUbn6c8UOcg=,/vRMwxfCQC55cFGMLtxZlAqhDFW/aPQMGdkRnykeWyc=,search,Radio,radio,1
J/KdXo5kGQs+dRxYam3/tZlwhl7ZX+sYvvCdjg8Tqzg=,GIDL+PW6bG3ZeBgOby6JNIQn82kPQ+MZjIybnyI3D6M=,search,Local playlist more,online-playlist,0
wv0o115CdKSsFlsV7VvHikjyxLG0LFc5qALhM8xkUZ4=,MwZaD94L4Wl4APdJSVQF5JPt+xH6hb2KtWpFsjwYUlo=,search,Radio,song-based-playlist,1
6bwk5TTaA1YSOmPoxDgBBlV5CrZJEar2C6SxwT5nDrU=,rqNd52MxQ+okfR61j2c7u36DLODO4d2Zt/hMm3jxncM=,radio,Local playlist more,song-based-playlist,1
FGtllVqz18RPiwJj/edr2gV78zirAiY/9SmYvia+kCg=,S9Ceoq7vRyE9wVvIyi8dWYZ+9bN3W/hP8i6nFTM8y70=,radio,Local playlist more,radio,1
dU4RbzpIRRd/EkA9Xncpy9CglzDBZp7nKMfdnfr3Aj8=,BxDBwZ9N4vb18iY72TA2T1VROqz00TpBvOVeefkm9KM=,my library,Radio,local-library,1
Tb5tCteFbk+G5Jyvq9SqD1eAzgZ98WR/xOCvvjkNCog=,Hg9Bv1grz9a7lTp6HxpK//dV5AOqft4uk1fjIfPMJFE=,search,Explore,radio,0
QDvq4xn7ZSBkamVnc8nL672oxKVqcR2zdgRGQf0giXs=,IiO/4aXuzEtXpyd1A7LV2TlAdIS5Rzl3hwdtbKuNBQ4=,discover,Radio,radio,0
MxCUQ6tAD7LU1yR0gwRck91ZKE88gY8kD/rX9Hi9srQ=,YJKHI4Asj1oM5vJftbISis2QYliVSExtWiWnwb7TOgo=,radio,Discover Feature,song-based-playlist,0
Jc84woRFJuyMAC6hDcH/Rr84MGq9ucuxeZveZ00kI5o=,VkDBgh89umc9m6uAEfD6LXngetyGhln4vh/ArCGO0nY=,discover,Radio,song,0
2LbejuZF550yFLDXLIBw3gd/c462BIJ+S/SOwneSXUM=,GQqErVwbH/YaifR6wl2S6prosRVHhwGO2/Aq5aIJLA8=,explore,My library,online-playlist,1
Mn98O4X/zceMt9nswcoq08F16ciCqhuN7lQ951MAL2o=,p/yR06j/RQ2J6yGCFL0K+1R06OeG+eXcwxRgOHDo/Tk=,explore,Local playlist more,radio,1
TxneOykZ/MOIbQmA/aJ4EUQUIR9r+Egt6TNQu0WgwpA=,31Tp9mUO5cVc8fEd67bI5GTrfev3MiXPUokaum1m3K8=,radio,Explore,local-library,0
UjuPJCQo/YoGVR/yJ+CocmWUk2czJE0BBKqaPpVYV64=,IhNTvk4edMSv0PCLIS6Ry23aEYtKEA/KwbJNi1OV84A=,radio,Local playlist more,radio,0
38LUs5mVWNKfyjL7ilf9JCnWZLjnno2obLXr69JJKcw=,VqOqrfMxAOMwJpyfUSyWuPmHpMtSuzvrCvHgahApvDU=,discover,Local playlist more,radio,0
16pGH8W1JKJTrQSZDX3gQY57S3FiO4YJheGRiYbONsU=,shYcSF/8MpYMxMzLfRznBZjwoQIvd+RUH06UamCj8ks=,radio,Radio,radio,1
+boPBM5G5+vAfbO6zTy7A2FrVQyl91aBPGHkQ6ciNYc=,ZcKgNis1AP1LA0sdtIddrtk7P04iiJzJrXvwXdT/X3Q=,explore,Radio,radio,1
cNssc+2L1Fx77CzASou28E9qfWeJjQKZtfoADkl/xkQ=,5Qh7YI03x2cbQFFv/e+faYhVpFAzjvnuE3YXkx2KgsQ=,discover,Local playlist more,radio,0
JoGt+PgRGKHAhTQnaRqQygBWdDwGE6gdPbeGiGP4/Lc=,AJQOsWR+d8TYfx8K3IngAs9/GSQE5ujDqBx/8PYm6zo=,my library,Explore,song,1
TxvdtN1Ehq4kbgU5J7lw+ik6Pc0NZjnQKARPiCCf0fk=,DH9SXL888u6VtOCkF/nqFbmtHlEkYgh9atVYPHfSfo4=,my library,Explore,radio,0
mDJCU+fKu/mbdk9l4SmPYiJwpeMyK44o9wmG1X3735A=,DRWs2zLgDBAqLqyHsNZVPyiBed+Iutm+qsoWqvo6dkA=,explore,Explore,local-library,1
QDvq4xn7ZSBkamVnc8nL672oxKVqcR2zdgRGQf0giXs=,L6w2d0w84FjTvFr+BhMfgu7dZAsGiOqUGmvvxIG3gvQ=,explore,Discover Feature,song,0
lq5Q5jIo2pNtn/bTBZy8e07jc4qcIhLI7PXeieo/EgI=,MwZaD94L4Wl4APdJSVQF5JPt+xH6hb2KtWpFsjwYUlo=,search,Discover Feature,song,0
wIeuCRmznzwE6bVrKuo2QRfkztVfQVEYMNaugLCPTS4=,JP0GJixHOHSNDsjKiQY2ttQKbDmWSk35JMMfPtR06BM=,explore,My library,song,1
HdnZZ4P0Vjxo2tgTvO1rsT/H3NkG7jvfrnCuF7TBK0A=,eqxzfyc6kVOcYTDo7GCguRsfLEplxdlJ+umjJsB8gdY=,search,Explore,song,1
JoGt+PgRGKHAhTQnaRqQygBWdDwGE6gdPbeGiGP4/Lc=,kge3dyGXCTqgUbHpFPB0x8gy+cPAamtArhr4sghdRH0=,search,Local playlist more,local-library,1
ocQB699RoI5sBlRUfv8tu++vqupI35/95l3U507jdpw=,41aDNLPNdJ8PZdNo46uAPDJ4yFTKrPYY1jeM4CucBGs=,explore,My library,song-based-playlist,1
Mue3orxlJaHmK07bXWDrchFW1f/Or6TLVfMwx9fO9aA=,d2k4F/IYpmudgfCxsRAXVHBdYHPfcWmhCYmjdXxigLE=,my library,My library,song-based-playlist,1
DqwB7smOAIbNnnQbWOpfsmy9znTwfDEQCW1I6ujFG48=,f0Yvo22LVUbRIlICXcEEym7IYNVjUqghZryP6Vf103A=,radio,Explore,local-library,1
fVZedYe9G51wW8jy3Ws7FuF5IKx7zxQYWvPAfCdIRJE=,B+lDDFfdRD9WVY2vdfJX3DXLlKohkLJC+mxE+Hfnh/o=,my library,My library,online-playlist,1
pRHIP4XdwWx7YpREsLN4sD0gb2BUEbhKytDXlwUAO+k=,Bh52i4Qxauj9DCtTLH9CeKZgB59FIP2NofIbc6Dh0Xw=,my library,Discover Feature,online-playlist,1
E23IyF1NtT7IeesuDuHWR6g/yMpWrq3cN3U4qTjXE0A=,uzU6ntNZT60j0CqFNXTpF6Oo8W3w5UwU/ANEODidW04=,explore,Local playlist more,song-based-playlist,1
bEJvXhD1XWK8qi0Lhydk9nt30hOTCkxG0a70s9ZeCEk=,DKGm2awf1TsLWeXqpDfVVQf5M2qPmcxI9Dwxz+45Qqs=,discover,Discover Feature,song-based-playlist,1
P+Sxa9gtP8P8IQcpPGbwWmEFdrF16hTrtfXyfa5aGoI=,KcQ4assZxaXsdizqxGjUSAY7CNc6+6hQzpVsjnWsShQ=,discover,Local playlist more,online-playlist,1
TxvdtN1Ehq4kbgU5J7lw+ik6Pc0NZjnQKARPiCCf0fk=,80hnDqhSe9u2uIaLvDh1tCbwryzDrsf789zgDDF+k+s=,explore,Discover Feature,song,1
hzy7RwzEVDm4JmC0X2qLUvnoE1+2zNTEea4fOe/o6ms=,WrVBxKvotVYzAKxCxNAGssQ1oCgO0gAJ4sNCfhfdfOY=,radio,Radio,online-playlist,1
gNqpBxDbTlhvjHhGUzkOXI7uwdcMfsUjThCFibPphkQ=,D1tFsBLd9VWbonfb6Vek0BI2EJB6udLOuV/x+ptYpOI=,explore,My library,local-library,1
1m91HsZUO53drOd2CmAT2nf4JnK4xxBfbzPNTu9pkjU=,q5/Vwifgv0SGdEIyiMU2F0pIXkeCIW3w2xB8n4iMoS0=,discover,Explore,online-playlist,1
hzy7RwzEVDm4JmC0X2qLUvnoE1+2zNTEea4fOe/o6ms=,5TKFWT9ivwAJiqRWz5apDsePXcJZ2b1RA/1gxTm6XoQ=,explore,My library,local-library,1
8Pvl/iQSa1A4J/op1WLFoj9PGFv5WHjDas6efapYoss=,LBnwicJLcepb/l8c68qpMRJIaUcm1UvgtKEfQwITrpI=,my library,Explore,song-based-playlist,1
a6uMxhS43vQ++TrVP3jdHT4lFfjw61SlIsCkvigQ5ro=,AJQOsWR+d8TYfx8K3IngAs9/GSQE5ujDqBx/8PYm6zo=,explore,Local playlist more,song,1
lfK5QUAaa28niDIyQ2oGkSntvSe7G5EmQ1N6nvnE8lY=,RiJp0d9j7dfyZ/pyUPtWLXiVp77iitN5lUQTR6qjEOg=,explore,Discover Feature,local-library,1
Ty59+gs+lfVbfm1T/SDqLmbFhtkAP4Mm75uYiaKZ6kk=,+LztcJcPEEwsikk6+K5udm06XJQMzR4+lzavKLUyE0k=,discover,Local playlist more,radio,1
YU6fAgCFgPkaJ1YSW2838KzGTxmBCfgousTO8jwuHYM=,M9rAajz4dYuRhZ7jLvf9RRayVA3os61X/XXHEuW4giA=,explore,Discover Feature,online-playlist,1
a4aEMKA1bMIwfCarB0qN+Fjag8swMwFfXm6ri5KJvms=,CXdtx7/QxePhjYwYFcXVv+lXjCDEGRJ9r/OC7IQXthw=,explore,Discover Feature,radio,0
tNvUsQwOJX5OgGsBBN9to3vI+DoUc6S1BFgNXUaYoo0=,6QMvPiMG6bKF5+C4fSsfeR/LGNMiwL55HNhd3BcvSKE=,search,Local playlist more,song-based-playlist,1
gNqpBxDbTlhvjHhGUzkOXI7uwdcMfsUjThCFibPphkQ=,750RprmFfLV0bymtDH88g24pLZGVi5VpBAI300P6UOA=,search,Local playlist more,song-based-playlist,1
A6DJoTdyfFVxhngH62vlscx6pJsakhdeNs2vDEVTfH0=,9tMmo3BI0ElPvI5O0DoVc4u12TzxgEdtwTadElAbc1U=,explore,Explore,song-based-playlist,0
n5v6IqRk4CZnELtP0Z2et7EZrdPicfyhvD2gIdq1Mcc=,hDaCYJApKdeZGK7HPAWppz+FfmRwNh9g1wBc/EkBfYE=,discover,Discover Feature,online-playlist,1
zYTm2T59lT+Z/hpoywdET+EGMcRhwi4rzL7WD09iRC0=,FynUyq0+drmIARmK1JZ/qcjNZ7DKkqTY6/0O0lTzNUI=,discover,Local playlist more,local-library,0
UvM0IMLJ11PTOjdjhqapNQmHcbttfsiyv5+dtIR2IK0=,r5BnHxvuPlLjwr4MHf3dF3yUY+NVS6rHrkVG7wVZ1uE=,explore,Radio,local-library,1
H1D92jYJ3GyJWLmt3ZAE3QgxgfCCit8WTsT7+KwS+vw=,66NCw1qHAROy0PiUC1tPNmGYqRvBSfvGUsO+46BooDc=,my library,My library,local-library,0
UTAElx4+rSh2QViTKHQhC40cphX7ZIYafAOMJOJCshY=,qiF4WAvKyVZZIBi4oSntG2GrHa1+p3oMaiZBXUpeDT8=,my library,Discover Feature,song,1
rGbXmjKDOsBV9n2LJEPtx4GcJS00c7Bs9ZFo6icxVJM=,oDG5WCyUlb9i/Sr34Fljeh0YsONZKxl+7jjUw27vm5U=,explore,Radio,song,1
Y8fGbgG4J6bpoXzljxRIp+hwVjk2ULHaLAfJatxHjg0=,JTMsJNPcL2ambkp1Z/MeBEnFEzZEOKetdLPrJxHf7v8=,explore,Local playlist more,song-based-playlist,1
O6cmcavFpTlX0oU/WxJrYGxLIvR22dVpHz/VJxylp8g=,41aDNLPNdJ8PZdNo46uAPDJ4yFTKrPYY1jeM4CucBGs=,explore,Local playlist more,local-library,1
OMy7VLQDDDlAqrp/YCl+BvzGIgZoWNejIDqSl8siqIM=,6uCt0I6XmmXX7fta96XlZyxtSWXlTa2ZviRbxnDUa/w=,my library,Discover Feature,online-playlist,1
dO8vzPwqXvOjrPWDW++gVecwTNnzesp3zW1dtRc6KEk=,wBTWuHbjdjxnG1lQcbqnK4FddV24rUhuyrYLd9c/hmk=,radio,Explore,song,1
Tb5tCteFbk+G5Jyvq9SqD1eAzgZ98WR/xOCvvjkNCog=,TIwOs7iFTKo3Cy2yiNReYYcZc1JyAx+0k08+z97k1dA=,discover,My library,song,0
08sWvzS2VVyKAVQRi6z4gxGxRQ0YQM0BXsXdVEKuzSQ=,UQeOwfhcqgEcIwp3cgNiLGW1237Qjpvqzt/asQimVp0=,my library,Explore,radio,0
LThaiVqGGnVTPmTcmwN/LLo4fVb5dzkduzd7s1SgzIA=,ayL6eLHKSrmX4smFi1KbGMYrWI9EwsiErGjWUJ9CTrQ=,radio,Discover Feature,local-library,0
MXIMDXO0j3UpaT7FvOSGW6Y5zfhlh+xYjTqGoUdMzEE=,N21RxItkM+DqGIdEWiPa5urFl3xvDUNVdhr2bFZvMeA=,radio,Discover Feature,radio,0
Wg1bSRX3JtJ9ElarOhpbEaV5pu9lgTeS33mARTV+Sl8=,limwLMOy3/jAQ5dOa3x7k/eJmA1ARXel99C337h+E34=,my library,Radio,local-library,0
mrjKYVskMUAksvPgRky/E2g/TiPdbpH1j5CCOzAC5RU=,gvHR5iZ5GWVYZBMTQFo/k0LB3Hh2RDUNhDgOCzICosE=,my library,Radio,radio,0
a4aEMKA1bMIwfCarB0qN+Fjag8swMwFfXm6ri5KJvms=,JRa3KgSwWDyY17usXoi6jN8O6v6t6Tq4xcwjbUkbQFQ=,radio,Discover Feature,song-based-playlist,1
O3ElkgfVd3DoJysnWAIgIPF4N3Y9LPmlm+aC5G+UXGY=,RxCEvZAXgnh1ZDlQBuVb/J9xpnopFSJBaBxLqGZIXSs=,explore,Radio,local-library,0
cqjRBV/jWN2ujhc+z/4tz+Mj6xEfflAAt6qBXCqxKvw=,eBme/h4Z4eP7BZY3tifu5Lr/dRB9NQJVIl36jZ5DZGQ=,my library,Radio,local-library,1
bEJvXhD1XWK8qi0Lhydk9nt30hOTCkxG0a70s9ZeCEk=,cQI8Uzy06tt/XJ59vDlifTQTl2qOiTFBkf5yVCUNoyg=,explore,Explore,song,1
aMB9nC9PVKXsk/K++qMMG0in0dvk2XiUFuAnr10qiac=,7EnDBkQYJpipCyRd9JBsug4iKnfAunUXc14/96cNotg=,my library,My library,local-library,1
AXKTVBbdr2/z7m5WL1IXzlriNbun8B+7wM41MsWCYDw=,bFbleyVHx6Nr9tHMr4OybO2i3A4FS2Be0/62K2+FSpY=,discover,Explore,song-based-playlist,1
a6uMxhS43vQ++TrVP3jdHT4lFfjw61SlIsCkvigQ5ro=,MtFK4NN8Kv1k/xPA3wb8SQaP/jWee52FAaC1s9NFsU4=,explore,Explore,song,0
8ncKS6kWM+oSslEfrPcRMcHq5VVQqBcbWoQ0FHlDgPA=,OE6pqPyTUHX2LrFokqXrAVv6VkRGadC8XQ8CZZpaa3g=,discover,My library,radio,1
rdNI0wgxmcsOgjH0akX2/zzW8qbDZc45D681Mpq45jI=,XVAiWjCX02nhNZ8t4bKfJOsVU51bG0YJXuOUl00tTgY=,explore,Explore,online-playlist,1
hOyJGmY7tciqGf1EhDj5UT86IfSSnaTHP5JWAPxYN6s=,WTTcFYZNyqe1dL6Rm+jQMLx/tospfRR+PhD1OFix1mQ=,my library,Explore,online-playlist,1
38LUs5mVWNKfyjL7ilf9JCnWZLjnno2obLXr69JJKcw=,W4gOC3iBXV97C05qyVDGIKAJg76BJcrzWPnLwkKK6kQ=,my library,Explore,online-playlist,1
EErUQnZWpOhxSvs3UlAQ6Jme7r+DjJyvkqhEceArwBA=,l71bGvOgjZIJQHa+E1GW7L5QWYSliCUKy+Hg3SmxzOE=,search,Discover Feature,song-based-playlist,1
FG+WikEK8x1GZIB4E2keTq2SJX4bXjFjG5gkjc8qbcw=,reXuGcEWDDCnL0K3Th//3DFG4S1ACSpJMzA+CFipo1g=,discover,Radio,song,1
EErUQnZWpOhxSvs3UlAQ6Jme7r+DjJyvkqhEceArwBA=,IomyG8OwXU9lWvede4KdHxtUZ+eppEdusnOCDDok36g=,search,My library,online-playlist,1
+3RfkckBHS0oQrrjJj7p69bdwJak+qzKq0fhFaeXUxA=,bG9ptdK+Pb7m4ozflF/RjUqbG/uo5ipgAo1ffT8mnfU=,explore,Radio,local-library,1
xQp8uu2ljPWqokw6Eg+4TCB/GUC/EZwFMcapcleGiDw=,q5/Vwifgv0SGdEIyiMU2F0pIXkeCIW3w2xB8n4iMoS0=,radio,Local playlist more,radio,1
o6lVTGcU8lL0OI4fOMWc21THJHoOjqxxYlYACoyTN6g=,U9kojfZSKaiWOW94PKh1Riyv/zUWxmBRmv0XInQWLGw=,radio,Discover Feature,song,1
uhEkft9Ht4TsUF5wBkmmZbtbaIVESVfiUnMlxHYl0HI=,bFbleyVHx6Nr9tHMr4OybO2i3A4FS2Be0/62K2+FSpY=,search,Explore,song,1
5LGtbWKwKifap3ECM6HO04gPY339RM0oF7D/MfWzUxg=,cLpXPLkgvZlNs+wbtHh2zFjvGMH61BU5fj79s+G2/PE=,discover,Explore,online-playlist,0
EDSn8rAs8qjUvqhhFG5diTbaVbJi8qkoKXeMzf2JGVQ=,rqNd52MxQ+okfR61j2c7u36DLODO4d2Zt/hMm3jxncM=,search,Radio,radio,0
2LbejuZF550yFLDXLIBw3gd/c462BIJ+S/SOwneSXUM=,A5cw2rib82lWjtNFr3bxQysyjPVpiYlgmnULDQ8X0BQ=,discover,Explore,local-library,0
FGtllVqz18RPiwJj/edr2gV78zirAiY/9SmYvia+kCg=,7Xxzo9Z584Z1AhkaLLWEcpzcEuxcquGE52Ztc4879YI=,search,My library,radio,1
B4P1g6sGBILzGhelH/YKkfpkFgWfn/LgS4KgU+bEaD0=,vkagi2Lrvjx/FxLWE6FHZFoDoOaSWI052fEQCwouDUs=,radio,Discover Feature,song,0
3nWFLb+IVt1+0JcM73g0wIG2AHtyhsI5RlG7gHziOFA=,CXdtx7/QxePhjYwYFcXVv+lXjCDEGRJ9r/OC7IQXthw=,my library,Radio,online-playlist,0
Mn98O4X/zceMt9nswcoq08F16ciCqhuN7lQ951MAL2o=,0PSoBhrpfwF09qQKvTiItwZNPjOuyL0uoTazKevG8ls=,explore,My library,online-playlist,0
08sWvzS2VVyKAVQRi6z4gxGxRQ0YQM0BXsXdVEKuzSQ=,Zks8Is+xdBwLuMg0lYynAU4FanLNf/tyuZ8d7IEvY9c=,discover,Local playlist more,radio,1
TxvdtN1Ehq4kbgU5J7lw+ik6Pc0NZjnQKARPiCCf0fk=,DhuNF1B0GK4zzZ7U+v/vt/Y+3aQbTRmV2bd99TUAXzI=,search,Explore,song-based-playlist,0
gxxBbzV3eE2XGjUrFVB2FzAve55Oe1s86HD+OEh36Gw=,MwZaD94L4Wl4APdJSVQF5JPt+xH6hb2KtWpFsjwYUlo=,radio,Explore,song,1
ocQB699RoI5sBlRUfv8tu++vqupI35/95l3U507jdpw=,A8VVQOKrMDk0G8oU6z8qJ5Ggs5DneqlCpdoiKqKYIfY=,search,Explore,song-based-playlist,1
vSstkkQzt3KMmyvh0MGHpXpgzHO6kobAYipy6ik6HB8=,gG8cycpwQak+/chDrTlk8CXXIw4ztVIO1OhbdJBTav8=,radio,Local playlist more,local-library,0
a6uMxhS43vQ++TrVP3jdHT4lFfjw61SlIsCkvigQ5ro=,DLBDZhOoW7zd7GBV99bi92ZXYUS26lzV+jJKbHshP5c=,search,Radio,song-based-playlist,0
4DlS5LiANEKlMTQD08dakyV1JWwPYI/n1wyjx4ImjPc=,3Yz717mUtR+r4L0zzgDgWnYeFtY9g68ZjKlq1U72KNw=,search,Explore,local-library,0
FG+WikEK8x1GZIB4E2keTq2SJX4bXjFjG5gkjc8qbcw=,gG3/58uZyyOwaPT+eGWL81mwCzcDPW2EmwYcjWmvJSs=,my library,My library,online-playlist,1
lFQM2AQ0IIifeOgmnRDSFEuWfh7XQZm0Z+O6K696CQk=,8f/T4ohROj1wa25YHMItOW2/wJhRXZM0+T5/2p86COc=,radio,Local playlist more,radio,1
s8Oce1igq03hako2pQCfeXyPVkBs77ArjdrZEQAjpbk=,JVwoBKjxxE9L/IpNKsSCJJIYHcxvwxOKbFnM3TLwcTQ=,explore,My library,online-playlist,0
H5DWyI7bujtol5aU1pzvLdfBAs45Ym/5jicdUlerf2s=,yBHK9ZzaYyeNaPr1ucAkD3RH7dKwaEY8dtplxwkxr44=,radio,My library,song-based-playlist,0
cNssc+2L1Fx77CzASou28E9qfWeJjQKZtfoADkl/xkQ=,VdVi5NKMJeRDsz4+3xvrpu66FNVTcQ4G26TXoUxW8bU=,radio,Discover Feature,song-based-playlist,1
YkG93vvIFdFWVWsYqT5w6t0X4uw9/RS03jqzhBzxFlc=,etnpvFVFCKje9Br8nB2pWWlaMRVwN6euSQc9+7ZnXR4=,my library,Discover Feature,radio,1
JoGt+PgRGKHAhTQnaRqQygBWdDwGE6gdPbeGiGP4/Lc=,48PnLVsKQXwlRoNr7779QyZxweYBbpX9z3E1YZm2F/A=,radio,Radio,radio,1
frZtrrN1Y2ZqZX3VFiq7FpAvLth3kZJNovT9cmyn2O4=,Ru7n8Xw2s8LGDsgDhyzWqCWQRWQW9KNPY9qMOFAf5x0=,explore,Discover Feature,song,1
vSstkkQzt3KMmyvh0MGHpXpgzHO6kobAYipy6ik6HB8=,gvHR5iZ5GWVYZBMTQFo/k0LB3Hh2RDUNhDgOCzICosE=,radio,Local playlist more,song,0
cqjRBV/jWN2ujhc+z/4tz+Mj6xEfflAAt6qBXCqxKvw=,RxCEvZAXgnh1ZDlQBuVb/J9xpnopFSJBaBxLqGZIXSs=,my library,My library,radio,0
tnBf+t14y3vlNshUe1XQbIWYtTBMBYmVXIMWdNVRv/o=,lUp9A0i6jbaMvGNlR0eaMwxd0Vlv5LZM6NHgDDBCqqI=,explore,Local playlist more,song-based-playlist,0
rRUTKZAVxGBh5XRUk+Lk/b/gHcAOsbk1hiQiEfubDh4=,pkKADcjPLFdP9kX40L8dlmbLWkgUTqUB0LhurVLSTME=,search,Discover Feature,local-library,1
E23IyF1NtT7IeesuDuHWR6g/yMpWrq3cN3U4qTjXE0A=,DH9SXL888u6VtOCkF/nqFbmtHlEkYgh9atVYPHfSfo4=,discover,Discover Feature,online-playlist,1
ocQB699RoI5sBlRUfv8tu++vqupI35/95l3U507jdpw=,Kpyp6PVaOaQz81TH4KYB59FJiO/GVgzDVyCmiyxHTxc=,radio,My library,local-library,1
LThaiVqGGnVTPmTcmwN/LLo4fVb5dzkduzd7s1SgzIA=,7Xxzo9Z584Z1AhkaLLWEcpzcEuxcquGE52Ztc4879YI=,explore,Radio,local-library,1
WtuOpsYQ8St9zt7yySdryqDUCxeT4/v2rLRA7+lsahQ=,YBrWf/Hac5La5V2HZ80Mi70NzUcTehVDWhkIp8h4Klg=,explore,Explore,local-library,0
xEeMEDdDCvfLGt6eoayVgVh48nLdPvEm1XzwzY6lT58=,YpeEDiJw4nf+dGvwJJqGWlFsbJp2cRxhmB3vioPeU0E=,discover,Local playlist more,song,1
5LGtbWKwKifap3ECM6HO04gPY339RM0oF7D/MfWzUxg=,qiF4WAvKyVZZIBi4oSntG2GrHa1+p3oMaiZBXUpeDT8=,discover,Radio,song-based-playlist,0
dZNojW/n4mqxR6RSZt4CMeCnJzzxBYi6n9qQCKbghvE=,ayL6eLHKSrmX4smFi1KbGMYrWI9EwsiErGjWUJ9CTrQ=,discover,Radio,radio,1
P+Sxa9gtP8P8IQcpPGbwWmEFdrF16hTrtfXyfa5aGoI=,aliCzBpL9zzI8nFr83ElP3cL4bdEPejIRtT7HY09fEs=,search,Local playlist more,radio,1
3TZaybijIyaqU3P+moI/mzFWcAj6aR0p7bmxLT9iRq8=,qxDl7URNa8pfCbbdoMNE0cHrU1+hMSIdyqhOGvQo69M=,search,My library,online-playlist,1
P3tJU/DjIEbh0ucnC1KT8wojenDDSwx+blB8pFp/KeE=,DLBDZhOoW7zd7GBV99bi92ZXYUS26lzV+jJKbHshP5c=,my library,Radio,local-library,1
Wg1bSRX3JtJ9ElarOhpbEaV5pu9lgTeS33mARTV+Sl8=,fUGs+CNuo9R1M6NQbuyGVFMJmTf0TSFHjYDrBglyuVI=,discover,My library,radio,1
aMB9nC9PVKXsk/K++qMMG0in0dvk2XiUFuAnr10qiac=,2yDSviY+pVsksCfkmh9SyW1ulVkGtYFRpITn6jjCcCA=,search,Local playlist more,local-library,1
K7obY5lUlZTd6a/byE9NG/e7Q/dlgHfppLbYk8OL7os=,x+wwBWqNXLShElFWaLs1ahI15dN4cl4ShC1/Wm4PsH4=,radio,My library,song,1
P3tJU/DjIEbh0ucnC1KT8wojenDDSwx+blB8pFp/KeE=,TLU46LbiJ+1mmJr4Le4Z5eaUQq3TiXgdZpE5EtR4WZI=,my library,Explore,radio,0
MxCUQ6tAD7LU1yR0gwRck91ZKE88gY8kD/rX9Hi9srQ=,y/rsZ9DC7FwK5F2PK2D5mj+aOBUJAjuu3dZ14NgE0vM=,search,Radio,online-playlist,1
4tuTIArXO3WO8/zS9y2CC34ywEfChjAKUchlKW00DMM=,KQkL3RbSia9p7I5H9wrdEFmQZSJEZc64kpnzDUUEe84=,my library,Discover Feature,local-library,1
TxvdtN1Ehq4kbgU5J7lw+ik6Pc0NZjnQKARPiCCf0fk=,q5/Vwifgv0SGdEIyiMU2F0pIXkeCIW3w2xB8n4iMoS0=,explore,Explore,online-playlist,1
tiYOcOjJ0qgAJDL3hTboZye11uT8tBbNTscBDWxCWLw=,95c7DAPEYsXPp72TZ4teA4ErdV1TNjajZcdk/if6AVM=,radio,Explore,local-library,1
00qmlWC3H/cjf2Ig1li5xIO0VNDRgBX0f9ilouDBEZs=,6QMvPiMG6bKF5+C4fSsfeR/LGNMiwL55HNhd3BcvSKE=,my library,Explore,song,0
HVcWdf8CEo9s6qwt5V7TpoPYJfRlQSTA6b7kxEAImpc=,KxxFN09YQwSN0eAJSUf2xa5ZKjyZmX3nIVKM+zKxq6Q=,radio,Local playlist more,radio,1
frZtrrN1Y2ZqZX3VFiq7FpAvLth3kZJNovT9cmyn2O4=,F48LS/DqAt1EnPHRezspUgYaZcmiOoyOD75UFpHenEE=,radio,My library,song,1
o+5RNlSWrzvrphgBNGIo1FLkGxBgyICns6qXj3nS7Pk=,DRWs2zLgDBAqLqyHsNZVPyiBed+Iutm+qsoWqvo6dkA=,search,Radio,radio,0
BNSYbtaNNCYfKVig95LpQJArTEx/RN2FgivSohB8r8M=,8Kn45Wt6j2eOQSYFai72rdxvmy6rXFGXCcbi92hzOAY=,explore,Local playlist more,song-based-playlist,1
YU6fAgCFgPkaJ1YSW2838KzGTxmBCfgousTO8jwuHYM=,35dx60z4m4+Lg+qIS0l2A8vspbthqnpTylWUu51jW+4=,discover,My library,song,0
SWoa4UvhuutHxhcRAxlfTc6Jr1j5tGw9cp3Kiq+ayKM=,shYcSF/8MpYMxMzLfRznBZjwoQIvd+RUH06UamCj8ks=,my library,Local playlist more,local-library,1
E23IyF1NtT7IeesuDuHWR6g/yMpWrq3cN3U4qTjXE0A=,kge3dyGXCTqgUbHpFPB0x8gy+cPAamtArhr4sghdRH0=,radio,Discover Feature,local-library,0
tNvUsQwOJX5OgGsBBN9to3vI+DoUc6S1BFgNXUaYoo0=,N21RxItkM+DqGIdEWiPa5urFl3xvDUNVdhr2bFZvMeA=,search,My library,song-based-playlist,0
BqnomjS+KJtzWrGRkqLEoO3I7KapwN4B8H9in4Fsf+I=,o9HWMBZMeIPnYEpSuscGoORKE44sj3BYOdvGuIi0P68=,explore,Discover Feature,online-playlist,0
E3yiQ2d5+KiGkm622V73IRgukx9qXPYJIpG6xWF/lF4=,WJyW1Eqg3hXHl2+JB/qMSAQ/3VxqSNVvPniD/ReCo2I=,radio,Local playlist more,song,1
dZNojW/n4mqxR6RSZt4CMeCnJzzxBYi6n9qQCKbghvE=,Hl6EBpUuCKh8k8Mzao5hml03O4q0syx+7atSC3vEvok=,search,Radio,song,0
TDHfjwkLrnoorqjTUFtlzSL47Yl1oEBpHM8k7qHrIdI=,JgOfPnluwAsKhpdLQgbfoSHpaZ74zcWYPqhhvhmFAtY=,search,My library,song,1
tlFGRF/TtrSwJA9XPHL4cajWghZCbAbhzif/6wJiN6Q=,cVHsClcaUfj3ZPoqihH1Rd6ZSaDpa6UbdMDcyx8FfVU=,search,Local playlist more,online-playlist,0
qn0aqqC8dcshYsmcFmFYJtebwjMp6kLr8yanC5QC79o=,TLU46LbiJ+1mmJr4Le4Z5eaUQq3TiXgdZpE5EtR4WZI=,search,Explore,online-playlist,1
6aH1YAi5YwvZUHtpjEaMQwM0p4wP4XLrkWQSdXDF9L8=,BwDDym6Tp7EnGudWBGJyjONZeX0/4ndu5PETiPWzav8=,radio,Radio,radio,0
xjA4Fs3CO4k3jQSXLFhn21zxTcYVRRRTzof3ZPn8KFg=,7NV5ZpaFlc7e3fjuxNiiuL0+HEr8qASFr+HHztIhwGY=,explore,Radio,local-library,1
H/MB+uttGlGIMr7qru4HYG4dVbh0e1mBuoryBOKz/RU=,GFWjz4apE8zMiXe6wc0qCjr+DbK9BFkwo/rr+FsNm+g=,my library,Explore,online-playlist,1
0gR6Hl63ExurTrvY9uEfmgDDgRj0nBaIse0DU199YT8=,Ru7n8Xw2s8LGDsgDhyzWqCWQRWQW9KNPY9qMOFAf5x0=,radio,Discover Feature,radio,0
16fsOt7imefLSFsV7mWoP1AL+bpjP1NuWzQ5QP9tj8k=,750RprmFfLV0bymtDH88g24pLZGVi5VpBAI300P6UOA=,explore,Local playlist more,online-playlist,1
hzy7RwzEVDm4JmC0X2qLUvnoE1+2zNTEea4fOe/o6ms=,M0vkEMBlcbeVSWQQx/6FtXbJ57IiCw27TW8/vmSayk8=,radio,My library,online-playlist,0
UjuPJCQo/YoGVR/yJ+CocmWUk2czJE0BBKqaPpVYV64=,WJyW1Eqg3hXHl2+JB/qMSAQ/3VxqSNVvPniD/ReCo2I=,my library,Radio,song-based-playlist,1
Y8fGbgG4J6bpoXzljxRIp+hwVjk2ULHaLAfJatxHjg0=,R0OblQ0po9uQ3LqOiECHcoyAupHbLkslFkvX52Ukhek=,radio,Radio,online-playlist,1
2+T8pswRgDmvZ6B4esKi3lWZyT4xqeVKmv19J0/y51w=,MwZaD94L4Wl4APdJSVQF5JPt+xH6hb2KtWpFsjwYUlo=,my library,Explore,song-based-playlist,1
fVZedYe9G51wW8jy3Ws7FuF5IKx7zxQYWvPAfCdIRJE=,f8/yxXLT8/hENDkcudzHhytnOwyUKJ+/JCY7Y+L/Gsw=,radio,Explore,song-based-playlist,1
Z56mxjHqnR1FK1d5gkf5ARTxwZF8h0HPI+rHFGRrMHo=,DT35ri8FZuj7PGLxW/PhK5lt+CFVV85jDqPrBz6kixc=,discover,Radio,song,0
fVZedYe9G51wW8jy3Ws7FuF5IKx7zxQYWvPAfCdIRJE=,9zVQUtq/Uzlxk3X7BwI28CSY7FomzpmtsRc8f2bRyJE=,radio,Explore,local-library,1
f2c4l3mhW4SmXKRP+OfPUdbQ4U8afe+gqcX9Dmh03Xs=,jHMqK5wu5C0txl0QCxpkSM1xbIev60ii+dc99LXu8EI=,search,Local playlist more,online-playlist,1
tnBf+t14y3vlNshUe1XQbIWYtTBMBYmVXIMWdNVRv/o=,w0/+8z/tSrUK3JctMyhYTh2LfNl9OFga+Tw0yl0IVfc=,search,Explore,song-based-playlist,0
3i0jlUKhqqUKqFsoJVgN2UcDOuri7fCiE33XUCnKHXo=,Wi0kjTBakpXIWBbaT++vmtjDSEo06lhfiVO4KMSF5jc=,search,Explore,local-library,1
1d4acB2bhEZCFjSRwvO4ls8PrBtvNTlkcAcxYx8FcWE=,wJdog4OHtULqly94aQ/X2uud6ya+juDh25ay4sqoxuI=,explore,Local playlist more,radio,0
lfK5QUAaa28niDIyQ2oGkSntvSe7G5EmQ1N6nvnE8lY=,WDhQhhbq+bwhBY642Fx3e5eGBdvqzzXmwiouCaVI0R0=,discover,Explore,radio,1
6aH1YAi5YwvZUHtpjEaMQwM0p4wP4XLrkWQSdXDF9L8=,Ujt3R5hAe0Pix2mURuC+CO6aazhCvEU2lByPzy3E90k=,radio,Local playlist more,song-based-playlist,1
6bwk5TTaA1YSOmPoxDgBBlV5CrZJEar2C6SxwT5nDrU=,f8/yxXLT8/hENDkcudzHhytnOwyUKJ+/JCY7Y+L/Gsw=,discover,Explore,song-based-playlist,1
16fsOt7imefLSFsV7mWoP1AL+bpjP1NuWzQ5QP9tj8k=,WWgB6GYGuyplhfw51plAbvpnixjsFA3XKSyEuTN42Tk=,explore,Discover Feature,online-playlist,1
tnPUP8fJSxqSkuJZygxUzdvY2dVUyPxoKCGHmrwcKEM=,Sb2AlcokNNB8/NfoJjK+C/N5lmET1mY6HAd781MxQy0=,radio,My library,radio,0
n7V1D5AuwLykWxCzsU1eNPSyxVbrSXs6IXiWF2zN0gY=,iiifj//EcKnociT6W3nBASJygGe/TyFB41UD1bTtnU0=,my library,Radio,song,0
Jc84woRFJuyMAC6hDcH/Rr84MGq9ucuxeZveZ00kI5o=,kFx6IW7O34CiWxdfV61/cIjZs57ZasQBPjJQSJk2pk0=,radio,Local playlist more,song-based-playlist,1
LThaiVqGGnVTPmTcmwN/LLo4fVb5dzkduzd7s1SgzIA=,80hnDqhSe9u2uIaLvDh1tCbwryzDrsf789zgDDF+k+s=,radio,Explore,radio,1
VE8ZRudqIj9zHOSXxGg3cLOBkbykv78DwWN6IXRusWo=,LnbFBEyneTI7mID7Pw+s14Kf3o73LucRxwS3Wpfjsf4=,discover,My library,local-library,1
uA7h005WTDJTwS1Tv1uzmWcWTpt/7x7Xx8JydbeMi2U=,R0OblQ0po9uQ3LqOiECHcoyAupHbLkslFkvX52Ukhek=,radio,Local playlist more,song-based-playlist,0
a4aEMKA1bMIwfCarB0qN+Fjag8swMwFfXm6ri5KJvms=,oTGg75yjTAP0grXmGld3EUD0b/b9u7lW2JyUX/mBiXI=,my library,Local playlist more,radio,0
qd03y2Hs/0xCA/dPExadbY5XQdTHOcli3h8w4KTwhZ4=,TbrfWJpl81E4alsi2+b84oeUu+b5S/8n9yFlZDriNYs=,my library,Local playlist more,local-library,1
E9jsIxPWhebfnR8cbqPgS+FxCt0zBSXP+72mYRFg0+U=,WOvHYkt7XUOtmMOTsgT+2vJKydJEVInZGliuLUXoV7o=,my library,My library,local-library,1
crUeQ6DYDHHRNYmn+n5Kodfvu9ki0IdHfXHNlZEUPHs=,YpeEDiJw4nf+dGvwJJqGWlFsbJp2cRxhmB3vioPeU0E=,my library,Discover Feature,online-playlist,1
MxCUQ6tAD7LU1yR0gwRck91ZKE88gY8kD/rX9Hi9srQ=,WL4ipO3Mx9pxd4FMs69ha6o9541+fLeOow67Qkrfnro=,my library,Discover Feature,song,1
Xbrr2Sbq8NuLG+1QZWm/Iu5P52fUTvgspCYNG8wmfPQ=,l71bGvOgjZIJQHa+E1GW7L5QWYSliCUKy+Hg3SmxzOE=,explore,Discover Feature,song-based-playlist,1
y3IT85vrzY2iBxFg6nsh4Cmg+mV3oqR73TPekK7x1Rc=,jRzcNOC0WGSfwQmr9ZP5mxiPYxAdkGrPFGc0GvS1dOs=,explore,Discover Feature,radio,0
qn0aqqC8dcshYsmcFmFYJtebwjMp6kLr8yanC5QC79o=,nW7czLK5LBcCT/uAo+03SyWAbaEEaSnXI5uxhC7QiBM=,discover,Radio,local-library,1
tiYOcOjJ0qgAJDL3hTboZye11uT8tBbNTscBDWxCWLw=,bTlSHgnwaBMIKHseTFHanJ3Zr4x82ybrGkexpnxDhTY=,explore,My library,song-based-playlist,1
cNssc+2L1Fx77CzASou28E9qfWeJjQKZtfoADkl/xkQ=,++QfzyM/LiFaCuvkDFK/wJe13ZEMgTgAaVCcolo7nnY=,explore,My library,song,1
2+T8pswRgDmvZ6B4esKi3lWZyT4xqeVKmv19J0/y51w=,7vGvrf5l1XzNbeLZXzQgaNvc2VBmncarpN3LQpLUZiY=,my library,My library,radio,1
TO253iXvHroemKYZ23M7YL7uu6Um4zEwByNl4wcpIYs=,HbqkjwnnIt6BtfmvVyXTdPHAsFCYxU74sv8+s1lfIwE=,search,Discover Feature,local-library,1
pJxMd9PL/N7CdwTwKu3YqiqYSRAJHuejlrTonaPfPfU=,wp1gSQ4LlMEF6bzvEaJl8VdHlAj/EJMTJ0ASrXeddbo=,discover,Explore,song-based-playlist,1
5LGtbWKwKifap3ECM6HO04gPY339RM0oF7D/MfWzUxg=,Ot8WIXZXzvgZeZoCwcimfORgLbZJJdslmuvO1ufZB7k=,explore,My library,local-library,1
MxCUQ6tAD7LU1yR0gwRck91ZKE88gY8kD/rX9Hi9srQ=,o9HWMBZMeIPnYEpSuscGoORKE44sj3BYOdvGuIi0P68=,discover,Local playlist more,song,1
wobMEyGx2iCkFu27/HPRJIky3S8tO/rS8Rr+tsvEe0k=,fvFw8C8/hBGjtRs+4+bPpo6Ytw9YG0pLOwWJf3YAVhY=,search,Local playlist more,radio,0
wobMEyGx2iCkFu27/HPRJIky3S8tO/rS8Rr+tsvEe0k=,kHpEHXKwwG+dwmOR2NnvrXwsE24vqD7n40tcNQE/niQ=,radio,My library,radio,0
uCDJmSDTzA5PpnYGqKvNmFbwBIoS3jIXFbO5YfoCv/Y=,8Kn45Wt6j2eOQSYFai72rdxvmy6rXFGXCcbi92hzOAY=,explore,Discover Feature,radio,0
uA7h005WTDJTwS1Tv1uzmWcWTpt/7x7Xx8JydbeMi2U=,GRaVokpHF2Uk3hgKnyJ2mDSmHvie4lyE0i6l5rA2yWU=,my library,My library,online-playlist,1
pJxMd9PL/N7CdwTwKu3YqiqYSRAJHuejlrTonaPfPfU=,jceXeAoNeYd3hRvbWRdqCUinjutJgWRyvPezTymyvTc=,radio,My library,radio,1
sgT7F0PbR9/iCyzeSzcl//+E+fK3CeZmM1deeeJ5rZ8=,DRWs2zLgDBAqLqyHsNZVPyiBed+Iutm+qsoWqvo6dkA=,search,Local playlist more,online-playlist,0
E9jsIxPWhebfnR8cbqPgS+FxCt0zBSXP+72mYRFg0+U=,Ru7n8Xw2s8LGDsgDhyzWqCWQRWQW9KNPY9qMOFAf5x0=,my library,Local playlist more,radio,1
TDHfjwkLrnoorqjTUFtlzSL47Yl1oEBpHM8k7qHrIdI=,F48LS/DqAt1EnPHRezspUgYaZcmiOoyOD75UFpHenEE=,explore,Discover Feature,song,1
0gR6Hl63ExurTrvY9uEfmgDDgRj0nBaIse0DU199YT8=,v/3onppBGoSpGsWb8iaCIO8eX5+iacbH5a4ZUhT7N54=,radio,Explore,song,1
SZ5NNypqaTWljFO1HiVZwkw3713+rM9x/JNdJd8/fzc=,IIPVkO6EB8ymcuxkuxkum1N5gowLdTzy9sYF9luyhVk=,radio,Explore,local-library,1
UjuPJCQo/YoGVR/yJ+CocmWUk2czJE0BBKqaPpVYV64=,JiHWUXkERiCPai7GKXVal+Cns8SWC8Ft0+5NKSQdbfU=,radio,Radio,song-based-playlist,0
OOUnJuX4SteRhUdJZ9B2DqtfiwsfcZVBefEhXLeBsFg=,fCCmIa0Y5m+MCGbQga31MOLTIqi7ddgXvkjFPmfslGw=,discover,Discover Feature,local-library,0
WRwcfUKwDVQ46cylDQ1Tf8ayTojVYeh/00m0ubVNxQo=,KcQ4assZxaXsdizqxGjUSAY7CNc6+6hQzpVsjnWsShQ=,radio,Explore,online-playlist,1
B4P1g6sGBILzGhelH/YKkfpkFgWfn/LgS4KgU+bEaD0=,oAfWzsEYsibZUgmlL8NNYoO0aB4gSyU2tfsQvQp+7f4=,discover,Discover Feature,online-playlist,1
6bwk5TTaA1YSOmPoxDgBBlV5CrZJEar2C6SxwT5nDrU=,r5BnHxvuPlLjwr4MHf3dF3yUY+NVS6rHrkVG7wVZ1uE=,search,Explore,online-playlist,0
2LbejuZF550yFLDXLIBw3gd/c462BIJ+S/SOwneSXUM=,ajjUpdQjWCwzCHNd6C0hB3Fz8BIPGjSy6IT35+UWD1I=,search,Discover Feature,online-playlist,0
FaH6rl69OOVwbsO30jjdjVXD9wJO8pcVZS6LGy5zTJM=,338YQI2OhQDjVCbuAJ2t0PQtzDG8KRSFdB69kiwt3CM=,my library,Explore,online-playlist,1
tlFGRF/TtrSwJA9XPHL4cajWghZCbAbhzif/6wJiN6Q=,Wi0kjTBakpXIWBbaT++vmtjDSEo06lhfiVO4KMSF5jc=,radio,My library,radio,1
UGX+2jh3WO5XRuVOPuPCiIetzHlBjh0DPOLPeJSe36E=,GAWjH9Uns87Q1pcQTJZo+PaiJIsUj3DEWjtGqyMUZm4=,discover,My library,song,1
rRUTKZAVxGBh5XRUk+Lk/b/gHcAOsbk1hiQiEfubDh4=,ufjl9/oJJRQx/0JUEBaIeyE82HP0CF7Fy2LwOIiNiYY=,search,Explore,song-based-playlist,1
UTAElx4+rSh2QViTKHQhC40cphX7ZIYafAOMJOJCshY=,zHqZ07gn+YvF36FWzv9+y8KiCMhYhdAUS+vSIKY3UZY=,explore,My library,online-playlist,1
EDSn8rAs8qjUvqhhFG5diTbaVbJi8qkoKXeMzf2JGVQ=,gu/lHDjq6qqpU7r3CQkvRpGF9kqc2Mrn9CZhb7jrFvY=,explore,My library,online-playlist,1
saNgxsUQwx4IXBRgFF0w3uJN6KzvQBEv3dI7dDaz97g=,L6w2d0w84FjTvFr+BhMfgu7dZAsGiOqUGmvvxIG3gvQ=,radio,Radio,song,1
HdnZZ4P0Vjxo2tgTvO1rsT/H3NkG7jvfrnCuF7TBK0A=,wH3O5bbWPKwaed4dTZHBx//gQ5BzAjdnyaHM8hozEiY=,search,Radio,local-library,1
uA7h005WTDJTwS1Tv1uzmWcWTpt/7x7Xx8JydbeMi2U=,6LdT9BiGIlQ3rJped7PACqnrzstFXz8dXD6MmmsA8uI=,my library,Explore,radio,1
qd03y2Hs/0xCA/dPExadbY5XQdTHOcli3h8w4KTwhZ4=,7NV5ZpaFlc7e3fjuxNiiuL0+HEr8qASFr+HHztIhwGY=,my library,Local playlist more,online-playlist,1
HdnZZ4P0Vjxo2tgTvO1rsT/H3NkG7jvfrnCuF7TBK0A=,y/rsZ9DC7FwK5F2PK2D5mj+aOBUJAjuu3dZ14NgE0vM=,my library,My library,song,1
tNvUsQwOJX5OgGsBBN9to3vI+DoUc6S1BFgNXUaYoo0=,JTMsJNPcL2ambkp1Z/MeBEnFEzZEOKetdLPrJxHf7v8=,explore,Explore,local-library,0
lfK5QUAaa28niDIyQ2oGkSntvSe7G5EmQ1N6nvnE8lY=,GQqErVwbH/YaifR6wl2S6prosRVHhwGO2/Aq5aIJLA8=,my library,Local playlist more,song-based-playlist,0
JkQacE3rvmhh65R04eDLbu+M7MCkpzmHwMGrbZo0puc=,yBHK9ZzaYyeNaPr1ucAkD3RH7dKwaEY8dtplxwkxr44=,search,Local playlist more,online-playlist,1
yBXKYfcmQ+TtIEvkLQXabAY2uwudIGn21dEZYAwCDCg=,jHMqK5wu5C0txl0QCxpkSM1xbIev60ii+dc99LXu8EI=,explore,Explore,radio,0
K7obY5lUlZTd6a/byE9NG/e7Q/dlgHfppLbYk8OL7os=,9tNXaK/yKJfTcoWLRFw6HXplizDxq4bFvzs3scmesCU=,radio,Discover Feature,radio,1
z1IXxOkXP6uCWwFJLibRkXzU7USedggSWIfGJl/HFQg=,JgOfPnluwAsKhpdLQgbfoSHpaZ74zcWYPqhhvhmFAtY=,radio,Discover Feature,radio,1
hzy7RwzEVDm4JmC0X2qLUvnoE1+2zNTEea4fOe/o6ms=,s84FxzZB6F3J6VOD21RuFLngqi6nMsKA4txNXn+pbK8=,search,My library,radio,1
XkORogCcAwIoTSBptOED51tv9wXQ2WCEqGgvwqKsyU0=,dBblcCblxZ/fqu94pTStU055+hRvF2oiyDEq0qHIfiA=,radio,Radio,online-playlist,1
s8Oce1igq03hako2pQCfeXyPVkBs77ArjdrZEQAjpbk=,aliCzBpL9zzI8nFr83ElP3cL4bdEPejIRtT7HY09fEs=,search,My library,song,1
TO253iXvHroemKYZ23M7YL7uu6Um4zEwByNl4wcpIYs=,ys+EL8Sok4HC4i7sDY0+slDNGVZ8+uOQi6TQ6g8VSF4=,radio,Explore,radio,0
uhEkft9Ht4TsUF5wBkmmZbtbaIVESVfiUnMlxHYl0HI=,R0OblQ0po9uQ3LqOiECHcoyAupHbLkslFkvX52Ukhek=,search,Discover Feature,online-playlist,0
uQ6LOBwmu7lIjv+wFaq5+M4IcAZEha2J0uyDB6Y8aqY=,edlow+cUeR+1RqGQ87VV7D3gqMw0amQYGEZZDm+sm7Q=,radio,My library,online-playlist,0
a89sofbsaFkpzn8/P10elgzbXDQokPTlsKc1uqi7Zco=,1GI0GC3w9c0tDD2s0qP15DxrLUs9JX9XW6fKbY0rBZ8=,search,Discover Feature,radio,0
vSstkkQzt3KMmyvh0MGHpXpgzHO6kobAYipy6ik6HB8=,d9Flpsyq/y8CR3F213pnXUkrfK1fMClvhYH37pFSc7s=,search,Local playlist more,song-based-playlist,1
A6DJoTdyfFVxhngH62vlscx6pJsakhdeNs2vDEVTfH0=,JA6C0GEK1sSCVbHyqtruH/ARD1NKolYrw7HXy6EVNAc=,search,Radio,song-based-playlist,1
A6DJoTdyfFVxhngH62vlscx6pJsakhdeNs2vDEVTfH0=,J9EcIEDOoNbdN2ku4SGtIp0pmg/k+NRWLOZIra16DUk=,my library,Discover Feature,online-playlist,1
rdNI0wgxmcsOgjH0akX2/zzW8qbDZc45D681Mpq45jI=,ra6TLz6Y37OSFOqg4aCvjV7nalatCwZdQvoJRMwSNvk=,radio,Local playlist more,online-playlist,1
z1IXxOkXP6uCWwFJLibRkXzU7USedggSWIfGJl/HFQg=,31Tp9mUO5cVc8fEd67bI5GTrfev3MiXPUokaum1m3K8=,search,Radio,local-library,0
H5DWyI7bujtol5aU1pzvLdfBAs45Ym/5jicdUlerf2s=,gZphe9aRvr0vVO/oEt23amqyDc+YabbIJ9WIzZTVjG0=,explore,Explore,radio,1
E23IyF1NtT7IeesuDuHWR6g/yMpWrq3cN3U4qTjXE0A=,FaTUlIiCh/6sEOasPm1vgIk9XqavgSGgRGYuOkzTF0o=,discover,Radio,online-playlist,1
uCDJmSDTzA5PpnYGqKvNmFbwBIoS3jIXFbO5YfoCv/Y=,Z2Y3t/lsoBgA/2HAfy3UP+QWfdckt9BK2u6n8xwqkng=,search,Radio,song-based-playlist,1
cNssc+2L1Fx77CzASou28E9qfWeJjQKZtfoADkl/xkQ=,0PSoBhrpfwF09qQKvTiItwZNPjOuyL0uoTazKevG8ls=,radio,Local playlist more,radio,0
dU4RbzpIRRd/EkA9Xncpy9CglzDBZp7nKMfdnfr3Aj8=,7EnDBkQYJpipCyRd9JBsug4iKnfAunUXc14/96cNotg=,my library,Explore,online-playlist,1
6bwk5TTaA1YSOmPoxDgBBlV5CrZJEar2C6SxwT5nDrU=,fCCmIa0Y5m+MCGbQga31MOLTIqi7ddgXvkjFPmfslGw=,radio,My library,song-based-playlist,0
1d4acB2bhEZCFjSRwvO4ls8PrBtvNTlkcAcxYx8FcWE=,8Ckw1wek5d6oEsNUoM4P5iag86TaEmyLwdtrckL0Re8=,discover,My library,song-based-playlist,1
38LUs5mVWNKfyjL7ilf9JCnWZLjnno2obLXr69JJKcw=,+yj1hcpU3QLGXS2iW9srqWCBV5NE73L9hHR3kbV2NQg=,my library,Local playlist more,online-playlist,1
MXIMDXO0j3UpaT7FvOSGW6Y5zfhlh+xYjTqGoUdMzEE=,Ce8Mui+yVruumWy9pKMDfSRBFg1m93m/+XR8FHlktaE=,explore,Discover Feature,local-library,1
rGbXmjKDOsBV9n2LJEPtx4GcJS00c7Bs9ZFo6icxVJM=,z8xAhD/t0v/wUKZ8Rz0Pwojr5psdmUQn3/eu0Yw11zQ=,explore,My library,online-playlist,0
Y4FvDsosFNoz4ZHIAbuwgUBSFK8qY2oE5p7V8wymc/Q=,x+wwBWqNXLShElFWaLs1ahI15dN4cl4ShC1/Wm4PsH4=,search,Explore,online-playlist,1
Ty59+gs+lfVbfm1T/SDqLmbFhtkAP4Mm75uYiaKZ6kk=,NCF0FSjNTEchB0wNZ9IL5UfzApFMK71jBhQWuSIacmY=,my library,Discover Feature,radio,0
NwX1NaVlyw0jvfQNxLTcx9ztIUKVL/sjkccdAmMpfCA=,N21RxItkM+DqGIdEWiPa5urFl3xvDUNVdhr2bFZvMeA=,discover,Discover Feature,song-based-playlist,1
8tSgHKzljg7TyPLYrU9L7CgHIdShVvyV/d6PccMRzhw=,G/4+VCRLpfjQJ4SAwMDcf+W8PTw0eOBRgFvg4fHUOO8=,explore,Local playlist more,song-based-playlist,1
tiYOcOjJ0qgAJDL3hTboZye11uT8tBbNTscBDWxCWLw=,3VkD5ekIf5duJm1hmYTZlXjyl0zqV8wCzuAh3uocfCg=,explore,Discover Feature,song,1
OyELWVNKZMJtqg+BFArzAokp8bn+pGhBWbCZaxyLIus=,9zVQUtq/Uzlxk3X7BwI28CSY7FomzpmtsRc8f2bRyJE=,search,Explore,song-based-playlist,1
FG+WikEK8x1GZIB4E2keTq2SJX4bXjFjG5gkjc8qbcw=,EELIvnP5lcFg+W/XGvKrKj06DhzWRoowEHGGvBGlDkk=,explore,Explore,local-library,1
cF/VJmBHwhcqdd016oPP1wXBdWSjxEHEzwlhEn4+/4A=,XUz4Z4wPPChz+OIwkwj7HJ8teIjW3rEMdEATM80rDxM=,explore,Local playlist more,local-library,0
ZIThPCdbFdxx0T+qKaAnQprzkTcoMTJL66Of3nlFGLA=,JP0GJixHOHSNDsjKiQY2ttQKbDmWSk35JMMfPtR06BM=,explore,My library,song-based-playlist,0
mrjKYVskMUAksvPgRky/E2g/TiPdbpH1j5CCOzAC5RU=,IgMar/mVrJQ+ODFPytDf7jwQMmR09+slyZUdVylRFLc=,discover,Local playlist more,song,0
4DlS5LiANEKlMTQD08dakyV1JWwPYI/n1wyjx4ImjPc=,IgMar/mVrJQ+ODFPytDf7jwQMmR09+slyZUdVylRFLc=,radio,Local playlist more,online-playlist,0
s8Oce1igq03hako2pQCfeXyPVkBs77ArjdrZEQAjpbk=,BwDDym6Tp7EnGudWBGJyjONZeX0/4ndu5PETiPWzav8=,my library,Discover Feature,song,0
QDvq4xn7ZSBkamVnc8nL672oxKVqcR2zdgRGQf0giXs=,SKRQpz3EM5UIxT2LCGzK5k0aYg4QtyHWtr0L/EK6By8=,my library,Discover Feature,local-library,0
HVcWdf8CEo9s6qwt5V7TpoPYJfRlQSTA6b7kxEAImpc=,XA08z3r0wdQvY3CE0lFDTd/MuAgD7b0XKZnCvo+ylKE=,explore,Radio,song,1
qljEWgpUDxIw7Lpc9mpZSYjpH+RmsE3T6s0x852lzRY=,eW1d3l1sSncU4sGM69MJtIG79wnXbdy8FZKpFVElS0g=,radio,My library,song-based-playlist,1
tnBf+t14y3vlNshUe1XQbIWYtTBMBYmVXIMWdNVRv/o=,r5BnHxvuPlLjwr4MHf3dF3yUY+NVS6rHrkVG7wVZ1uE=,discover,Discover Feature,radio,1
YU6fAgCFgPkaJ1YSW2838KzGTxmBCfgousTO8jwuHYM=,uWREia5CNSoapbU9+BpqQxlSfntw1J/01HQGpVxFiM4=,search,Local playlist more,song,0
BNSYbtaNNCYfKVig95LpQJArTEx/RN2FgivSohB8r8M=,ys+EL8Sok4HC4i7sDY0+slDNGVZ8+uOQi6TQ6g8VSF4=,my library,Discover Feature,song,1
XHJRZV5Xgcub4dNGuzRj5tVfDD1iwrtoXmdQOWtlc3U=,eqxzfyc6kVOcYTDo7GCguRsfLEplxdlJ+umjJsB8gdY=,explore,Discover Feature,song-based-playlist,1
tnBf+t14y3vlNshUe1XQbIWYtTBMBYmVXIMWdNVRv/o=,GAWjH9Uns87Q1pcQTJZo+PaiJIsUj3DEWjtGqyMUZm4=,my library,Explore,radio,1
mDJCU+fKu/mbdk9l4SmPYiJwpeMyK44o9wmG1X3735A=,lUp9A0i6jbaMvGNlR0eaMwxd0Vlv5LZM6NHgDDBCqqI=,search,My library,online-playlist,1
cNssc+2L1Fx77CzASou28E9qfWeJjQKZtfoADkl/xkQ=,GFWjz4apE8zMiXe6wc0qCjr+DbK9BFkwo/rr+FsNm+g=,discover,My library,online-playlist,1
pJxMd9PL/N7CdwTwKu3YqiqYSRAJHuejlrTonaPfPfU=,tB7WW8fbj7VdrPYInjSGBfslYr2DKNIeeFKQsqqMZvc=,my library,My library,online-playlist,0
n7V1D5AuwLykWxCzsU1eNPSyxVbrSXs6IXiWF2zN0gY=,iiifj//EcKnociT6W3nBASJygGe/TyFB41UD1bTtnU0=,my library,Discover Feature,local-library,1
SWoa4UvhuutHxhcRAxlfTc6Jr1j5tGw9cp3Kiq+ayKM=,fCCmIa0Y5m+MCGbQga31MOLTIqi7ddgXvkjFPmfslGw=,search,Discover Feature,song,0
WRwcfUKwDVQ46cylDQ1Tf8ayTojVYeh/00m0ubVNxQo=,q5/Vwifgv0SGdEIyiMU2F0pIXkeCIW3w2xB8n4iMoS0=,my library,Local playlist more,online-playlist,1
cNssc+2L1Fx77CzASou28E9qfWeJjQKZtfoADkl/xkQ=,YmAISVdWO5T+OgcuVLr6qQ7OsqPzAbBO7BrEwfcxMSw=,radio,Radio,song,0
qn0aqqC8dcshYsmcFmFYJtebwjMp6kLr8yanC5QC79o=,bG9ptdK+Pb7m4ozflF/RjUqbG/uo5ipgAo1ffT8mnfU=,radio,My library,local-library,1
uQ6LOBwmu7lIjv+wFaq5+M4IcAZEha2J0uyDB6Y8aqY=,CsgH03aRehnhVifHOPXwF4mfA2yHdqK/IWpwXMm73CU=,search,My library,online-playlist,1
SZ5NNypqaTWljFO1HiVZwkw3713+rM9x/JNdJd8/fzc=,q5/Vwifgv0SGdEIyiMU2F0pIXkeCIW3w2xB8n4iMoS0=,explore,Discover Feature,online-playlist,0
EDSn8rAs8qjUvqhhFG5diTbaVbJi8qkoKXeMzf2JGVQ=,SKRQpz3EM5UIxT2LCGzK5k0aYg4QtyHWtr0L/EK6By8=,radio,Radio,local-library,0
mGDObQQojFOJfK2rJKcme282huuk0qDxBzWL22/qYbc=,vLvRGCAj8JzTLygSB20eqIL6hSTzE7gf4hyYAguZp0k=,explore,Radio,song-based-playlist,0
YYdQJgjemCT/fAv8s+CwfmgDprAQOneJ2M2SdArq9V4=,A5cw2rib82lWjtNFr3bxQysyjPVpiYlgmnULDQ8X0BQ=,search,Local playlist more,radio,0
Mue3orxlJaHmK07bXWDrchFW1f/Or6TLVfMwx9fO9aA=,ux6db2W4f9nhapYVkSg81Uzhxnw0vf44cFWHSd2EuJo=,search,Explore,song-based-playlist,1
MXIMDXO0j3UpaT7FvOSGW6Y5zfhlh+xYjTqGoUdMzEE=,3Yz717mUtR+r4L0zzgDgWnYeFtY9g68ZjKlq1U72KNw=,explore,My library,song-based-playlist,1
R2FvE4x+hefwL4evbgNGNCng13c1MkP3PHocNtU91qU=,+Sm75wnBf/sjm/QMUAFx8N+Ae04kWCXGlgH50tTeM6c=,my library,My library,local-library,1
Mue3orxlJaHmK07bXWDrchFW1f/Or6TLVfMwx9fO9aA=,yCNGVHLlA+gdUm0RfeIm1xAYXFugchHvED5JVerYSWM=,search,Radio,song-based-playlist,0
o6lVTGcU8lL0OI4fOMWc21THJHoOjqxxYlYACoyTN6g=,Ce8Mui+yVruumWy9pKMDfSRBFg1m93m/+XR8FHlktaE=,discover,Discover Feature,local-library,0
1d4acB2bhEZCFjSRwvO4ls8PrBtvNTlkcAcxYx8FcWE=,fvFw8C8/hBGjtRs+4+bPpo6Ytw9YG0pLOwWJf3YAVhY=,radio,Local playlist more,song-based-playlist,0
TxvdtN1Ehq4kbgU5J7lw+ik6Pc0NZjnQKARPiCCf0fk=,BgqjNqzsyCpEGvxyUmktvHC8WO5+FQO/pQTaZ4broMU=,search,My library,song,0
9wwJC2y3YDYTilHnM+uYnPS7GCxV625Hs4VZ7sc6OKY=,YJKHI4Asj1oM5vJftbISis2QYliVSExtWiWnwb7TOgo=,search,Explore,song-based-playlist,1
E9jsIxPWhebfnR8cbqPgS+FxCt0zBSXP+72mYRFg0+U=,Ot8WIXZXzvgZeZoCwcimfORgLbZJJdslmuvO1ufZB7k=,discover,Radio,radio,1
OyELWVNKZMJtqg+BFArzAokp8bn+pGhBWbCZaxyLIus=,Wn5ltxI7NsFk4xGFHOFXv2ajWU9HmuEgDF+xs1EJpFo=,radio,Discover Feature,local-library,1
A6DJoTdyfFVxhngH62vlscx6pJsakhdeNs2vDEVTfH0=,h6SYWHqaMPtbHyqeNQGtCRfq7GAH4+9hrauUwd5z2VA=,radio,Discover Feature,local-library,1
oqovZIlVcIUL0aIMGYtXxy3R+xJcxmJBJUXeIb+HJYA=,PWxngjBL3gt2KhdKy8MwEYTgAw/lkL9F/lqqjciktFk=,discover,My library,local-library,0
K7obY5lUlZTd6a/byE9NG/e7Q/dlgHfppLbYk8OL7os=,kHpEHXKwwG+dwmOR2NnvrXwsE24vqD7n40tcNQE/niQ=,radio,Discover Feature,song-based-playlist,1
sgT7F0PbR9/iCyzeSzcl//+E+fK3CeZmM1deeeJ5rZ8=,JRa3KgSwWDyY17usXoi6jN8O6v6t6Tq4xcwjbUkbQFQ=,radio,Local playlist more,radio,0
AXKTVBbdr2/z7m5WL1IXzlriNbun8B+7wM41MsWCYDw=,8f/T4ohROj1wa25YHMItOW2/wJhRXZM0+T5/2p86COc=,search,Explore,online-playlist,1
T+FJrpYi77CWTUE5nO/vliojRaTPgt2bRUQHy5lhXrQ=,yL8VeuH6lYFA4hYVGX/1HmPogBfp1Ex4ZkL5PjWy11k=,discover,My library,local-library,1
VE8ZRudqIj9zHOSXxGg3cLOBkbykv78DwWN6IXRusWo=,Rerp71vL127G1162T5Bwgk3D6r/ZtiXDfWvYz+3ljhE=,search,Discover Feature,local-library,0
VE8ZRudqIj9zHOSXxGg3cLOBkbykv78DwWN6IXRusWo=,BgqjNqzsyCpEGvxyUmktvHC8WO5+FQO/pQTaZ4broMU=,my library,Explore,online-playlist,1
a4aEMKA1bMIwfCarB0qN+Fjag8swMwFfXm6ri5KJvms=,OE6pqPyTUHX2LrFokqXrAVv6VkRGadC8XQ8CZZpaa3g=,explore,Radio,song,0
pJxMd9PL/N7CdwTwKu3YqiqYSRAJHuejlrTonaPfPfU=,dBblcCblxZ/fqu94pTStU055+hRvF2oiyDEq0qHIfiA=,explore,Explore,song-based-playlist,1
TxvdtN1Ehq4kbgU5J7lw+ik6Pc0NZjnQKARPiCCf0fk=,U8VgelI8G461f4FVJHnavdn4zx7XjmSFcNHZ3Hru3TU=,radio,Local playlist more,song,1
sgT7F0PbR9/iCyzeSzcl//+E+fK3CeZmM1deeeJ5rZ8=,FynUyq0+drmIARmK1JZ/qcjNZ7DKkqTY6/0O0lTzNUI=,search,Radio,song-based-playlist,1
2tmUzRCcD0l3et0ck9XfxZT6gT9LM3w8gwfckVNylIU=,JRa3KgSwWDyY17usXoi6jN8O6v6t6Tq4xcwjbUkbQFQ=,explore,My library,online-playlist,1
ZIThPCdbFdxx0T+qKaAnQprzkTcoMTJL66Of3nlFGLA=,80hnDqhSe9u2uIaLvDh1tCbwryzDrsf789zgDDF+k+s=,search,My library,online-playlist,1
J/KdXo5kGQs+dRxYam3/tZlwhl7ZX+sYvvCdjg8Tqzg=,VkDBgh89umc9m6uAEfD6LXngetyGhln4vh/ArCGO0nY=,radio,Radio,song,0
JoGt+PgRGKHAhTQnaRqQygBWdDwGE6gdPbeGiGP4/Lc=,RiJp0d9j7dfyZ/pyUPtWLXiVp77iitN5lUQTR6qjEOg=,discover,My library,local-library,0
P+Sxa9gtP8P8IQcpPGbwWmEFdrF16hTrtfXyfa5aGoI=,66NCw1qHAROy0PiUC1tPNmGYqRvBSfvGUsO+46BooDc=,my library,Radio,song-based-playlist,1
4MSFgArmrrq1abQEeuHkmNQjEkqn5r/Z6/LNObSm3xc=,x+wwBWqNXLShElFWaLs1ahI15dN4cl4ShC1/Wm4PsH4=,search,Local playlist more,song,0
7xiBI5xU3P2/IiR9teB7jySfzWo96JGikGajteLd3Cs=,limwLMOy3/jAQ5dOa3x7k/eJmA1ARXel99C337h+E34=,discover,Radio,local-library,1
hOyJGmY7tciqGf1EhDj5UT86IfSSnaTHP5JWAPxYN6s=,fEAIgFRWmhXmo6m3ukQeqRksZCcO/7CjkqNckRHiVQo=,discover,My library,local-library,1
P+Sxa9gtP8P8IQcpPGbwWmEFdrF16hTrtfXyfa5aGoI=,SKRQpz3EM5UIxT2LCGzK5k0aYg4QtyHWtr0L/EK6By8=,discover,Explore,song,0
4tuTIArXO3WO8/zS9y2CC34ywEfChjAKUchlKW00DMM=,UZ3dBhXYs3u2VWiwH9VQYBWnp1hi25EmxuK8JISoSZU=,my library,Local playlist more,song,0
IU4XmahhntFf39v7Xzd/Nk6fjzZCCpAjOU8xW2TWHGk=,6pe6XOKc+06NhkgrFitOb/EKMj910AlS34LdhP510LE=,discover,Explore,online-playlist,0
16pGH8W1JKJTrQSZDX3gQY57S3FiO4YJheGRiYbONsU=,JgOfPnluwAsKhpdLQgbfoSHpaZ74zcWYPqhhvhmFAtY=,search,Explore,song,0
5pr+x566HOsYLEv4ouZ5cEHFFwBB74xaFbExdPGJ6b0=,jpq9yBIzCyyWbLcrGFWHYyXpFZ8N4b9FgKC4qFj04gk=,discover,Explore,radio,1
7xiBI5xU3P2/IiR9teB7jySfzWo96JGikGajteLd3Cs=,Ujt3R5hAe0Pix2mURuC+CO6aazhCvEU2lByPzy3E90k=,discover,Local playlist more,song,1
xEeMEDdDCvfLGt6eoayVgVh48nLdPvEm1XzwzY6lT58=,eqxzfyc6kVOcYTDo7GCguRsfLEplxdlJ+umjJsB8gdY=,explore,Explore,radio,1
2yBzq7nUBV99ankkp7O46elZikHVB5BvqHcr2Lzetlc=,Y87wssIvAzfpJA1z7WGawlIQl7mNFDWzmKS/FlLtLA8=,radio,My library,radio,1
IU4XmahhntFf39v7Xzd/Nk6fjzZCCpAjOU8xW2TWHGk=,+LztcJcPEEwsikk6+K5udm06XJQMzR4+lzavKLUyE0k=,search,Explore,online-playlist,1
ZIThPCdbFdxx0T+qKaAnQprzkTcoMTJL66Of3nlFGLA=,CfOyUSvBAIGhsUEcZ6hTnWLLaQrDtzVmoIdmIMXBOTA=,explore,Local playlist more,local-library,1
bEJvXhD1XWK8qi0Lhydk9nt30hOTCkxG0a70s9ZeCEk=,JTMsJNPcL2ambkp1Z/MeBEnFEzZEOKetdLPrJxHf7v8=,my library,Discover Feature,local-library,1
bEJvXhD1XWK8qi0Lhydk9nt30hOTCkxG0a70s9ZeCEk=,wBTWuHbjdjxnG1lQcbqnK4FddV24rUhuyrYLd9c/hmk=,radio,Explore,local-library,1
J/KdXo5kGQs+dRxYam3/tZlwhl7ZX+sYvvCdjg8Tqzg=,jFUlstiDM/0JBpQz1N1Mr1uJj0H8kiQsJjfbnx45gHs=,radio,Explore,song-based-playlist,1
A6DJoTdyfFVxhngH62vlscx6pJsakhdeNs2vDEVTfH0=,W+akwEPQhC1OugUaQlo0DR9xVs49UbJDZbiGvgN6ZyY=,discover,Radio,radio,1
/mmecbnAd2Jrji3aonisktBko1/o+F68GqpV8X4gHiI=,YN4T/yvvXtYrBVN8KTnieiQohHL3T9fnzUkbLWcgLro=,search,Local playlist more,online-playlist,1
OOETiYOFhuTowtgRUIiKommGv0eo6XUHLc1ofgwcJew=,N21RxItkM+DqGIdEWiPa5urFl3xvDUNVdhr2bFZvMeA=,search,Discover Feature,song-based-playlist,0
2yBzq7nUBV99ankkp7O46elZikHVB5BvqHcr2Lzetlc=,o9HWMBZMeIPnYEpSuscGoORKE44sj3BYOdvGuIi0P68=,radio,Explore,song-based-playlist,1
xEeMEDdDCvfLGt6eoayVgVh48nLdPvEm1XzwzY6lT58=,B+lDDFfdRD9WVY2vdfJX3DXLlKohkLJC+mxE+Hfnh/o=,my library,My library,online-playlist,1
MXIMDXO0j3UpaT7FvOSGW6Y5zfhlh+xYjTqGoUdMzEE=,1UHqpOyecqH+8NytyogNdQz/2zUDpmHzUF5lgH1gvyw=,explore,Discover Feature,online-playlist,1
n7V1D5AuwLykWxCzsU1eNPSyxVbrSXs6IXiWF2zN0gY=,Y87wssIvAzfpJA1z7WGawlIQl7mNFDWzmKS/FlLtLA8=,search,Discover Feature,radio,0
AEZNdJt0QGYpBlT97tdnNaNHW5SqpgJb70TFmeZBYbg=,EELIvnP5lcFg+W/XGvKrKj06DhzWRoowEHGGvBGlDkk=,search,Explore,song-based-playlist,1
NwX1NaVlyw0jvfQNxLTcx9ztIUKVL/sjkccdAmMpfCA=,A7Z2nDVASy04EpmfzOL9PRMN3hFVbWQ7ah4J+o9sLnE=,my library,Explore,song,1
NwX1NaVlyw0jvfQNxLTcx9ztIUKVL/sjkccdAmMpfCA=,podlycp3c6tOEDw7q8iQBVgvFjiMpkWWXTlXljGdbTY=,radio,Local playlist more,radio,1
hzy7RwzEVDm4JmC0X2qLUvnoE1+2zNTEea4fOe/o6ms=,HRg8zzy3PcS4sBcZIFOcUL4uCqg7SurUslUQyF2op+o=,explore,Discover Feature,online-playlist,1
JkQacE3rvmhh65R04eDLbu+M7MCkpzmHwMGrbZo0puc=,A5cw2rib82lWjtNFr3bxQysyjPVpiYlgmnULDQ8X0BQ=,radio,My library,online-playlist,1
+boPBM5G5+vAfbO6zTy7A2FrVQyl91aBPGHkQ6ciNYc=,/RYwZD+IL/0YEgpu71HgW9q6c2A80gr/fC/j0BmYGvo=,discover,Explore,local-library,1
O3ElkgfVd3DoJysnWAIgIPF4N3Y9LPmlm+aC5G+UXGY=,rqNd52MxQ+okfR61j2c7u36DLODO4d2Zt/hMm3jxncM=,search,My library,song,0
Tb5tCteFbk+G5Jyvq9SqD1eAzgZ98WR/xOCvvjkNCog=,NCF0FSjNTEchB0wNZ9IL5UfzApFMK71jBhQWuSIacmY=,my library,Local playlist more,song-based-playlist,1
HVcWdf8CEo9s6qwt5V7TpoPYJfRlQSTA6b7kxEAImpc=,7sD/47OK7UjsdmBjtLCUTIdX9Df8TjpHyOOeA0Koxy8=,my library,Explore,song,1
mrjKYVskMUAksvPgRky/E2g/TiPdbpH1j5CCOzAC5RU=,NhQfOVnptpW5z5qsP/sN+hVS8TM2iYvdy/ZGVe7K+kM=,discover,Local playlist more,online-playlist,0
2tmUzRCcD0l3et0ck9XfxZT6gT9LM3w8gwfckVNylIU=,W+akwEPQhC1OugUaQlo0DR9xVs49UbJDZbiGvgN6ZyY=,my library,Discover Feature,radio,1
V8pNUizcKwTRuSQAtzXJBAJ7B8cyf0EegXkljvIvFqo=,NDtiB0N12yjIn9D9reqXF8NPPCq6vMNhOwd9A/c3qd8=,discover,My library,song-based-playlist,1
YQiox2a4tbRbNBaL+VfOLH8oea77HPJMPWRh8euXZqM=,ih58jIWgit7qPy3VpvbM6E7AIvs57ylCHMVpIl1T+Io=,search,Explore,radio,1
E3yiQ2d5+KiGkm622V73IRgukx9qXPYJIpG6xWF/lF4=,27vpOctGRDxfm4nJsYUfvNaoL8ayuXiYAYUH4H1mfJk=,radio,Explore,song-based-playlist,1
FG+WikEK8x1GZIB4E2keTq2SJX4bXjFjG5gkjc8qbcw=,/6kgyFt1nsLDNbZh0AHM4Pb3sbp3CZ0C4DbPa4++eVE=,my library,Discover Feature,radio,1
2tmUzRCcD0l3et0ck9XfxZT6gT9LM3w8gwfckVNylIU=,WL4ipO3Mx9pxd4FMs69ha6o9541+fLeOow67Qkrfnro=,search,Explore,radio,0
J/KdXo5kGQs+dRxYam3/tZlwhl7ZX+sYvvCdjg8Tqzg=,JiHWUXkERiCPai7GKXVal+Cns8SWC8Ft0+5NKSQdbfU=,search,Explore,radio,0
8Pvl/iQSa1A4J/op1WLFoj9PGFv5WHjDas6efapYoss=,/vRMwxfCQC55cFGMLtxZlAqhDFW/aPQMGdkRnykeWyc=,discover,Explore,online-playlist,0
+3RfkckBHS0oQrrjJj7p69bdwJak+qzKq0fhFaeXUxA=,EL5DbsSvhAFtMBBoOjs4aipOjC3Xj4syX/l/wlK+kdM=,discover,Radio,radio,1
lfK5QUAaa28niDIyQ2oGkSntvSe7G5EmQ1N6nvnE8lY=,NO3PiEzofJglKjD8+biTGWkEVRDfE799y8c9wQS1XWo=,explore,Explore,online-playlist,0
rRUTKZAVxGBh5XRUk+Lk/b/gHcAOsbk1hiQiEfubDh4=,3DU6F6k6dFSdoQa2tsia5spMXFCxWh4JJdA3OxSo3rM=,discover,Discover Feature,song,1
rdNI0wgxmcsOgjH0akX2/zzW8qbDZc45D681Mpq45jI=,W+akwEPQhC1OugUaQlo0DR9xVs49UbJDZbiGvgN6ZyY=,my library,Local playlist more,song,1
nAiRf+UmYT7ZWIOUF6Ig3D0FDVIVpSgUb+H40Vg1eQU=,w4Zku7HxtkAKl/BB8H81ZfWOXwnnmVbZBvFZeRPuRUU=,my library,Explore,online-playlist,1
16fsOt7imefLSFsV7mWoP1AL+bpjP1NuWzQ5QP9tj8k=,Hum12fv82coQWytuQUP8K0cHEdJ9zz10RrGjsGqmDpw=,my library,Local playlist more,song-based-playlist,1
16pGH8W1JKJTrQSZDX3gQY57S3FiO4YJheGRiYbONsU=,KcQ4assZxaXsdizqxGjUSAY7CNc6+6hQzpVsjnWsShQ=,discover,My library,radio,1
16pGH8W1JKJTrQSZDX3gQY57S3FiO4YJheGRiYbONsU=,6pe6XOKc+06NhkgrFitOb/EKMj910AlS34LdhP510LE=,search,Discover Feature,song-based-playlist,1
PC0HTwpYB4UtDaA1s7qlkmktEzeiz57VXvIJijk6ChQ=,e/upMhPFcXl3Rxq0Us1abr0FcThlZOeqKJhBobmltBU=,search,Local playlist more,song,0
1d4acB2bhEZCFjSRwvO4ls8PrBtvNTlkcAcxYx8FcWE=,tB7WW8fbj7VdrPYInjSGBfslYr2DKNIeeFKQsqqMZvc=,my library,Discover Feature,song-based-playlist,1
WtuOpsYQ8St9zt7yySdryqDUCxeT4/v2rLRA7+lsahQ=,VdVi5NKMJeRDsz4+3xvrpu66FNVTcQ4G26TXoUxW8bU=,discover,Discover Feature,song-based-playlist,0
Z56mxjHqnR1FK1d5gkf5ARTxwZF8h0HPI+rHFGRrMHo=,DT35ri8FZuj7PGLxW/PhK5lt+CFVV85jDqPrBz6kixc=,explore,Discover Feature,online-playlist,0
tnBf+t14y3vlNshUe1XQbIWYtTBMBYmVXIMWdNVRv/o=,Xpjwi8UAE2Vv9PZ6cZnhc58MCtl3cKZEO1sdAkqJ4mo=,radio,Discover Feature,online-playlist,1
OyELWVNKZMJtqg+BFArzAokp8bn+pGhBWbCZaxyLIus=,eqxzfyc6kVOcYTDo7GCguRsfLEplxdlJ+umjJsB8gdY=,radio,Explore,song-based-playlist,1
P+Sxa9gtP8P8IQcpPGbwWmEFdrF16hTrtfXyfa5aGoI=,27vpOctGRDxfm4nJsYUfvNaoL8ayuXiYAYUH4H1mfJk=,explore,Radio,online-playlist,0
4MSFgArmrrq1abQEeuHkmNQjEkqn5r/Z6/LNObSm3xc=,48PnLVsKQXwlRoNr7779QyZxweYBbpX9z3E1YZm2F/A=,search,Radio,song,0
HdnZZ4P0Vjxo2tgTvO1rsT/H3NkG7jvfrnCuF7TBK0A=,2Y7NstzrTnCFlRel5m80hPDe9471QRU9oyqPIx1xIP0=,search,Discover Feature,local-library,1
TxneOykZ/MOIbQmA/aJ4EUQUIR9r+Egt6TNQu0WgwpA=,338YQI2OhQDjVCbuAJ2t0PQtzDG8KRSFdB69kiwt3CM=,my library,Radio,song-based-playlist,1
SyBjgDUF6aV+1d17oV4XPDBkJLU//LAOwWdYh4DAUiU=,zx4aCmk+b/uPmvESsG8ekvi7qWmifSPNMXg1i8wyG8Q=,explore,My library,song,1
AXKTVBbdr2/z7m5WL1IXzlriNbun8B+7wM41MsWCYDw=,6QMvPiMG6bKF5+C4fSsfeR/LGNMiwL55HNhd3BcvSKE=,my library,Local playlist more,radio,1
uA7h005WTDJTwS1Tv1uzmWcWTpt/7x7Xx8JydbeMi2U=,1UHqpOyecqH+8NytyogNdQz/2zUDpmHzUF5lgH1gvyw=,discover,My library,radio,1
5LGtbWKwKifap3ECM6HO04gPY339RM0oF7D/MfWzUxg=,kE+FVLsG03zTzYoGVDqTmVkoSKC9DjJwQr2puF6MkOI=,my library,Local playlist more,song,0
OOUnJuX4SteRhUdJZ9B2DqtfiwsfcZVBefEhXLeBsFg=,ClazTFnk6r0Bnuie44bocdNMM3rdlrq0bCGAsGUWcHE=,discover,Explore,online-playlist,1
AXKTVBbdr2/z7m5WL1IXzlriNbun8B+7wM41MsWCYDw=,JTMsJNPcL2ambkp1Z/MeBEnFEzZEOKetdLPrJxHf7v8=,discover,Local playlist more,online-playlist,1
yBXKYfcmQ+TtIEvkLQXabAY2uwudIGn21dEZYAwCDCg=,itxXLRAtaLyj+idcWIsuKB0AEzijUgPrMhAvAKUSE2k=,my library,My library,online-playlist,0
OOETiYOFhuTowtgRUIiKommGv0eo6XUHLc1ofgwcJew=,uaU3VI7KA2xoQkGkSC4NNOMFmHL9R85kdR7eyY5Pc9M=,my library,My library,local-library,1
Bljj9o7B1zgL0RIpZef1SlSigiTIMr0mDPv7aUyzuXo=,66NCw1qHAROy0PiUC1tPNmGYqRvBSfvGUsO+46BooDc=,search,Discover Feature,song-based-playlist,0
a89sofbsaFkpzn8/P10elgzbXDQokPTlsKc1uqi7Zco=,gffrcQ9mFCfCwM4Gx7ArXpR8J749p3tfh/tM0chIODo=,my library,Radio,song,1
a89sofbsaFkpzn8/P10elgzbXDQokPTlsKc1uqi7Zco=,X96NEF2NcG6gyKVF0+U3H98CgAlgecjthmaqQe0nLPE=,search,Explore,radio,1
3TZaybijIyaqU3P+moI/mzFWcAj6aR0p7bmxLT9iRq8=,skehue/d/R59G71dXYpntDwdjRRPlweN3JE8g40TgZU=,search,Radio,song-based-playlist,1
AEZNdJt0QGYpBlT97tdnNaNHW5SqpgJb70TFmeZBYbg=,jRzcNOC0WGSfwQmr9ZP5mxiPYxAdkGrPFGc0GvS1dOs=,explore,Explore,song,0
tiYOcOjJ0qgAJDL3hTboZye11uT8tBbNTscBDWxCWLw=,eqxzfyc6kVOcYTDo7GCguRsfLEplxdlJ+umjJsB8gdY=,search,Discover Feature,radio,1
A6DJoTdyfFVxhngH62vlscx6pJsakhdeNs2vDEVTfH0=,J3iRhTSYqG12XgzsbOSJYdIFWZ39JaYoP3XSWM/pcHM=,my library,Radio,local-library,0
xEeMEDdDCvfLGt6eoayVgVh48nLdPvEm1XzwzY6lT58=,95c7DAPEYsXPp72TZ4teA4ErdV1TNjajZcdk/if6AVM=,my library,Local playlist more,radio,1
16pGH8W1JKJTrQSZDX3gQY57S3FiO4YJheGRiYbONsU=,/vRMwxfCQC55cFGMLtxZlAqhDFW/aPQMGdkRnykeWyc=,discover,Explore,local-library,1
V39VxDdE9SgMQZnX58oQChm9W056pw2lC3TiifMfkKw=,48PnLVsKQXwlRoNr7779QyZxweYBbpX9z3E1YZm2F/A=,explore,Discover Feature,song,1
16fsOt7imefLSFsV7mWoP1AL+bpjP1NuWzQ5QP9tj8k=,NCF0FSjNTEchB0wNZ9IL5UfzApFMK71jBhQWuSIacmY=,my library,Discover Feature,local-library,1
4DlS5LiANEKlMTQD08dakyV1JWwPYI/n1wyjx4ImjPc=,GIDL+PW6bG3ZeBgOby6JNIQn82kPQ+MZjIybnyI3D6M=,explore,Discover Feature,radio,1
zYTm2T59lT+Z/hpoywdET+EGMcRhwi4rzL7WD09iRC0=,kHpEHXKwwG+dwmOR2NnvrXwsE24vqD7n40tcNQE/niQ=,my library,Radio,online-playlist,1
XkORogCcAwIoTSBptOED51tv9wXQ2WCEqGgvwqKsyU0=,Bmj+IwjGGnbUyQ02jJpz5K+2vmxCOKfBqVd7ypu6OLo=,discover,Discover Feature,local-library,1
5wvbHjIY9vAARXRg82rOSUqfZlHLqJN88I8W8bwsiSc=,lUp9A0i6jbaMvGNlR0eaMwxd0Vlv5LZM6NHgDDBCqqI=,explore,Discover Feature,radio,1
gNqpBxDbTlhvjHhGUzkOXI7uwdcMfsUjThCFibPphkQ=,CTwL9Gnx6QsaZ6+ygo/VHirN/XZKxlUJEB2VGQX8yjg=,radio,Radio,online-playlist,0
wobMEyGx2iCkFu27/HPRJIky3S8tO/rS8Rr+tsvEe0k=,zQ42nV6yi4mJlCn/6KEjm+SP6pEwUsd3P9fpI8tDiWE=,radio,Radio,online-playlist,0
FG+WikEK8x1GZIB4E2keTq2SJX4bXjFjG5gkjc8qbcw=,338YQI2OhQDjVCbuAJ2t0PQtzDG8KRSFdB69kiwt3CM=,search,Explore,song-based-playlist,1
E9jsIxPWhebfnR8cbqPgS+FxCt0zBSXP+72mYRFg0+U=,9YRkIrpN2f9PtHpeYsE03vYy9X7RpIR9XmGtxuyO5iY=,search,My library,online-playlist,1
Bljj9o7B1zgL0RIpZef1SlSigiTIMr0mDPv7aUyzuXo=,nnGh305rOmte1K/4D+qsL1LyY6P+jvDlzATIqwbCa/0=,search,Local playlist more,radio,0
lSkUSnCm60kDLdEsnAVp6jwr2HkyIhDCEZLX82djjHg=,Ru7n8Xw2s8LGDsgDhyzWqCWQRWQW9KNPY9qMOFAf5x0=,discover,Local playlist more,local-library,1
mDJCU+fKu/mbdk9l4SmPYiJwpeMyK44o9wmG1X3735A=,podlycp3c6tOEDw7q8iQBVgvFjiMpkWWXTlXljGdbTY=,radio,Explore,online-playlist,0
rdNI0wgxmcsOgjH0akX2/zzW8qbDZc45D681Mpq45jI=,rqNd52MxQ+okfR61j2c7u36DLODO4d2Zt/hMm3jxncM=,explore,My library,online-playlist,1
3i0jlUKhqqUKqFsoJVgN2UcDOuri7fCiE33XUCnKHXo=,HTu0yj2OGmSKPV6I6ktmb6DnmnZY8ZSFrrzNFR/MOfQ=,explore,Radio,song,0
rEVqJ3NIxC9LSUZYOj1ft5VSAvFo3AxNu2k36hKKtWc=,WTTcFYZNyqe1dL6Rm+jQMLx/tospfRR+PhD1OFix1mQ=,explore,My library,local-library,1
rRUTKZAVxGBh5XRUk+Lk/b/gHcAOsbk1hiQiEfubDh4=,zg6SzD3aqsnOqqyhFYTdbCNFrhSACbwefB/ZFi68AO0=,my library,Radio,song-based-playlist,1
LR9NLKme+aT6uoW3R5XlLu9gq7LQG6tt+bJTEPpcrGg=,TLU46LbiJ+1mmJr4Le4Z5eaUQq3TiXgdZpE5EtR4WZI=,discover,Discover Feature,local-library,1
H5DWyI7bujtol5aU1pzvLdfBAs45Ym/5jicdUlerf2s=,6QMvPiMG6bKF5+C4fSsfeR/LGNMiwL55HNhd3BcvSKE=,my library,My library,song,1
vBNHobQRQsofef7+9NZk4C6Y6T2PBXSGXUbn6c8UOcg=,1PR/lVwL4VeYcZjexwBJ2NOSTfgh8JoVxWCunnbJO/8=,discover,Radio,local-library,1
K7obY5lUlZTd6a/byE9NG/e7Q/dlgHfppLbYk8OL7os=,/70HjygVDhHsKBoV8mmsBg/WduSgs4+Zg6GfzhUQbdk=,my library,Local playlist more,song-based-playlist,0
8Pvl/iQSa1A4J/op1WLFoj9PGFv5WHjDas6efapYoss=,QjRlzbxmVxusW6CP2Xr8GjX3BnPitUMFBxCWxd/5AKY=,radio,Radio,song,1
E9jsIxPWhebfnR8cbqPgS+FxCt0zBSXP+72mYRFg0+U=,eaEPf0VwQhIvfAm8xzQucpa0/OnWo18Ig1cfMIUsZ3M=,discover,Explore,song-based-playlist,1
P+Sxa9gtP8P8IQcpPGbwWmEFdrF16hTrtfXyfa5aGoI=,jRzcNOC0WGSfwQmr9ZP5mxiPYxAdkGrPFGc0GvS1dOs=,discover,Radio,song-based-playlist,1
O6cmcavFpTlX0oU/WxJrYGxLIvR22dVpHz/VJxylp8g=,O+azAuxxhTE27OXm23raLUOTey/RS3+sceZDO2iFXys=,search,Radio,song-based-playlist,1
2LbejuZF550yFLDXLIBw3gd/c462BIJ+S/SOwneSXUM=,B+lDDFfdRD9WVY2vdfJX3DXLlKohkLJC+mxE+Hfnh/o=,radio,My library,song,1
nAiRf+UmYT7ZWIOUF6Ig3D0FDVIVpSgUb+H40Vg1eQU=,R1769yIwSejBpG/qGgxdD3BiYXI2fJgMg1jjlKCPhIo=,explore,My library,song-based-playlist,1
H1D92jYJ3GyJWLmt3ZAE3QgxgfCCit8WTsT7+KwS+vw=,WrVBxKvotVYzAKxCxNAGssQ1oCgO0gAJ4sNCfhfdfOY=,search,Local playlist more,local-library,1
00qmlWC3H/cjf2Ig1li5xIO0VNDRgBX0f9ilouDBEZs=,p/yR06j/RQ2J6yGCFL0K+1R06OeG+eXcwxRgOHDo/Tk=,explore,Explore,song,0
HVcWdf8CEo9s6qwt5V7TpoPYJfRlQSTA6b7kxEAImpc=,O+azAuxxhTE27OXm23raLUOTey/RS3+sceZDO2iFXys=,search,Local playlist more,song-based-playlist,1
ZIThPCdbFdxx0T+qKaAnQprzkTcoMTJL66Of3nlFGLA=,uWfF+7Tl/V+phd01+33EDRjMiRZz4adW0bI/Mh194L8=,discover,Radio,online-playlist,0
TxneOykZ/MOIbQmA/aJ4EUQUIR9r+Egt6TNQu0WgwpA=,Rerp71vL127G1162T5Bwgk3D6r/ZtiXDfWvYz+3ljhE=,radio,Discover Feature,song-based-playlist,1
R2FvE4x+hefwL4evbgNGNCng13c1MkP3PHocNtU91qU=,DH9SXL888u6VtOCkF/nqFbmtHlEkYgh9atVYPHfSfo4=,discover,Explore,radio,1
KXS4mDTuweetiTTxgkbg8uohB20KUXvkXz6g4l3r40c=,Knq4ruFJI2OJlOtotwq3fuWueMlXcUeS3oxVEYlKoC4=,discover,Local playlist more,radio,1
s8Oce1igq03hako2pQCfeXyPVkBs77ArjdrZEQAjpbk=,UksdvC4qcXmgOvmMSOPWh9sB2z7a+dT1CWlI58lq04U=,my library,Explore,online-playlist,0
16pGH8W1JKJTrQSZDX3gQY57S3FiO4YJheGRiYbONsU=,msJWKceAKkJe5FJDUUpnHBL8qS3QQUC2faxjiJrEw5w=,discover,My library,local-library,1
gNqpBxDbTlhvjHhGUzkOXI7uwdcMfsUjThCFibPphkQ=,LBnwicJLcepb/l8c68qpMRJIaUcm1UvgtKEfQwITrpI=,my library,Explore,song-based-playlist,1
oqovZIlVcIUL0aIMGYtXxy3R+xJcxmJBJUXeIb+HJYA=,YpeEDiJw4nf+dGvwJJqGWlFsbJp2cRxhmB3vioPeU0E=,explore,My library,song,1
YkG93vvIFdFWVWsYqT5w6t0X4uw9/RS03jqzhBzxFlc=,Z2Y3t/lsoBgA/2HAfy3UP+QWfdckt9BK2u6n8xwqkng=,discover,Discover Feature,radio,0
KGXNZ/H3VxvET/+rGxlrAe7Gpz2eKMXyuSg3xh8Ij1M=,zQ42nV6yi4mJlCn/6KEjm+SP6pEwUsd3P9fpI8tDiWE=,search,Explore,song-based-playlist,1
38LUs5mVWNKfyjL7ilf9JCnWZLjnno2obLXr69JJKcw=,7Xxzo9Z584Z1AhkaLLWEcpzcEuxcquGE52Ztc4879YI=,search,My library,local-library,1
Y4FvDsosFNoz4ZHIAbuwgUBSFK8qY2oE5p7V8wymc/Q=,euRuXf+FKUosn295WoeqQbQJ4MQ7es1jJAQlmqZFA/I=,search,Local playlist more,song,0
4aRFGkKzGUpqTbjojytAtRQNdx0egL02hjJhSqq0+NA=,WWgB6GYGuyplhfw51plAbvpnixjsFA3XKSyEuTN42Tk=,discover,My library,radio,0
ocQB699RoI5sBlRUfv8tu++vqupI35/95l3U507jdpw=,W+akwEPQhC1OugUaQlo0DR9xVs49UbJDZbiGvgN6ZyY=,explore,My library,song,1
cNssc+2L1Fx77CzASou28E9qfWeJjQKZtfoADkl/xkQ=,x0AQuGp6SHvaD/fLkk+6JzAp6zOUgd30Tx4oL3YBz5Y=,explore,Explore,local-library,0
rGbXmjKDOsBV9n2LJEPtx4GcJS00c7Bs9ZFo6icxVJM=,+h+uIXLQyXHuCdwAY5oT3T302vt0IdQJtux0APXhriw=,explore,Local playlist more,song,0
Mn98O4X/zceMt9nswcoq08F16ciCqhuN7lQ951MAL2o=,uWREia5CNSoapbU9+BpqQxlSfntw1J/01HQGpVxFiM4=,my library,Radio,song,1
dO8vzPwqXvOjrPWDW++gVecwTNnzesp3zW1dtRc6KEk=,f0Yvo22LVUbRIlICXcEEym7IYNVjUqghZryP6Vf103A=,my library,Radio,song-based-playlist,1
xEeMEDdDCvfLGt6eoayVgVh48nLdPvEm1XzwzY6lT58=,THqGcrzQyUhBn1NI/+Iptc1vKtxBIEg0uA8iaoJnO1Q=,my library,Discover Feature,online-playlist,0
z1IXxOkXP6uCWwFJLibRkXzU7USedggSWIfGJl/HFQg=,Y87wssIvAzfpJA1z7WGawlIQl7mNFDWzmKS/FlLtLA8=,explore,My library,local-library,0
pRHIP4XdwWx7YpREsLN4sD0gb2BUEbhKytDXlwUAO+k=,Rerp71vL127G1162T5Bwgk3D6r/ZtiXDfWvYz+3ljhE=,search,Local playlist more,local-library,1
KXS4mDTuweetiTTxgkbg8uohB20KUXvkXz6g4l3r40c=,qiF4WAvKyVZZIBi4oSntG2GrHa1+p3oMaiZBXUpeDT8=,search,Discover Feature,local-library,0
V39VxDdE9SgMQZnX58oQChm9W056pw2lC3TiifMfkKw=,podlycp3c6tOEDw7q8iQBVgvFjiMpkWWXTlXljGdbTY=,explore,My library,online-playlist,0
HVcWdf8CEo9s6qwt5V7TpoPYJfRlQSTA6b7kxEAImpc=,N21RxItkM+DqGIdEWiPa5urFl3xvDUNVdhr2bFZvMeA=,explore,Discover Feature,song-based-playlist,0
uQ6LOBwmu7lIjv+wFaq5+M4IcAZEha2J0uyDB6Y8aqY=,jHMqK5wu5C0txl0QCxpkSM1xbIev60ii+dc99LXu8EI=,my library,Explore,local-library,1
3TZaybijIyaqU3P+moI/mzFWcAj6aR0p7bmxLT9iRq8=,TLU46LbiJ+1mmJr4Le4Z5eaUQq3TiXgdZpE5EtR4WZI=,explore,My library,local-library,1
lFQM2AQ0IIifeOgmnRDSFEuWfh7XQZm0Z+O6K696CQk=,yPA+sQt5tJ3NgR6/L9BefmNpA2152zQQ+/Kvtt3iSUs=,search,Radio,local-library,0
6aH1YAi5YwvZUHtpjEaMQwM0p4wP4XLrkWQSdXDF9L8=,oAfWzsEYsibZUgmlL8NNYoO0aB4gSyU2tfsQvQp+7f4=,my library,Local playlist more,online-playlist,1
NwX1NaVlyw0jvfQNxLTcx9ztIUKVL/sjkccdAmMpfCA=,YJKHI4Asj1oM5vJftbISis2QYliVSExtWiWnwb7TOgo=,discover,Radio,song,1
NwX1NaVlyw0jvfQNxLTcx9ztIUKVL/sjkccdAmMpfCA=,HbqkjwnnIt6BtfmvVyXTdPHAsFCYxU74sv8+s1lfIwE=,discover,Radio,online-playlist,1
NwX1NaVlyw0jvfQNxLTcx9ztIUKVL/sjkccdAmMpfCA=,XUz4Z4wPPChz+OIwkwj7HJ8teIjW3rEMdEATM80rDxM=,discover,Local playlist more,radio,1
BqnomjS+KJtzWrGRkqLEoO3I7KapwN4B8H9in4Fsf+I=,JVwoBKjxxE9L/IpNKsSCJJIYHcxvwxOKbFnM3TLwcTQ=,explore,Discover Feature,online-playlist,0
pRHIP4XdwWx7YpREsLN4sD0gb2BUEbhKytDXlwUAO+k=,/6kgyFt1nsLDNbZh0AHM4Pb3sbp3CZ0C4DbPa4++eVE=,explore,My library,song-based-playlist,1
pRHIP4XdwWx7YpREsLN4sD0gb2BUEbhKytDXlwUAO+k=,LBFRdBacp7Ob6Ada2N7uCQ47DhiNT2KjUtwOA7oSm7I=,search,Discover Feature,local-library,0
a4aEMKA1bMIwfCarB0qN+Fjag8swMwFfXm6ri5KJvms=,qxDl7URNa8pfCbbdoMNE0cHrU1+hMSIdyqhOGvQo69M=,search,Radio,online-playlist,1
Wg1bSRX3JtJ9ElarOhpbEaV5pu9lgTeS33mARTV+Sl8=,bG9ptdK+Pb7m4ozflF/RjUqbG/uo5ipgAo1ffT8mnfU=,discover,Explore,radio,1
lq5Q5jIo2pNtn/bTBZy8e07jc4qcIhLI7PXeieo/EgI=,MtFK4NN8Kv1k/xPA3wb8SQaP/jWee52FAaC1s9NFsU4=,search,My library,song-based-playlist,1
crUeQ6DYDHHRNYmn+n5Kodfvu9ki0IdHfXHNlZEUPHs=,9zVQUtq/Uzlxk3X7BwI28CSY7FomzpmtsRc8f2bRyJE=,my library,My library,radio,1
baemFqI4x+fpHweCJQeb64jdSmOWUKkJuwK5BrgcsX0=,eqxzfyc6kVOcYTDo7GCguRsfLEplxdlJ+umjJsB8gdY=,explore,Local playlist more,local-library,0
akW+xn32y3X+ZisQokWwV8+caojTEpm3E8lV8E3yuBk=,CivTL87a654wHFVt1BEZu+cryDKO8mYRsrxpEW8oVm8=,my library,Radio,radio,1
lFQM2AQ0IIifeOgmnRDSFEuWfh7XQZm0Z+O6K696CQk=,SEXmGAIKrBLJvU2yqL7G0KUkKq81WgLwrzy/GHyPjYE=,my library,My library,online-playlist,1
tnBf+t14y3vlNshUe1XQbIWYtTBMBYmVXIMWdNVRv/o=,PWxngjBL3gt2KhdKy8MwEYTgAw/lkL9F/lqqjciktFk=,discover,Radio,online-playlist,0
5LGtbWKwKifap3ECM6HO04gPY339RM0oF7D/MfWzUxg=,x6u5YRNWfWRwBSupKIjHonX/pAAr4HtXW4ZUIh7/iPo=,search,Discover Feature,song-based-playlist,1
Z56mxjHqnR1FK1d5gkf5ARTxwZF8h0HPI+rHFGRrMHo=,F48LS/DqAt1EnPHRezspUgYaZcmiOoyOD75UFpHenEE=,discover,Local playlist more,song-based-playlist,0
a89sofbsaFkpzn8/P10elgzbXDQokPTlsKc1uqi7Zco=,Knq4ruFJI2OJlOtotwq3fuWueMlXcUeS3oxVEYlKoC4=,discover,Radio,online-playlist,1
00qmlWC3H/cjf2Ig1li5xIO0VNDRgBX0f9ilouDBEZs=,3DU6F6k6dFSdoQa2tsia5spMXFCxWh4JJdA3OxSo3rM=,explore,Radio,radio,0
YkG93vvIFdFWVWsYqT5w6t0X4uw9/RS03jqzhBzxFlc=,oAfWzsEYsibZUgmlL8NNYoO0aB4gSyU2tfsQvQp+7f4=,discover,Local playlist more,radio,1
EErUQnZWpOhxSvs3UlAQ6Jme7r+DjJyvkqhEceArwBA=,jceXeAoNeYd3hRvbWRdqCUinjutJgWRyvPezTymyvTc=,discover,Discover Feature,song-based-playlist,0
JkQacE3rvmhh65R04eDLbu+M7MCkpzmHwMGrbZo0puc=,dBblcCblxZ/fqu94pTStU055+hRvF2oiyDEq0qHIfiA=,explore,Explore,song-based-playlist,1
R2FvE4x+hefwL4evbgNGNCng13c1MkP3PHocNtU91qU=,MtFK4NN8Kv1k/xPA3wb8SQaP/jWee52FAaC1s9NFsU4=,explore,Local playlist more,online-playlist,1
rdNI0wgxmcsOgjH0akX2/zzW8qbDZc45D681Mpq45jI=,msJWKceAKkJe5FJDUUpnHBL8qS3QQUC2faxjiJrEw5w=,discover,My library,local-library,0
aMB9nC9PVKXsk/K++qMMG0in0dvk2XiUFuAnr10qiac=,4eWKqiadX4L+cYSy1VEcazqQDV1YxvYo1YHU5VR81pM=,search,Radio,local-library,1
Ty59+gs+lfVbfm1T/SDqLmbFhtkAP4Mm75uYiaKZ6kk=,eaEPf0VwQhIvfAm8xzQucpa0/OnWo18Ig1cfMIUsZ3M=,search,Discover Feature,local-library,0
+boPBM5G5+vAfbO6zTy7A2FrVQyl91aBPGHkQ6ciNYc=,zuyzUP11fbgoVp6IMfWK378GDToe59ZlK5gkf+7aKdg=,radio,Explore,song,1
H1D92jYJ3GyJWLmt3ZAE3QgxgfCCit8WTsT7+KwS+vw=,FcbwzPm3n/PP+UZAjJaKFggjPSjyZ7YyxBA7LlheYi4=,my library,Explore,song,1
x+k/zTEqdgYq6O+r1iDjKRaQnaCS5118gzBe8c12r1Y=,UksdvC4qcXmgOvmMSOPWh9sB2z7a+dT1CWlI58lq04U=,search,Radio,song-based-playlist,0
crUeQ6DYDHHRNYmn+n5Kodfvu9ki0IdHfXHNlZEUPHs=,bFbleyVHx6Nr9tHMr4OybO2i3A4FS2Be0/62K2+FSpY=,explore,Discover Feature,local-library,1
cqjRBV/jWN2ujhc+z/4tz+Mj6xEfflAAt6qBXCqxKvw=,b7yydI1iGdF/kFybrbVHHDXeI/9stzEWK1i77MLj4rU=,my library,Explore,local-library,1
cF/VJmBHwhcqdd016oPP1wXBdWSjxEHEzwlhEn4+/4A=,JgOfPnluwAsKhpdLQgbfoSHpaZ74zcWYPqhhvhmFAtY=,discover,Explore,local-library,0
E9jsIxPWhebfnR8cbqPgS+FxCt0zBSXP+72mYRFg0+U=,podlycp3c6tOEDw7q8iQBVgvFjiMpkWWXTlXljGdbTY=,radio,Discover Feature,song,1
akW+xn32y3X+ZisQokWwV8+caojTEpm3E8lV8E3yuBk=,zcieWa7/2VeVp0m0fa95RI3i6FIfNTMzVvYXm3X64Y8=,discover,My library,local-library,0
hzy7RwzEVDm4JmC0X2qLUvnoE1+2zNTEea4fOe/o6ms=,QjRlzbxmVxusW6CP2Xr8GjX3BnPitUMFBxCWxd/5AKY=,radio,Local playlist more,song,1
lq5Q5jIo2pNtn/bTBZy8e07jc4qcIhLI7PXeieo/EgI=,Wi0kjTBakpXIWBbaT++vmtjDSEo06lhfiVO4KMSF5jc=,radio,Local playlist more,song-based-playlist,1
Z56mxjHqnR1FK1d5gkf5ARTxwZF8h0HPI+rHFGRrMHo=,HRg8zzy3PcS4sBcZIFOcUL4uCqg7SurUslUQyF2op+o=,explore,Radio,local-library,1
4DlS5LiANEKlMTQD08dakyV1JWwPYI/n1wyjx4ImjPc=,CTwL9Gnx6QsaZ6+ygo/VHirN/XZKxlUJEB2VGQX8yjg=,radio,Local playlist more,song,0
H1D92jYJ3GyJWLmt3ZAE3QgxgfCCit8WTsT7+KwS+vw=,cLpXPLkgvZlNs+wbtHh2zFjvGMH61BU5fj79s+G2/PE=,explore,Explore,radio,0
HdnZZ4P0Vjxo2tgTvO1rsT/H3NkG7jvfrnCuF7TBK0A=,XVAiWjCX02nhNZ8t4bKfJOsVU51bG0YJXuOUl00tTgY=,explore,Explore,song-based-playlist,0
Mn98O4X/zceMt9nswcoq08F16ciCqhuN7lQ951MAL2o=,oTGg75yjTAP0grXmGld3EUD0b/b9u7lW2JyUX/mBiXI=,my library,Radio,online-playlist,1
uA7h005WTDJTwS1Tv1uzmWcWTpt/7x7Xx8JydbeMi2U=,o9HWMBZMeIPnYEpSuscGoORKE44sj3BYOdvGuIi0P68=,explore,Local playlist more,online-playlist,1
TO253iXvHroemKYZ23M7YL7uu6Um4zEwByNl4wcpIYs=,750RprmFfLV0bymtDH88g24pLZGVi5VpBAI300P6UOA=,radio,Discover Feature,local-library,1
Y4FvDsosFNoz4ZHIAbuwgUBSFK8qY2oE5p7V8wymc/Q=,WJyW1Eqg3hXHl2+JB/qMSAQ/3VxqSNVvPniD/ReCo2I=,explore,My library,song,0
R2FvE4x+hefwL4evbgNGNCng13c1MkP3PHocNtU91qU=,dNvkA285an/yeIMPT4VszEQlmwHsZHHSgDbDB5nEkmI=,my library,My library,song-based-playlist,1
DqwB7smOAIbNnnQbWOpfsmy9znTwfDEQCW1I6ujFG48=,GIDL+PW6bG3ZeBgOby6JNIQn82kPQ+MZjIybnyI3D6M=,search,Explore,local-library,1
crUeQ6DYDHHRNYmn+n5Kodfvu9ki0IdHfXHNlZEUPHs=,338YQI2OhQDjVCbuAJ2t0PQtzDG8KRSFdB69kiwt3CM=,explore,Local playlist more,radio,1
akW+xn32y3X+ZisQokWwV8+caojTEpm3E8lV8E3yuBk=,GIDL+PW6bG3ZeBgOby6JNIQn82kPQ+MZjIybnyI3D6M=,my library,Local playlist more,song,0
/2A361q3cuoEFZ0FoMEWj8SIVRJyPpHZQ5ni6Oud88M=,CsgH03aRehnhVifHOPXwF4mfA2yHdqK/IWpwXMm73CU=,search,Discover Feature,song,1
H1D92jYJ3GyJWLmt3ZAE3QgxgfCCit8WTsT7+KwS+vw=,3VkD5ekIf5duJm1hmYTZlXjyl0zqV8wCzuAh3uocfCg=,explore,Discover Feature,song-based-playlist,1
YQiox2a4tbRbNBaL+VfOLH8oea77HPJMPWRh8euXZqM=,IomyG8OwXU9lWvede4KdHxtUZ+eppEdusnOCDDok36g=,discover,My library,song,0
PwnWgkloewAh6nr1MpRnSm6jbrltEb328ifDj7ccDZc=,eW1d3l1sSncU4sGM69MJtIG79wnXbdy8FZKpFVElS0g=,explore,My library,song-based-playlist,0
H5DWyI7bujtol5aU1pzvLdfBAs45Ym/5jicdUlerf2s=,WRuHbl8CJbAuzUb4f/88Ly6IXif+IVVWolkp33Nm8wI=,search,My library,song-based-playlist,1
4aRFGkKzGUpqTbjojytAtRQNdx0egL02hjJhSqq0+NA=,UQeOwfhcqgEcIwp3cgNiLGW1237Qjpvqzt/asQimVp0=,radio,Explore,song-based-playlist,0
E23IyF1NtT7IeesuDuHWR6g/yMpWrq3cN3U4qTjXE0A=,9YYrODwrXpDcCjOJypHROv3f5z40y11QlmgQjmzp2vQ=,search,Local playlist more,radio,0
E9jsIxPWhebfnR8cbqPgS+FxCt0zBSXP+72mYRFg0+U=,ra6TLz6Y37OSFOqg4aCvjV7nalatCwZdQvoJRMwSNvk=,explore,Radio,radio,1
pRHIP4XdwWx7YpREsLN4sD0gb2BUEbhKytDXlwUAO+k=,XA08z3r0wdQvY3CE0lFDTd/MuAgD7b0XKZnCvo+ylKE=,search,Explore,radio,1
tnBf+t14y3vlNshUe1XQbIWYtTBMBYmVXIMWdNVRv/o=,LBFRdBacp7Ob6Ada2N7uCQ47DhiNT2KjUtwOA7oSm7I=,explore,My library,song-based-playlist,0
J/KdXo5kGQs+dRxYam3/tZlwhl7ZX+sYvvCdjg8Tqzg=,22wN6a2Q/qVQosA8OBfVg6AbwvI2KJnZ35DXLqpLHJg=,radio,Discover Feature,online-playlist,0
+3RfkckBHS0oQrrjJj7p69bdwJak+qzKq0fhFaeXUxA=,G/4+VCRLpfjQJ4SAwMDcf+W8PTw0eOBRgFvg4fHUOO8=,search,Discover Feature,song,1
b5XWI+EhZTCGoQ6YK/SLu3tmCnKh8Z7wBK6Gztm49uA=,G0rUz0kguI35yzj95LX2BXI30PqCcJJtPNfirR0BhIs=,explore,Radio,song,1
Mn98O4X/zceMt9nswcoq08F16ciCqhuN7lQ951MAL2o=,CXdtx7/QxePhjYwYFcXVv+lXjCDEGRJ9r/OC7IQXthw=,search,Discover Feature,local-library,0
aMB9nC9PVKXsk/K++qMMG0in0dvk2XiUFuAnr10qiac=,HzCFc9gU/AuYNF1ld1ZlyeCpQvVLTonc8+ZrUAidmmY=,radio,My library,radio,1
cqjRBV/jWN2ujhc+z/4tz+Mj6xEfflAAt6qBXCqxKvw=,JgOfPnluwAsKhpdLQgbfoSHpaZ74zcWYPqhhvhmFAtY=,radio,Local playlist more,local-library,0
a4aEMKA1bMIwfCarB0qN+Fjag8swMwFfXm6ri5KJvms=,YpeEDiJw4nf+dGvwJJqGWlFsbJp2cRxhmB3vioPeU0E=,radio,Radio,song,0
EBXSMA3gzTff0F01n56dHSBQR/IDWiwuw5S+ksPgTc0=,d9Flpsyq/y8CR3F213pnXUkrfK1fMClvhYH37pFSc7s=,discover,Local playlist more,radio,1
0gR6Hl63ExurTrvY9uEfmgDDgRj0nBaIse0DU199YT8=,ih58jIWgit7qPy3VpvbM6E7AIvs57ylCHMVpIl1T+Io=,radio,My library,online-playlist,1
tlFGRF/TtrSwJA9XPHL4cajWghZCbAbhzif/6wJiN6Q=,43Qm2YzsP99P5wm37B1JIhezUcQ/1CDjYlQx6rBbz2U=,explore,Radio,local-library,1
0gR6Hl63ExurTrvY9uEfmgDDgRj0nBaIse0DU199YT8=,6HofPS0v2MVFsL10yCN7dXUL+gUOnvsD35vx3HmRbdE=,explore,Radio,local-library,1
2+T8pswRgDmvZ6B4esKi3lWZyT4xqeVKmv19J0/y51w=,sgHKhG2d57U2o88razl9SyG1nuuMDf0J2BuDhzoI12Y=,discover,My library,song,1
BNSYbtaNNCYfKVig95LpQJArTEx/RN2FgivSohB8r8M=,L6w2d0w84FjTvFr+BhMfgu7dZAsGiOqUGmvvxIG3gvQ=,discover,Discover Feature,song-based-playlist,0
EErUQnZWpOhxSvs3UlAQ6Jme7r+DjJyvkqhEceArwBA=,LBnwicJLcepb/l8c68qpMRJIaUcm1UvgtKEfQwITrpI=,search,Discover Feature,online-playlist,0
O3ElkgfVd3DoJysnWAIgIPF4N3Y9LPmlm+aC5G+UXGY=,jHMqK5wu5C0txl0QCxpkSM1xbIev60ii+dc99LXu8EI=,explore,Local playlist more,song-based-playlist,1
O6cmcavFpTlX0oU/WxJrYGxLIvR22dVpHz/VJxylp8g=,4MisMKfKs26kWvzPwqJMnqqoeNfOlsfiiFswvWIQOUI=,explore,My library,radio,1
E23IyF1NtT7IeesuDuHWR6g/yMpWrq3cN3U4qTjXE0A=,KZ5hwP74wRO6kRapVIprwodtNdVD2EVD3hkZmmyXFPk=,my library,My library,online-playlist,1
o6lVTGcU8lL0OI4fOMWc21THJHoOjqxxYlYACoyTN6g=,7vGvrf5l1XzNbeLZXzQgaNvc2VBmncarpN3LQpLUZiY=,radio,My library,radio,0
1m91HsZUO53drOd2CmAT2nf4JnK4xxBfbzPNTu9pkjU=,xeyouM+hIjUtImV20of0p7SrDY4UnejP5Q/BnCHYG00=,my library,Discover Feature,song,1
YQiox2a4tbRbNBaL+VfOLH8oea77HPJMPWRh8euXZqM=,CsgH03aRehnhVifHOPXwF4mfA2yHdqK/IWpwXMm73CU=,my library,Discover Feature,song-based-playlist,1
OOETiYOFhuTowtgRUIiKommGv0eo6XUHLc1ofgwcJew=,rcPNzl8xjj74tjZDop961+ugDVJKx4mdgh7L1xJ85FI=,search,Discover Feature,radio,1
YkG93vvIFdFWVWsYqT5w6t0X4uw9/RS03jqzhBzxFlc=,GIDL+PW6bG3ZeBgOby6JNIQn82kPQ+MZjIybnyI3D6M=,my library,Local playlist more,online-playlist,1
00qmlWC3H/cjf2Ig1li5xIO0VNDRgBX0f9ilouDBEZs=,6LdT9BiGIlQ3rJped7PACqnrzstFXz8dXD6MmmsA8uI=,radio,My library,song,0
nAiRf+UmYT7ZWIOUF6Ig3D0FDVIVpSgUb+H40Vg1eQU=,EL5DbsSvhAFtMBBoOjs4aipOjC3Xj4syX/l/wlK+kdM=,search,Discover Feature,radio,1
3i0jlUKhqqUKqFsoJVgN2UcDOuri7fCiE33XUCnKHXo=,80hnDqhSe9u2uIaLvDh1tCbwryzDrsf789zgDDF+k+s=,radio,Radio,online-playlist,1
4DlS5LiANEKlMTQD08dakyV1JWwPYI/n1wyjx4ImjPc=,Ce8Mui+yVruumWy9pKMDfSRBFg1m93m/+XR8FHlktaE=,discover,Explore,radio,0
2LbejuZF550yFLDXLIBw3gd/c462BIJ+S/SOwneSXUM=,JTMsJNPcL2ambkp1Z/MeBEnFEzZEOKetdLPrJxHf7v8=,explore,My library,radio,1
OOETiYOFhuTowtgRUIiKommGv0eo6XUHLc1ofgwcJew=,9tNXaK/yKJfTcoWLRFw6HXplizDxq4bFvzs3scmesCU=,radio,My library,local-library,1
1wiu2UfN0BNhHfPTrDS3S/rQkX/vnwDoKH6ODTUdH9k=,kTfvijj0YOM4LkNBb+6RCPKakz/8NEw5y2PMdmc9bc8=,my library,Discover Feature,local-library,1
16pGH8W1JKJTrQSZDX3gQY57S3FiO4YJheGRiYbONsU=,SHV52/0W8kZcf3uJZF9+ZP3S5vu2RO4WNGhZ8qQHulU=,explore,Radio,song,1
VE8ZRudqIj9zHOSXxGg3cLOBkbykv78DwWN6IXRusWo=,ayL6eLHKSrmX4smFi1KbGMYrWI9EwsiErGjWUJ9CTrQ=,explore,Radio,local-library,0
xjA4Fs3CO4k3jQSXLFhn21zxTcYVRRRTzof3ZPn8KFg=,ra6TLz6Y37OSFOqg4aCvjV7nalatCwZdQvoJRMwSNvk=,discover,Radio,radio,1
dO8vzPwqXvOjrPWDW++gVecwTNnzesp3zW1dtRc6KEk=,Wn5ltxI7NsFk4xGFHOFXv2ajWU9HmuEgDF+xs1EJpFo=,explore,Discover Feature,song,1
uhEkft9Ht4TsUF5wBkmmZbtbaIVESVfiUnMlxHYl0HI=,IiO/4aXuzEtXpyd1A7LV2TlAdIS5Rzl3hwdtbKuNBQ4=,radio,Explore,online-playlist,1
Xbrr2Sbq8NuLG+1QZWm/Iu5P52fUTvgspCYNG8wmfPQ=,9YRkIrpN2f9PtHpeYsE03vYy9X7RpIR9XmGtxuyO5iY=,discover,Explore,online-playlist,0
5wvbHjIY9vAARXRg82rOSUqfZlHLqJN88I8W8bwsiSc=,5TKFWT9ivwAJiqRWz5apDsePXcJZ2b1RA/1gxTm6XoQ=,search,Local playlist more,song-based-playlist,0
o+5RNlSWrzvrphgBNGIo1FLkGxBgyICns6qXj3nS7Pk=,d9Flpsyq/y8CR3F213pnXUkrfK1fMClvhYH37pFSc7s=,explore,Radio,local-library,1
dU4RbzpIRRd/EkA9Xncpy9CglzDBZp7nKMfdnfr3Aj8=,B2jGIdcFp/C/jeFaJdOwrw72q0kEetFFo+fReLkd6o0=,search,My library,song,1
vSstkkQzt3KMmyvh0MGHpXpgzHO6kobAYipy6ik6HB8=,opfHqJ0Oz4KsSqM5/TqBERkLI9DFnMD0Jywzh7XSE6Y=,explore,My library,local-library,1
tiYOcOjJ0qgAJDL3hTboZye11uT8tBbNTscBDWxCWLw=,5TKFWT9ivwAJiqRWz5apDsePXcJZ2b1RA/1gxTm6XoQ=,search,Local playlist more,song-based-playlist,1
Tb5tCteFbk+G5Jyvq9SqD1eAzgZ98WR/xOCvvjkNCog=,9Xxvd9J4SpEakcmoYTvt+ekTW15btrc+DKumBSTJZU0=,my library,Radio,radio,0
s8Oce1igq03hako2pQCfeXyPVkBs77ArjdrZEQAjpbk=,UZ3dBhXYs3u2VWiwH9VQYBWnp1hi25EmxuK8JISoSZU=,search,Radio,local-library,0
sgT7F0PbR9/iCyzeSzcl//+E+fK3CeZmM1deeeJ5rZ8=,0b8M2FLEH176y/ng1rK9ftUYDYnA+1NdoCOUeuyBMtU=,discover,Radio,song,1
tlFGRF/TtrSwJA9XPHL4cajWghZCbAbhzif/6wJiN6Q=,jRzcNOC0WGSfwQmr9ZP5mxiPYxAdkGrPFGc0GvS1dOs=,radio,Radio,local-library,0
6aH1YAi5YwvZUHtpjEaMQwM0p4wP4XLrkWQSdXDF9L8=,9YRkIrpN2f9PtHpeYsE03vYy9X7RpIR9XmGtxuyO5iY=,explore,My library,online-playlist,0
O6cmcavFpTlX0oU/WxJrYGxLIvR22dVpHz/VJxylp8g=,hDaCYJApKdeZGK7HPAWppz+FfmRwNh9g1wBc/EkBfYE=,explore,Discover Feature,radio,0
UjuPJCQo/YoGVR/yJ+CocmWUk2czJE0BBKqaPpVYV64=,o9HWMBZMeIPnYEpSuscGoORKE44sj3BYOdvGuIi0P68=,discover,Explore,song,0
B4P1g6sGBILzGhelH/YKkfpkFgWfn/LgS4KgU+bEaD0=,3OvsjjGFnEouJggaSOMVUVgzrgoTRtKd97GVQlQXUWQ=,search,My library,radio,1
mGDObQQojFOJfK2rJKcme282huuk0qDxBzWL22/qYbc=,Kpyp6PVaOaQz81TH4KYB59FJiO/GVgzDVyCmiyxHTxc=,radio,Explore,song-based-playlist,0
mGDObQQojFOJfK2rJKcme282huuk0qDxBzWL22/qYbc=,n+pMhj/jpCnpiUcSDl4k3i9FJODDddEXmpE48/HczTI=,search,Discover Feature,radio,1
FG+WikEK8x1GZIB4E2keTq2SJX4bXjFjG5gkjc8qbcw=,22wN6a2Q/qVQosA8OBfVg6AbwvI2KJnZ35DXLqpLHJg=,my library,Radio,online-playlist,1
tiYOcOjJ0qgAJDL3hTboZye11uT8tBbNTscBDWxCWLw=,B2jGIdcFp/C/jeFaJdOwrw72q0kEetFFo+fReLkd6o0=,discover,Local playlist more,online-playlist,1
EBXSMA3gzTff0F01n56dHSBQR/IDWiwuw5S+ksPgTc0=,B4o9XjQJPJGGJr63sxzS4LUoQOrNhyVU1DersrYXRlI=,explore,Radio,song-based-playlist,1
OOETiYOFhuTowtgRUIiKommGv0eo6XUHLc1ofgwcJew=,kFx6IW7O34CiWxdfV61/cIjZs57ZasQBPjJQSJk2pk0=,my library,Explore,song,1
a3O5che4tB5RTo8XoApn10uQ+FpVjTNwJfNrrQyaMXk=,wJdog4OHtULqly94aQ/X2uud6ya+juDh25ay4sqoxuI=,discover,Explore,local-library,1
zYTm2T59lT+Z/hpoywdET+EGMcRhwi4rzL7WD09iRC0=,jRzcNOC0WGSfwQmr9ZP5mxiPYxAdkGrPFGc0GvS1dOs=,search,Explore,song,0
2tmUzRCcD0l3et0ck9XfxZT6gT9LM3w8gwfckVNylIU=,s84FxzZB6F3J6VOD21RuFLngqi6nMsKA4txNXn+pbK8=,search,Explore,radio,1
hYJpPvGod6vy09TnlXdQe3Q0vlxju5u5Ruf8V2XkTio=,d5ayexvXscdzmuGxENyY8Uwb4AQaxt0dEcnkAgES7xw=,my library,Local playlist more,online-playlist,1
KsjbiO2iw8TpMfu+9Bf2p8GI57Q53lsHXy1xWIMKH/E=,HbqkjwnnIt6BtfmvVyXTdPHAsFCYxU74sv8+s1lfIwE=,my library,Explore,local-library,1
E9jsIxPWhebfnR8cbqPgS+FxCt0zBSXP+72mYRFg0+U=,HsgJXv1C7iVZiP7CWwWTfsmMhia6Huc0MUccfj+D02o=,radio,Radio,song-based-playlist,0
qd03y2Hs/0xCA/dPExadbY5XQdTHOcli3h8w4KTwhZ4=,HTu0yj2OGmSKPV6I6ktmb6DnmnZY8ZSFrrzNFR/MOfQ=,radio,Explore,local-library,1
hzy7RwzEVDm4JmC0X2qLUvnoE1+2zNTEea4fOe/o6ms=,GQqErVwbH/YaifR6wl2S6prosRVHhwGO2/Aq5aIJLA8=,discover,Local playlist more,song-based-playlist,1
hOyJGmY7tciqGf1EhDj5UT86IfSSnaTHP5JWAPxYN6s=,G21dv1ZiXpa7iO6UrKktIgqRdrvx7nLjRbRHGmtzGvQ=,my library,Radio,local-library,1
OOETiYOFhuTowtgRUIiKommGv0eo6XUHLc1ofgwcJew=,EELIvnP5lcFg+W/XGvKrKj06DhzWRoowEHGGvBGlDkk=,radio,Local playlist more,radio,0
fVZedYe9G51wW8jy3Ws7FuF5IKx7zxQYWvPAfCdIRJE=,zcieWa7/2VeVp0m0fa95RI3i6FIfNTMzVvYXm3X64Y8=,search,Discover Feature,local-library,0
YQiox2a4tbRbNBaL+VfOLH8oea77HPJMPWRh8euXZqM=,rFLawM8j/vW78o/S3P2GTsmy6HwkTI15P7NF/i9CkX4=,my library,Discover Feature,radio,1
gxxBbzV3eE2XGjUrFVB2FzAve55Oe1s86HD+OEh36Gw=,/RYwZD+IL/0YEgpu71HgW9q6c2A80gr/fC/j0BmYGvo=,search,Local playlist more,song-based-playlist,0
Mn98O4X/zceMt9nswcoq08F16ciCqhuN7lQ951MAL2o=,jZVQRajq2WbbIoSiF5MSCyJKgTt7tpITHayD3PYKg88=,my library,My library,radio,1
6aH1YAi5YwvZUHtpjEaMQwM0p4wP4XLrkWQSdXDF9L8=,B2jGIdcFp/C/jeFaJdOwrw72q0kEetFFo+fReLkd6o0=,explore,Radio,radio,0
3i0jlUKhqqUKqFsoJVgN2UcDOuri7fCiE33XUCnKHXo=,c2bp6xlq7o3Pj6x95ddX67S/wGsP6qPN/8PqM1DL0a8=,my library,Discover Feature,local-library,1
IU4XmahhntFf39v7Xzd/Nk6fjzZCCpAjOU8xW2TWHGk=,R0OblQ0po9uQ3LqOiECHcoyAupHbLkslFkvX52Ukhek=,radio,Local playlist more,song-based-playlist,1
z1IXxOkXP6uCWwFJLibRkXzU7USedggSWIfGJl/HFQg=,kE+FVLsG03zTzYoGVDqTmVkoSKC9DjJwQr2puF6MkOI=,search,Explore,online-playlist,0
w4SNbHDAMuMbulkgcHGYOl/datijVua3CR5D73DylLs=,rFLawM8j/vW78o/S3P2GTsmy6HwkTI15P7NF/i9CkX4=,explore,Local playlist more,radio,1
P3tJU/DjIEbh0ucnC1KT8wojenDDSwx+blB8pFp/KeE=,vLvRGCAj8JzTLygSB20eqIL6hSTzE7gf4hyYAguZp0k=,explore,Local playlist more,song-based-playlist,1
dZNojW/n4mqxR6RSZt4CMeCnJzzxBYi6n9qQCKbghvE=,pkKADcjPLFdP9kX40L8dlmbLWkgUTqUB0LhurVLSTME=,radio,Explore,song,1
tnPUP8fJSxqSkuJZygxUzdvY2dVUyPxoKCGHmrwcKEM=,Q+minHX51E+PXPs1VxkIlW+XhmV9ANm2rchEcZ8Wt9k=,radio,Discover Feature,song,1
oqovZIlVcIUL0aIMGYtXxy3R+xJcxmJBJUXeIb+HJYA=,9uDuRF+ToaleR51vHf8IEw4NEKDJXRo/rVRV2011aSM=,explore,Discover Feature,local-library,1
tiYOcOjJ0qgAJDL3hTboZye11uT8tBbNTscBDWxCWLw=,2Y7NstzrTnCFlRel5m80hPDe9471QRU9oyqPIx1xIP0=,radio,Local playlist more,radio,1
TDHfjwkLrnoorqjTUFtlzSL47Yl1oEBpHM8k7qHrIdI=,ufjl9/oJJRQx/0JUEBaIeyE82HP0CF7Fy2LwOIiNiYY=,discover,Explore,radio,1
XkORogCcAwIoTSBptOED51tv9wXQ2WCEqGgvwqKsyU0=,yL8VeuH6lYFA4hYVGX/1HmPogBfp1Ex4ZkL5PjWy11k=,explore,Explore,local-library,0
XHJRZV5Xgcub4dNGuzRj5tVfDD1iwrtoXmdQOWtlc3U=,9tMmo3BI0ElPvI5O0DoVc4u12TzxgEdtwTadElAbc1U=,search,Discover Feature,online-playlist,1
3nWFLb+IVt1+0JcM73g0wIG2AHtyhsI5RlG7gHziOFA=,Wi0kjTBakpXIWBbaT++vmtjDSEo06lhfiVO4KMSF5jc=,my library,Discover Feature,song-based-playlist,1
HdnZZ4P0Vjxo2tgTvO1rsT/H3NkG7jvfrnCuF7TBK0A=,f8/yxXLT8/hENDkcudzHhytnOwyUKJ+/JCY7Y+L/Gsw=,search,Discover Feature,song-based-playlist,1
YYdQJgjemCT/fAv8s+CwfmgDprAQOneJ2M2SdArq9V4=,etnpvFVFCKje9Br8nB2pWWlaMRVwN6euSQc9+7ZnXR4=,explore,Explore,song-based-playlist,1
KsjbiO2iw8TpMfu+9Bf2p8GI57Q53lsHXy1xWIMKH/E=,6pe6XOKc+06NhkgrFitOb/EKMj910AlS34LdhP510LE=,explore,Discover Feature,song-based-playlist,0
rEVqJ3NIxC9LSUZYOj1ft5VSAvFo3AxNu2k36hKKtWc=,w4Zku7HxtkAKl/BB8H81ZfWOXwnnmVbZBvFZeRPuRUU=,search,Explore,song-based-playlist,1
n7V1D5AuwLykWxCzsU1eNPSyxVbrSXs6IXiWF2zN0gY=,sgHKhG2d57U2o88razl9SyG1nuuMDf0J2BuDhzoI12Y=,search,Explore,local-library,0
E23IyF1NtT7IeesuDuHWR6g/yMpWrq3cN3U4qTjXE0A=,p/yR06j/RQ2J6yGCFL0K+1R06OeG+eXcwxRgOHDo/Tk=,search,Explore,song-based-playlist,0
08sWvzS2VVyKAVQRi6z4gxGxRQ0YQM0BXsXdVEKuzSQ=,wJdog4OHtULqly94aQ/X2uud6ya+juDh25ay4sqoxuI=,explore,Discover Feature,song,1
uCDJmSDTzA5PpnYGqKvNmFbwBIoS3jIXFbO5YfoCv/Y=,cwzdOoAlwP2AgUSgePv+UwafMqm7v7gJeFARD3rw7gA=,search,Discover Feature,song-based-playlist,0
x+k/zTEqdgYq6O+r1iDjKRaQnaCS5118gzBe8c12r1Y=,g9qhCRIaFUnq4Z9HJcFQWHWRstWhK4NoB2sRPoD9iuc=,my library,Radio,song,1
Tb5tCteFbk+G5Jyvq9SqD1eAzgZ98WR/xOCvvjkNCog=,nW7czLK5LBcCT/uAo+03SyWAbaEEaSnXI5uxhC7QiBM=,search,My library,local-library,1
tNvUsQwOJX5OgGsBBN9to3vI+DoUc6S1BFgNXUaYoo0=,ufjl9/oJJRQx/0JUEBaIeyE82HP0CF7Fy2LwOIiNiYY=,search,Discover Feature,radio,1
MXIMDXO0j3UpaT7FvOSGW6Y5zfhlh+xYjTqGoUdMzEE=,DH9SXL888u6VtOCkF/nqFbmtHlEkYgh9atVYPHfSfo4=,my library,Explore,song,1
AEZNdJt0QGYpBlT97tdnNaNHW5SqpgJb70TFmeZBYbg=,fvFw8C8/hBGjtRs+4+bPpo6Ytw9YG0pLOwWJf3YAVhY=,explore,Explore,local-library,0
cqjRBV/jWN2ujhc+z/4tz+Mj6xEfflAAt6qBXCqxKvw=,5Qh7YI03x2cbQFFv/e+faYhVpFAzjvnuE3YXkx2KgsQ=,search,Radio,radio,1
EBXSMA3gzTff0F01n56dHSBQR/IDWiwuw5S+ksPgTc0=,ZcKgNis1AP1LA0sdtIddrtk7P04iiJzJrXvwXdT/X3Q=,my library,Radio,song,1
SZ5NNypqaTWljFO1HiVZwkw3713+rM9x/JNdJd8/fzc=,u67UjhgKuy5EciXXCkJvpAYxT+l8agXUqFuD5Hs3STc=,my library,My library,radio,0
Ty59+gs+lfVbfm1T/SDqLmbFhtkAP4Mm75uYiaKZ6kk=,yCNGVHLlA+gdUm0RfeIm1xAYXFugchHvED5JVerYSWM=,radio,Discover Feature,song,1
2+T8pswRgDmvZ6B4esKi3lWZyT4xqeVKmv19J0/y51w=,n+pMhj/jpCnpiUcSDl4k3i9FJODDddEXmpE48/HczTI=,search,Local playlist more,local-library,0
LThaiVqGGnVTPmTcmwN/LLo4fVb5dzkduzd7s1SgzIA=,J9EcIEDOoNbdN2ku4SGtIp0pmg/k+NRWLOZIra16DUk=,discover,Local playlist more,online-playlist,1
JoGt+PgRGKHAhTQnaRqQygBWdDwGE6gdPbeGiGP4/Lc=,gvHR5iZ5GWVYZBMTQFo/k0LB3Hh2RDUNhDgOCzICosE=,search,My library,song-based-playlist,1
rRUTKZAVxGBh5XRUk+Lk/b/gHcAOsbk1hiQiEfubDh4=,Ru7n8Xw2s8LGDsgDhyzWqCWQRWQW9KNPY9qMOFAf5x0=,my library,Radio,radio,0
mGDObQQojFOJfK2rJKcme282huuk0qDxBzWL22/qYbc=,q5/Vwifgv0SGdEIyiMU2F0pIXkeCIW3w2xB8n4iMoS0=,discover,Explore,local-library,0
aMB9nC9PVKXsk/K++qMMG0in0dvk2XiUFuAnr10qiac=,VqOqrfMxAOMwJpyfUSyWuPmHpMtSuzvrCvHgahApvDU=,explore,Local playlist more,local-library,0
R2FvE4x+hefwL4evbgNGNCng13c1MkP3PHocNtU91qU=,r5BnHxvuPlLjwr4MHf3dF3yUY+NVS6rHrkVG7wVZ1uE=,my library,Explore,radio,1
+3RfkckBHS0oQrrjJj7p69bdwJak+qzKq0fhFaeXUxA=,43Qm2YzsP99P5wm37B1JIhezUcQ/1CDjYlQx6rBbz2U=,radio,Explore,song-based-playlist,1
uCDJmSDTzA5PpnYGqKvNmFbwBIoS3jIXFbO5YfoCv/Y=,1PR/lVwL4VeYcZjexwBJ2NOSTfgh8JoVxWCunnbJO/8=,my library,Explore,local-library,1
nAiRf+UmYT7ZWIOUF6Ig3D0FDVIVpSgUb+H40Vg1eQU=,4brTUuIjK24sVlWzSLLL33b3JbwhNVfaDo7vvBt9FCQ=,discover,My library,local-library,0
HdnZZ4P0Vjxo2tgTvO1rsT/H3NkG7jvfrnCuF7TBK0A=,QZBm8SOwnEjNfCpgsKBBGPMGET6y6XaQgnJiirspW7I=,my library,Local playlist more,online-playlist,1
KsjbiO2iw8TpMfu+9Bf2p8GI57Q53lsHXy1xWIMKH/E=,1GI0GC3w9c0tDD2s0qP15DxrLUs9JX9XW6fKbY0rBZ8=,explore,My library,online-playlist,0
WRwcfUKwDVQ46cylDQ1Tf8ayTojVYeh/00m0ubVNxQo=,KxxFN09YQwSN0eAJSUf2xa5ZKjyZmX3nIVKM+zKxq6Q=,explore,My library,local-library,0
7xiBI5xU3P2/IiR9teB7jySfzWo96JGikGajteLd3Cs=,9W/H8tPBKQ7VWmBctuQ6RabciYdr1l+/kg1YPDcPOlU=,radio,Explore,online-playlist,1
5wvbHjIY9vAARXRg82rOSUqfZlHLqJN88I8W8bwsiSc=,e/upMhPFcXl3Rxq0Us1abr0FcThlZOeqKJhBobmltBU=,search,Radio,song,1
BqnomjS+KJtzWrGRkqLEoO3I7KapwN4B8H9in4Fsf+I=,/vRMwxfCQC55cFGMLtxZlAqhDFW/aPQMGdkRnykeWyc=,discover,Discover Feature,song-based-playlist,1
0gR6Hl63ExurTrvY9uEfmgDDgRj0nBaIse0DU199YT8=,o0kFgae9QtnYgRkVPqLJwa05zIhRlUjfF7O1tDw0ZDU=,radio,Radio,online-playlist,1
f2c4l3mhW4SmXKRP+OfPUdbQ4U8afe+gqcX9Dmh03Xs=,Bh52i4Qxauj9DCtTLH9CeKZgB59FIP2NofIbc6Dh0Xw=,my library,Discover Feature,song,0
R2FvE4x+hefwL4evbgNGNCng13c1MkP3PHocNtU91qU=,reXuGcEWDDCnL0K3Th//3DFG4S1ACSpJMzA+CFipo1g=,explore,Explore,song-based-playlist,0
V8pNUizcKwTRuSQAtzXJBAJ7B8cyf0EegXkljvIvFqo=,JP0GJixHOHSNDsjKiQY2ttQKbDmWSk35JMMfPtR06BM=,radio,Radio,local-library,1
JoGt+PgRGKHAhTQnaRqQygBWdDwGE6gdPbeGiGP4/Lc=,/vRMwxfCQC55cFGMLtxZlAqhDFW/aPQMGdkRnykeWyc=,explore,My library,song-based-playlist,0
XHJRZV5Xgcub4dNGuzRj5tVfDD1iwrtoXmdQOWtlc3U=,IKMFuL0f5Y8c63Hg9BXkeNJjE0z8yf3gMt/tOxF4QNE=,radio,Explore,local-library,1
LR9NLKme+aT6uoW3R5XlLu9gq7LQG6tt+bJTEPpcrGg=,BgqjNqzsyCpEGvxyUmktvHC8WO5+FQO/pQTaZ4broMU=,my library,Radio,song,1
4abUL+lw0T5WFbdgeEyj8UHqyYxA7Exgw2tWiDJVSwY=,un97bVjGL490RQbl8kr/58qbzkeuFBGMnXFRst9RArs=,discover,Discover Feature,song,0
Mn98O4X/zceMt9nswcoq08F16ciCqhuN7lQ951MAL2o=,Ru7n8Xw2s8LGDsgDhyzWqCWQRWQW9KNPY9qMOFAf5x0=,radio,My library,song-based-playlist,1
vBNHobQRQsofef7+9NZk4C6Y6T2PBXSGXUbn6c8UOcg=,M0vkEMBlcbeVSWQQx/6FtXbJ57IiCw27TW8/vmSayk8=,search,Local playlist more,radio,1
FG+WikEK8x1GZIB4E2keTq2SJX4bXjFjG5gkjc8qbcw=,J9EcIEDOoNbdN2ku4SGtIp0pmg/k+NRWLOZIra16DUk=,my library,Explore,song,1
R2FvE4x+hefwL4evbgNGNCng13c1MkP3PHocNtU91qU=,TIwOs7iFTKo3Cy2yiNReYYcZc1JyAx+0k08+z97k1dA=,radio,Radio,local-library,1
+Y+wTRRkZ0QA3bV4+7nwu8qlN5Kb7ygMhqvB5L929YI=,3VkD5ekIf5duJm1hmYTZlXjyl0zqV8wCzuAh3uocfCg=,discover,My library,radio,0
a89sofbsaFkpzn8/P10elgzbXDQokPTlsKc1uqi7Zco=,+SstqMwhQPBQFTPBhLKPT642IiBDXzZFwlzsLl4cGXo=,explore,Discover Feature,song-based-playlist,1
XkORogCcAwIoTSBptOED51tv9wXQ2WCEqGgvwqKsyU0=,wp1gSQ4LlMEF6bzvEaJl8VdHlAj/EJMTJ0ASrXeddbo=,explore,Discover Feature,local-library,1
8ncKS6kWM+oSslEfrPcRMcHq5VVQqBcbWoQ0FHlDgPA=,yciKx3VagNk6RuCqe0KbTbwl+cWXKVYWAeI8UFe9Dfw=,radio,Discover Feature,local-library,0
Xbrr2Sbq8NuLG+1QZWm/Iu5P52fUTvgspCYNG8wmfPQ=,8OsXpp32oqorzAN4NNkVouaV0I81ddPLZ8DxMRAGJdQ=,explore,Local playlist more,song,1
8tSgHKzljg7TyPLYrU9L7CgHIdShVvyV/d6PccMRzhw=,GIDL+PW6bG3ZeBgOby6JNIQn82kPQ+MZjIybnyI3D6M=,radio,Local playlist more,radio,1
tnPUP8fJSxqSkuJZygxUzdvY2dVUyPxoKCGHmrwcKEM=,+Sm75wnBf/sjm/QMUAFx8N+Ae04kWCXGlgH50tTeM6c=,explore,My library,radio,1
Bljj9o7B1zgL0RIpZef1SlSigiTIMr0mDPv7aUyzuXo=,skehue/d/R59G71dXYpntDwdjRRPlweN3JE8g40TgZU=,radio,My library,online-playlist,1
wIeuCRmznzwE6bVrKuo2QRfkztVfQVEYMNaugLCPTS4=,gG3/58uZyyOwaPT+eGWL81mwCzcDPW2EmwYcjWmvJSs=,explore,Discover Feature,local-library,1
T+FJrpYi77CWTUE5nO/vliojRaTPgt2bRUQHy5lhXrQ=,bTlSHgnwaBMIKHseTFHanJ3Zr4x82ybrGkexpnxDhTY=,my library,Local playlist more,song,1
UvM0IMLJ11PTOjdjhqapNQmHcbttfsiyv5+dtIR2IK0=,yPA+sQt5tJ3NgR6/L9BefmNpA2152zQQ+/Kvtt3iSUs=,discover,My library,online-playlist,1
hzy7RwzEVDm4JmC0X2qLUvnoE1+2zNTEea4fOe/o6ms=,ih58jIWgit7qPy3VpvbM6E7AIvs57ylCHMVpIl1T+Io=,radio,Radio,song,1
Mue3orxlJaHmK07bXWDrchFW1f/Or6TLVfMwx9fO9aA=,i356q8t0P9emMJq8PsFkY6CGoi34mP3cgXuDpfEDyhY=,discover,Explore,radio,0
LThaiVqGGnVTPmTcmwN/LLo4fVb5dzkduzd7s1SgzIA=,5TKFWT9ivwAJiqRWz5apDsePXcJZ2b1RA/1gxTm6XoQ=,search,Discover Feature,online-playlist,0
Y4FvDsosFNoz4ZHIAbuwgUBSFK8qY2oE5p7V8wymc/Q=,UZ3dBhXYs3u2VWiwH9VQYBWnp1hi25EmxuK8JISoSZU=,search,Discover Feature,online-playlist,1
2tmUzRCcD0l3et0ck9XfxZT6gT9LM3w8gwfckVNylIU=,M0vkEMBlcbeVSWQQx/6FtXbJ57IiCw27TW8/vmSayk8=,my library,Explore,song,0
YkG93vvIFdFWVWsYqT5w6t0X4uw9/RS03jqzhBzxFlc=,Y87wssIvAzfpJA1z7WGawlIQl7mNFDWzmKS/FlLtLA8=,search,Local playlist more,online-playlist,0
A6DJoTdyfFVxhngH62vlscx6pJsakhdeNs2vDEVTfH0=,OE6pqPyTUHX2LrFokqXrAVv6VkRGadC8XQ8CZZpaa3g=,search,Explore,song-based-playlist,0
NwX1NaVlyw0jvfQNxLTcx9ztIUKVL/sjkccdAmMpfCA=,BgqjNqzsyCpEGvxyUmktvHC8WO5+FQO/pQTaZ4broMU=,discover,Discover Feature,radio,0
gxxBbzV3eE2XGjUrFVB2FzAve55Oe1s86HD+OEh36Gw=,wBTWuHbjdjxnG1lQcbqnK4FddV24rUhuyrYLd9c/hmk=,radio,Explore,song-based-playlist,1
wv0o115CdKSsFlsV7VvHikjyxLG0LFc5qALhM8xkUZ4=,W4gOC3iBXV97C05qyVDGIKAJg76BJcrzWPnLwkKK6kQ=,explore,Explore,radio,1
7xiBI5xU3P2/IiR9teB7jySfzWo96JGikGajteLd3Cs=,fvFw8C8/hBGjtRs+4+bPpo6Ytw9YG0pLOwWJf3YAVhY=,search,Local playlist more,radio,0
EZmIP7zKgqKwpEHnuDjRIkzCmcLNlHn4hkiglZ5LxK8=,v/3onppBGoSpGsWb8iaCIO8eX5+iacbH5a4ZUhT7N54=,search,Discover Feature,radio,1
MXIMDXO0j3UpaT7FvOSGW6Y5zfhlh+xYjTqGoUdMzEE=,VkDBgh89umc9m6uAEfD6LXngetyGhln4vh/ArCGO0nY=,search,My library,radio,0
YU6fAgCFgPkaJ1YSW2838KzGTxmBCfgousTO8jwuHYM=,cR+VrCdZkNm/QM0WjQQip9AnOrT/auRDZboM1KpevS4=,my library,Local playlist more,radio,0
/mmecbnAd2Jrji3aonisktBko1/o+F68GqpV8X4gHiI=,WRuHbl8CJbAuzUb4f/88Ly6IXif+IVVWolkp33Nm8wI=,discover,Explore,song-based-playlist,1
TO253iXvHroemKYZ23M7YL7uu6Um4zEwByNl4wcpIYs=,nW60n6qAGoytY/yX4w0r1IT462C9Xs/ZxbV6MLDSpUk=,discover,Radio,song,1
UjuPJCQo/YoGVR/yJ+CocmWUk2czJE0BBKqaPpVYV64=,l71bGvOgjZIJQHa+E1GW7L5QWYSliCUKy+Hg3SmxzOE=,discover,My library,local-library,0
LThaiVqGGnVTPmTcmwN/LLo4fVb5dzkduzd7s1SgzIA=,msy6vSQ15p6RVJfm/bSgcDwd3YSLp445Pdhzw6CEZRM=,search,Discover Feature,local-library,1
SZ5NNypqaTWljFO1HiVZwkw3713+rM9x/JNdJd8/fzc=,7Xxzo9Z584Z1AhkaLLWEcpzcEuxcquGE52Ztc4879YI=,my library,Discover Feature,local-library,0
vSstkkQzt3KMmyvh0MGHpXpgzHO6kobAYipy6ik6HB8=,5Qh7YI03x2cbQFFv/e+faYhVpFAzjvnuE3YXkx2KgsQ=,explore,Discover Feature,song,0
tNvUsQwOJX5OgGsBBN9to3vI+DoUc6S1BFgNXUaYoo0=,zuyzUP11fbgoVp6IMfWK378GDToe59ZlK5gkf+7aKdg=,my library,Local playlist more,online-playlist,1
a89sofbsaFkpzn8/P10elgzbXDQokPTlsKc1uqi7Zco=,cVHsClcaUfj3ZPoqihH1Rd6ZSaDpa6UbdMDcyx8FfVU=,discover,Explore,online-playlist,1
4abUL+lw0T5WFbdgeEyj8UHqyYxA7Exgw2tWiDJVSwY=,BxDBwZ9N4vb18iY72TA2T1VROqz00TpBvOVeefkm9KM=,my library,Explore,song-based-playlist,1
P+Sxa9gtP8P8IQcpPGbwWmEFdrF16hTrtfXyfa5aGoI=,XUz4Z4wPPChz+OIwkwj7HJ8teIjW3rEMdEATM80rDxM=,my library,Local playlist more,local-library,0
Xbrr2Sbq8NuLG+1QZWm/Iu5P52fUTvgspCYNG8wmfPQ=,9zVQUtq/Uzlxk3X7BwI28CSY7FomzpmtsRc8f2bRyJE=,radio,Local playlist more,local-library,1
hYJpPvGod6vy09TnlXdQe3Q0vlxju5u5Ruf8V2XkTio=,cQI8Uzy06tt/XJ59vDlifTQTl2qOiTFBkf5yVCUNoyg=,discover,Discover Feature,local-library,1
mDJCU+fKu/mbdk9l4SmPYiJwpeMyK44o9wmG1X3735A=,5Qh7YI03x2cbQFFv/e+faYhVpFAzjvnuE3YXkx2KgsQ=,search,Discover Feature,online-playlist,1
gxxBbzV3eE2XGjUrFVB2FzAve55Oe1s86HD+OEh36Gw=,IKMFuL0f5Y8c63Hg9BXkeNJjE0z8yf3gMt/tOxF4QNE=,discover,My library,local-library,1
dO8vzPwqXvOjrPWDW++gVecwTNnzesp3zW1dtRc6KEk=,bTlSHgnwaBMIKHseTFHanJ3Zr4x82ybrGkexpnxDhTY=,my library,Radio,song,1
wIeuCRmznzwE6bVrKuo2QRfkztVfQVEYMNaugLCPTS4=,0PSoBhrpfwF09qQKvTiItwZNPjOuyL0uoTazKevG8ls=,explore,Radio,song,1
4abUL+lw0T5WFbdgeEyj8UHqyYxA7Exgw2tWiDJVSwY=,U9kojfZSKaiWOW94PKh1Riyv/zUWxmBRmv0XInQWLGw=,radio,Radio,local-library,1
n7V1D5AuwLykWxCzsU1eNPSyxVbrSXs6IXiWF2zN0gY=,z8xAhD/t0v/wUKZ8Rz0Pwojr5psdmUQn3/eu0Yw11zQ=,radio,Local playlist more,radio,1
cF/VJmBHwhcqdd016oPP1wXBdWSjxEHEzwlhEn4+/4A=,Wi0kjTBakpXIWBbaT++vmtjDSEo06lhfiVO4KMSF5jc=,discover,Radio,online-playlist,0
tiYOcOjJ0qgAJDL3hTboZye11uT8tBbNTscBDWxCWLw=,AyU+NHMfkl3i4KQlaVcu2Y5w4JS+yMgNapvCrDuQtmY=,my library,Radio,local-library,0
VE8ZRudqIj9zHOSXxGg3cLOBkbykv78DwWN6IXRusWo=,++QfzyM/LiFaCuvkDFK/wJe13ZEMgTgAaVCcolo7nnY=,my library,Radio,radio,0
OOUnJuX4SteRhUdJZ9B2DqtfiwsfcZVBefEhXLeBsFg=,5Qh7YI03x2cbQFFv/e+faYhVpFAzjvnuE3YXkx2KgsQ=,my library,Discover Feature,song,1
TxneOykZ/MOIbQmA/aJ4EUQUIR9r+Egt6TNQu0WgwpA=,Hl6EBpUuCKh8k8Mzao5hml03O4q0syx+7atSC3vEvok=,discover,Discover Feature,online-playlist,1
KsjbiO2iw8TpMfu+9Bf2p8GI57Q53lsHXy1xWIMKH/E=,yLoN4bFNhNb3LXZ4EdnptePHtj3Ztmrw/p13qGn3GTw=,discover,Local playlist more,song,1
FG+WikEK8x1GZIB4E2keTq2SJX4bXjFjG5gkjc8qbcw=,3OvsjjGFnEouJggaSOMVUVgzrgoTRtKd97GVQlQXUWQ=,my library,Local playlist more,song-based-playlist,1
baemFqI4x+fpHweCJQeb64jdSmOWUKkJuwK5BrgcsX0=,Ce8Mui+yVruumWy9pKMDfSRBFg1m93m/+XR8FHlktaE=,explore,Radio,local-library,1
wobMEyGx2iCkFu27/HPRJIky3S8tO/rS8Rr+tsvEe0k=,AJQOsWR+d8TYfx8K3IngAs9/GSQE5ujDqBx/8PYm6zo=,my library,Explore,local-library,1
3i0jlUKhqqUKqFsoJVgN2UcDOuri7fCiE33XUCnKHXo=,NDtiB0N12yjIn9D9reqXF8NPPCq6vMNhOwd9A/c3qd8=,discover,Radio,online-playlist,1
00qmlWC3H/cjf2Ig1li5xIO0VNDRgBX0f9ilouDBEZs=,6pe6XOKc+06NhkgrFitOb/EKMj910AlS34LdhP510LE=,radio,Radio,song-based-playlist,1
Y4FvDsosFNoz4ZHIAbuwgUBSFK8qY2oE5p7V8wymc/Q=,48PnLVsKQXwlRoNr7779QyZxweYBbpX9z3E1YZm2F/A=,discover,Radio,local-library,0
xEeMEDdDCvfLGt6eoayVgVh48nLdPvEm1XzwzY6lT58=,d9Flpsyq/y8CR3F213pnXUkrfK1fMClvhYH37pFSc7s=,radio,Discover Feature,radio,1
Wg1bSRX3JtJ9ElarOhpbEaV5pu9lgTeS33mARTV+Sl8=,0PSoBhrpfwF09qQKvTiItwZNPjOuyL0uoTazKevG8ls=,search,Explore,radio,1
08sWvzS2VVyKAVQRi6z4gxGxRQ0YQM0BXsXdVEKuzSQ=,4eWKqiadX4L+cYSy1VEcazqQDV1YxvYo1YHU5VR81pM=,explore,Explore,local-library,1
cF/VJmBHwhcqdd016oPP1wXBdWSjxEHEzwlhEn4+/4A=,IgMar/mVrJQ+ODFPytDf7jwQMmR09+slyZUdVylRFLc=,discover,My library,local-library,1
xEeMEDdDCvfLGt6eoayVgVh48nLdPvEm1XzwzY6lT58=,XlkjAJe0dfNZGVXs98X/tteFpStvXboU0MegqWJt36U=,discover,My library,local-library,1
XkORogCcAwIoTSBptOED51tv9wXQ2WCEqGgvwqKsyU0=,TbrfWJpl81E4alsi2+b84oeUu+b5S/8n9yFlZDriNYs=,explore,Local playlist more,local-library,1
nAiRf+UmYT7ZWIOUF6Ig3D0FDVIVpSgUb+H40Vg1eQU=,w4Zku7HxtkAKl/BB8H81ZfWOXwnnmVbZBvFZeRPuRUU=,discover,Discover Feature,radio,1
YkG93vvIFdFWVWsYqT5w6t0X4uw9/RS03jqzhBzxFlc=,XlkjAJe0dfNZGVXs98X/tteFpStvXboU0MegqWJt36U=,search,Local playlist more,song-based-playlist,1
5wvbHjIY9vAARXRg82rOSUqfZlHLqJN88I8W8bwsiSc=,gG3/58uZyyOwaPT+eGWL81mwCzcDPW2EmwYcjWmvJSs=,search,My library,online-playlist,0
lfK5QUAaa28niDIyQ2oGkSntvSe7G5EmQ1N6nvnE8lY=,plcKSDtGLCbnZbKxbsASN8Lz+EtSEkRW5WJ8eA8UA8g=,search,Local playlist more,online-playlist,1
1wiu2UfN0BNhHfPTrDS3S/rQkX/vnwDoKH6ODTUdH9k=,YJKHI4Asj1oM5vJftbISis2QYliVSExtWiWnwb7TOgo=,search,Explore,online-playlist,1
EErUQnZWpOhxSvs3UlAQ6Jme7r+DjJyvkqhEceArwBA=,cR+VrCdZkNm/QM0WjQQip9AnOrT/auRDZboM1KpevS4=,my library,Local playlist more,song-based-playlist,1
WRwcfUKwDVQ46cylDQ1Tf8ayTojVYeh/00m0ubVNxQo=,Y2CFnBr/mdTuaxOu3vKcbuUBE0UmhAIx+Pkgazp+j4c=,explore,My library,song-based-playlist,0
8Pvl/iQSa1A4J/op1WLFoj9PGFv5WHjDas6efapYoss=,/6kgyFt1nsLDNbZh0AHM4Pb3sbp3CZ0C4DbPa4++eVE=,my library,Local playlist more,song,0
xEeMEDdDCvfLGt6eoayVgVh48nLdPvEm1XzwzY6lT58=,a4TbK5V15pj3YZUOGa9h2U3t0OsE+3aiFw41mNlcgcw=,explore,Radio,radio,0
lq5Q5jIo2pNtn/bTBZy8e07jc4qcIhLI7PXeieo/EgI=,HTu0yj2OGmSKPV6I6ktmb6DnmnZY8ZSFrrzNFR/MOfQ=,search,Explore,local-library,1
mGDObQQojFOJfK2rJKcme282huuk0qDxBzWL22/qYbc=,OakhL7CLirelAGEP9sYyP6fmTa8HV1mD/qVdpM6o5uE=,my library,My library,song-based-playlist,1
3yBpYWqEybBPazsqB5NIhrXKCFe1Djn5orPBvxz9ArE=,JgOfPnluwAsKhpdLQgbfoSHpaZ74zcWYPqhhvhmFAtY=,explore,Radio,local-library,0
YU6fAgCFgPkaJ1YSW2838KzGTxmBCfgousTO8jwuHYM=,Bmj+IwjGGnbUyQ02jJpz5K+2vmxCOKfBqVd7ypu6OLo=,radio,Explore,local-library,1
vSstkkQzt3KMmyvh0MGHpXpgzHO6kobAYipy6ik6HB8=,TbrfWJpl81E4alsi2+b84oeUu+b5S/8n9yFlZDriNYs=,explore,Explore,song,0
HdnZZ4P0Vjxo2tgTvO1rsT/H3NkG7jvfrnCuF7TBK0A=,pkKADcjPLFdP9kX40L8dlmbLWkgUTqUB0LhurVLSTME=,explore,Discover Feature,local-library,1
cNssc+2L1Fx77CzASou28E9qfWeJjQKZtfoADkl/xkQ=,kFx6IW7O34CiWxdfV61/cIjZs57ZasQBPjJQSJk2pk0=,explore,Explore,local-library,1
HdnZZ4P0Vjxo2tgTvO1rsT/H3NkG7jvfrnCuF7TBK0A=,3W6VBSN09a/Vh9w1Fwmdus4H4xxmde/yu0RBgMcTtZM=,discover,Discover Feature,radio,1
OOUnJuX4SteRhUdJZ9B2DqtfiwsfcZVBefEhXLeBsFg=,WLWYK2ULyKhj/FAWvhEOVQuDlZmsmTkKscwahrXsoBM=,discover,My library,local-library,1
4abUL+lw0T5WFbdgeEyj8UHqyYxA7Exgw2tWiDJVSwY=,cwzdOoAlwP2AgUSgePv+UwafMqm7v7gJeFARD3rw7gA=,my library,Discover Feature,online-playlist,1
JkQacE3rvmhh65R04eDLbu+M7MCkpzmHwMGrbZo0puc=,kHpEHXKwwG+dwmOR2NnvrXwsE24vqD7n40tcNQE/niQ=,search,My library,song,0
+boPBM5G5+vAfbO6zTy7A2FrVQyl91aBPGHkQ6ciNYc=,35dx60z4m4+Lg+qIS0l2A8vspbthqnpTylWUu51jW+4=,explore,Local playlist more,local-library,1
O6cmcavFpTlX0oU/WxJrYGxLIvR22dVpHz/VJxylp8g=,vkagi2Lrvjx/FxLWE6FHZFoDoOaSWI052fEQCwouDUs=,radio,Radio,song,0
AEZNdJt0QGYpBlT97tdnNaNHW5SqpgJb70TFmeZBYbg=,x+wwBWqNXLShElFWaLs1ahI15dN4cl4ShC1/Wm4PsH4=,explore,Explore,local-library,1
TO253iXvHroemKYZ23M7YL7uu6Um4zEwByNl4wcpIYs=,UQeOwfhcqgEcIwp3cgNiLGW1237Qjpvqzt/asQimVp0=,explore,Explore,song,0
6aH1YAi5YwvZUHtpjEaMQwM0p4wP4XLrkWQSdXDF9L8=,fCCmIa0Y5m+MCGbQga31MOLTIqi7ddgXvkjFPmfslGw=,discover,Explore,local-library,0
AXKTVBbdr2/z7m5WL1IXzlriNbun8B+7wM41MsWCYDw=,qiF4WAvKyVZZIBi4oSntG2GrHa1+p3oMaiZBXUpeDT8=,my library,Local playlist more,song,0
tNvUsQwOJX5OgGsBBN9to3vI+DoUc6S1BFgNXUaYoo0=,h6SYWHqaMPtbHyqeNQGtCRfq7GAH4+9hrauUwd5z2VA=,radio,Explore,song,1
HdnZZ4P0Vjxo2tgTvO1rsT/H3NkG7jvfrnCuF7TBK0A=,DRWs2zLgDBAqLqyHsNZVPyiBed+Iutm+qsoWqvo6dkA=,explore,Discover Feature,song,0
yBXKYfcmQ+TtIEvkLQXabAY2uwudIGn21dEZYAwCDCg=,+LztcJcPEEwsikk6+K5udm06XJQMzR4+lzavKLUyE0k=,my library,Radio,online-playlist,1
Mue3orxlJaHmK07bXWDrchFW1f/Or6TLVfMwx9fO9aA=,W4gOC3iBXV97C05qyVDGIKAJg76BJcrzWPnLwkKK6kQ=,my library,My library,online-playlist,0
FG+WikEK8x1GZIB4E2keTq2SJX4bXjFjG5gkjc8qbcw=,wfSboJwFBF6YyVmGO0wCeRtMdrqwkOgwPHV+YmSUl5Y=,explore,Discover Feature,song-based-playlist,0
qljEWgpUDxIw7Lpc9mpZSYjpH+RmsE3T6s0x852lzRY=,2xoPPf/RyHAxRqSSP41itnzRofW3noLzFLGfmvREFQQ=,radio,My library,song,1
hzy7RwzEVDm4JmC0X2qLUvnoE1+2zNTEea4fOe/o6ms=,DT35ri8FZuj7PGLxW/PhK5lt+CFVV85jDqPrBz6kixc=,my library,Explore,local-library,1
tnBf+t14y3vlNshUe1XQbIWYtTBMBYmVXIMWdNVRv/o=,IIPVkO6EB8ymcuxkuxkum1N5gowLdTzy9sYF9luyhVk=,discover,Discover Feature,local-library,0
aMB9nC9PVKXsk/K++qMMG0in0dvk2XiUFuAnr10qiac=,rcPNzl8xjj74tjZDop961+ugDVJKx4mdgh7L1xJ85FI=,my library,Local playlist more,online-playlist,0
SWoa4UvhuutHxhcRAxlfTc6Jr1j5tGw9cp3Kiq+ayKM=,J3iRhTSYqG12XgzsbOSJYdIFWZ39JaYoP3XSWM/pcHM=,explore,My library,song,0
uQ6LOBwmu7lIjv+wFaq5+M4IcAZEha2J0uyDB6Y8aqY=,41aDNLPNdJ8PZdNo46uAPDJ4yFTKrPYY1jeM4CucBGs=,radio,Discover Feature,online-playlist,0
tiYOcOjJ0qgAJDL3hTboZye11uT8tBbNTscBDWxCWLw=,SKRQpz3EM5UIxT2LCGzK5k0aYg4QtyHWtr0L/EK6By8=,explore,Explore,song-based-playlist,1
a3O5che4tB5RTo8XoApn10uQ+FpVjTNwJfNrrQyaMXk=,wJdog4OHtULqly94aQ/X2uud6ya+juDh25ay4sqoxuI=,search,Radio,radio,1
qd03y2Hs/0xCA/dPExadbY5XQdTHOcli3h8w4KTwhZ4=,eW1d3l1sSncU4sGM69MJtIG79wnXbdy8FZKpFVElS0g=,radio,Explore,song-based-playlist,1
tnPUP8fJSxqSkuJZygxUzdvY2dVUyPxoKCGHmrwcKEM=,8qWeDv6RTv+hYJxW94e7n6HBzHPGPEZW9FuGhj6pPhQ=,discover,Discover Feature,song-based-playlist,1
WtuOpsYQ8St9zt7yySdryqDUCxeT4/v2rLRA7+lsahQ=,o9HWMBZMeIPnYEpSuscGoORKE44sj3BYOdvGuIi0P68=,my library,Local playlist more,radio,1
16pGH8W1JKJTrQSZDX3gQY57S3FiO4YJheGRiYbONsU=,yLoN4bFNhNb3LXZ4EdnptePHtj3Ztmrw/p13qGn3GTw=,search,My library,song-based-playlist,0
zYTm2T59lT+Z/hpoywdET+EGMcRhwi4rzL7WD09iRC0=,hme5eV1flIR0iLiRc0XRKQHssHaz7palP92OutFelak=,explore,Radio,radio,0
OOETiYOFhuTowtgRUIiKommGv0eo6XUHLc1ofgwcJew=,7dUiqNIuyM+aDRJEw3+ZSYydeZGAQ1AAI0eOd0Nzh8c=,radio,My library,local-library,0
qn0aqqC8dcshYsmcFmFYJtebwjMp6kLr8yanC5QC79o=,uaU3VI7KA2xoQkGkSC4NNOMFmHL9R85kdR7eyY5Pc9M=,radio,Discover Feature,online-playlist,0
gNqpBxDbTlhvjHhGUzkOXI7uwdcMfsUjThCFibPphkQ=,KZ5hwP74wRO6kRapVIprwodtNdVD2EVD3hkZmmyXFPk=,radio,Radio,radio,1
o+5RNlSWrzvrphgBNGIo1FLkGxBgyICns6qXj3nS7Pk=,Z+mhovcYbExPp66GnBecKttDRM5S5YCAw9vzJACsQAU=,discover,My library,song-based-playlist,0
UvM0IMLJ11PTOjdjhqapNQmHcbttfsiyv5+dtIR2IK0=,l71bGvOgjZIJQHa+E1GW7L5QWYSliCUKy+Hg3SmxzOE=,explore,My library,song-based-playlist,1
a89sofbsaFkpzn8/P10elgzbXDQokPTlsKc1uqi7Zco=,VkDBgh89umc9m6uAEfD6LXngetyGhln4vh/ArCGO0nY=,explore,Radio,local-library,1
n7V1D5AuwLykWxCzsU1eNPSyxVbrSXs6IXiWF2zN0gY=,cwzdOoAlwP2AgUSgePv+UwafMqm7v7gJeFARD3rw7gA=,explore,My library,local-library,1
EDSn8rAs8qjUvqhhFG5diTbaVbJi8qkoKXeMzf2JGVQ=,B+lDDFfdRD9WVY2vdfJX3DXLlKohkLJC+mxE+Hfnh/o=,search,Explore,radio,1
ZIThPCdbFdxx0T+qKaAnQprzkTcoMTJL66Of3nlFGLA=,G/4+VCRLpfjQJ4SAwMDcf+W8PTw0eOBRgFvg4fHUOO8=,discover,Local playlist more,radio,1
pJxMd9PL/N7CdwTwKu3YqiqYSRAJHuejlrTonaPfPfU=,zHqZ07gn+YvF36FWzv9+y8KiCMhYhdAUS+vSIKY3UZY=,my library,Local playlist more,song,1
XkORogCcAwIoTSBptOED51tv9wXQ2WCEqGgvwqKsyU0=,Gew5+s/HwCSjQ6bX7/dZ0pXS6TB4ccOrOYcQg7FWDZI=,search,Local playlist more,online-playlist,1
nAiRf+UmYT7ZWIOUF6Ig3D0FDVIVpSgUb+H40Vg1eQU=,750RprmFfLV0bymtDH88g24pLZGVi5VpBAI300P6UOA=,search,My library,song-based-playlist,0
hYJpPvGod6vy09TnlXdQe3Q0vlxju5u5Ruf8V2XkTio=,7vGvrf5l1XzNbeLZXzQgaNvc2VBmncarpN3LQpLUZiY=,radio,My library,radio,0
A6DJoTdyfFVxhngH62vlscx6pJsakhdeNs2vDEVTfH0=,B4o9XjQJPJGGJr63sxzS4LUoQOrNhyVU1DersrYXRlI=,search,Discover Feature,online-playlist,0
frZtrrN1Y2ZqZX3VFiq7FpAvLth3kZJNovT9cmyn2O4=,Z2Y3t/lsoBgA/2HAfy3UP+QWfdckt9BK2u6n8xwqkng=,my library,Local playlist more,radio,1
hOyJGmY7tciqGf1EhDj5UT86IfSSnaTHP5JWAPxYN6s=,nW60n6qAGoytY/yX4w0r1IT462C9Xs/ZxbV6MLDSpUk=,radio,Discover Feature,song-based-playlist,1
B4P1g6sGBILzGhelH/YKkfpkFgWfn/LgS4KgU+bEaD0=,y/rsZ9DC7FwK5F2PK2D5mj+aOBUJAjuu3dZ14NgE0vM=,my library,Local playlist more,online-playlist,1
pJxMd9PL/N7CdwTwKu3YqiqYSRAJHuejlrTonaPfPfU=,Z+mhovcYbExPp66GnBecKttDRM5S5YCAw9vzJACsQAU=,discover,Local playlist more,radio,0
/2A361q3cuoEFZ0FoMEWj8SIVRJyPpHZQ5ni6Oud88M=,/70HjygVDhHsKBoV8mmsBg/WduSgs4+Zg6GfzhUQbdk=,discover,Explore,song-based-playlist,1
qd03y2Hs/0xCA/dPExadbY5XQdTHOcli3h8w4KTwhZ4=,ih58jIWgit7qPy3VpvbM6E7AIvs57ylCHMVpIl1T+Io=,search,Radio,local-library,1
saNgxsUQwx4IXBRgFF0w3uJN6KzvQBEv3dI7dDaz97g=,oAfWzsEYsibZUgmlL8NNYoO0aB4gSyU2tfsQvQp+7f4=,discover,Explore,radio,0
OOETiYOFhuTowtgRUIiKommGv0eo6XUHLc1ofgwcJew=,aliCzBpL9zzI8nFr83ElP3cL4bdEPejIRtT7HY09fEs=,explore,Discover Feature,song,1
vBNHobQRQsofef7+9NZk4C6Y6T2PBXSGXUbn6c8UOcg=,Ce8Mui+yVruumWy9pKMDfSRBFg1m93m/+XR8FHlktaE=,radio,Explore,song-based-playlist,1
00qmlWC3H/cjf2Ig1li5xIO0VNDRgBX0f9ilouDBEZs=,pCf4HI+z4rQsY9FF79m+Sojnl207qtHqtOWU2VFW1ZE=,my library,My library,local-library,1
3yBpYWqEybBPazsqB5NIhrXKCFe1Djn5orPBvxz9ArE=,Bmj+IwjGGnbUyQ02jJpz5K+2vmxCOKfBqVd7ypu6OLo=,my library,Discover Feature,song,1
UTAElx4+rSh2QViTKHQhC40cphX7ZIYafAOMJOJCshY=,jFUlstiDM/0JBpQz1N1Mr1uJj0H8kiQsJjfbnx45gHs=,search,Local playlist more,song-based-playlist,1
ZIThPCdbFdxx0T+qKaAnQprzkTcoMTJL66Of3nlFGLA=,rqNd52MxQ+okfR61j2c7u36DLODO4d2Zt/hMm3jxncM=,radio,Local playlist more,online-playlist,1
xQp8uu2ljPWqokw6Eg+4TCB/GUC/EZwFMcapcleGiDw=,WL4ipO3Mx9pxd4FMs69ha6o9541+fLeOow67Qkrfnro=,search,Radio,song,0
lSkUSnCm60kDLdEsnAVp6jwr2HkyIhDCEZLX82djjHg=,oAfWzsEYsibZUgmlL8NNYoO0aB4gSyU2tfsQvQp+7f4=,radio,Discover Feature,radio,0
YYdQJgjemCT/fAv8s+CwfmgDprAQOneJ2M2SdArq9V4=,jWx64JroBecZQXiaNU1toeSiTyhqdtsj38JTLS2TEhQ=,search,Discover Feature,song,1
NzxFYmHEK32NaephTO2QGtxiR93Cf7U/Tp6jkoY25WE=,JA6C0GEK1sSCVbHyqtruH/ARD1NKolYrw7HXy6EVNAc=,radio,Local playlist more,online-playlist,1
xEeMEDdDCvfLGt6eoayVgVh48nLdPvEm1XzwzY6lT58=,9Xxvd9J4SpEakcmoYTvt+ekTW15btrc+DKumBSTJZU0=,my library,Discover Feature,local-library,1
w4SNbHDAMuMbulkgcHGYOl/datijVua3CR5D73DylLs=,eKCra1VJtznUJW/pya0TCpqHRxHxdQ51S3fspJmR2gs=,search,My library,song-based-playlist,1
s8Oce1igq03hako2pQCfeXyPVkBs77ArjdrZEQAjpbk=,8f/T4ohROj1wa25YHMItOW2/wJhRXZM0+T5/2p86COc=,search,Explore,online-playlist,1
MxCUQ6tAD7LU1yR0gwRck91ZKE88gY8kD/rX9Hi9srQ=,6LdT9BiGIlQ3rJped7PACqnrzstFXz8dXD6MmmsA8uI=,discover,Local playlist more,local-library,1
cNssc+2L1Fx77CzASou28E9qfWeJjQKZtfoADkl/xkQ=,THqGcrzQyUhBn1NI/+Iptc1vKtxBIEg0uA8iaoJnO1Q=,search,Discover Feature,song-based-playlist,1
H/MB+uttGlGIMr7qru4HYG4dVbh0e1mBuoryBOKz/RU=,cR+VrCdZkNm/QM0WjQQip9AnOrT/auRDZboM1KpevS4=,radio,My library,song-based-playlist,1
tiYOcOjJ0qgAJDL3hTboZye11uT8tBbNTscBDWxCWLw=,EELIvnP5lcFg+W/XGvKrKj06DhzWRoowEHGGvBGlDkk=,search,Local playlist more,song,1
lSkUSnCm60kDLdEsnAVp6jwr2HkyIhDCEZLX82djjHg=,VkDBgh89umc9m6uAEfD6LXngetyGhln4vh/ArCGO0nY=,radio,Discover Feature,radio,0
2yBzq7nUBV99ankkp7O46elZikHVB5BvqHcr2Lzetlc=,y/rsZ9DC7FwK5F2PK2D5mj+aOBUJAjuu3dZ14NgE0vM=,search,Explore,online-playlist,1
SyBjgDUF6aV+1d17oV4XPDBkJLU//LAOwWdYh4DAUiU=,LFxbY1lvAdJXl0Pa/SRc0GrBc6js3NobwKR2qsm1T/o=,explore,Discover Feature,song,1
b5XWI+EhZTCGoQ6YK/SLu3tmCnKh8Z7wBK6Gztm49uA=,TIwOs7iFTKo3Cy2yiNReYYcZc1JyAx+0k08+z97k1dA=,discover,Discover Feature,song,1
gxxBbzV3eE2XGjUrFVB2FzAve55Oe1s86HD+OEh36Gw=,S9Ceoq7vRyE9wVvIyi8dWYZ+9bN3W/hP8i6nFTM8y70=,discover,My library,radio,1
4DlS5LiANEKlMTQD08dakyV1JWwPYI/n1wyjx4ImjPc=,CXdtx7/QxePhjYwYFcXVv+lXjCDEGRJ9r/OC7IQXthw=,explore,Local playlist more,song,1
MXIMDXO0j3UpaT7FvOSGW6Y5zfhlh+xYjTqGoUdMzEE=,podlycp3c6tOEDw7q8iQBVgvFjiMpkWWXTlXljGdbTY=,explore,Radio,radio,1
o+5RNlSWrzvrphgBNGIo1FLkGxBgyICns6qXj3nS7Pk=,0b8M2FLEH176y/ng1rK9ftUYDYnA+1NdoCOUeuyBMtU=,my library,Explore,song-based-playlist,1
bEJvXhD1XWK8qi0Lhydk9nt30hOTCkxG0a70s9ZeCEk=,YN4T/yvvXtYrBVN8KTnieiQohHL3T9fnzUkbLWcgLro=,discover,My library,song,1
PC0HTwpYB4UtDaA1s7qlkmktEzeiz57VXvIJijk6ChQ=,7vGvrf5l1XzNbeLZXzQgaNvc2VBmncarpN3LQpLUZiY=,discover,My library,online-playlist,0
Bljj9o7B1zgL0RIpZef1SlSigiTIMr0mDPv7aUyzuXo=,ra6TLz6Y37OSFOqg4aCvjV7nalatCwZdQvoJRMwSNvk=,my library,My library,song,1
UjuPJCQo/YoGVR/yJ+CocmWUk2czJE0BBKqaPpVYV64=,GAWjH9Uns87Q1pcQTJZo+PaiJIsUj3DEWjtGqyMUZm4=,radio,Radio,online-playlist,1
8Pvl/iQSa1A4J/op1WLFoj9PGFv5WHjDas6efapYoss=,sgHKhG2d57U2o88razl9SyG1nuuMDf0J2BuDhzoI12Y=,discover,My library,online-playlist,1
rGbXmjKDOsBV9n2LJEPtx4GcJS00c7Bs9ZFo6icxVJM=,5myS1WHBGGzoGGXLLGo/tIuHzWsyp0Ez0NoLWKdkA9Y=,my library,My library,song-based-playlist,1
V39VxDdE9SgMQZnX58oQChm9W056pw2lC3TiifMfkKw=,80hnDqhSe9u2uIaLvDh1tCbwryzDrsf789zgDDF+k+s=,radio,My library,radio,1
sgT7F0PbR9/iCyzeSzcl//+E+fK3CeZmM1deeeJ5rZ8=,27vpOctGRDxfm4nJsYUfvNaoL8ayuXiYAYUH4H1mfJk=,radio,Local playlist more,local-library,1
Bljj9o7B1zgL0RIpZef1SlSigiTIMr0mDPv7aUyzuXo=,fDBtAj8rHHCQGeSsDEeT0WA3gSp6p7g3z71981gFuQA=,discover,My library,online-playlist,1
LThaiVqGGnVTPmTcmwN/LLo4fVb5dzkduzd7s1SgzIA=,0PSoBhrpfwF09qQKvTiItwZNPjOuyL0uoTazKevG8ls=,radio,Radio,song-based-playlist,0
TxvdtN1Ehq4kbgU5J7lw+ik6Pc0NZjnQKARPiCCf0fk=,DKGm2awf1TsLWeXqpDfVVQf5M2qPmcxI9Dwxz+45Qqs=,discover,My library,song,1
XHJRZV5Xgcub4dNGuzRj5tVfDD1iwrtoXmdQOWtlc3U=,IhNTvk4edMSv0PCLIS6Ry23aEYtKEA/KwbJNi1OV84A=,explore,My library,song-based-playlist,1
P3tJU/DjIEbh0ucnC1KT8wojenDDSwx+blB8pFp/KeE=,7dUiqNIuyM+aDRJEw3+ZSYydeZGAQ1AAI0eOd0Nzh8c=,explore,Discover Feature,radio,0
b5XWI+EhZTCGoQ6YK/SLu3tmCnKh8Z7wBK6Gztm49uA=,kE+FVLsG03zTzYoGVDqTmVkoSKC9DjJwQr2puF6MkOI=,search,Local playlist more,local-library,0
Mn98O4X/zceMt9nswcoq08F16ciCqhuN7lQ951MAL2o=,XlkjAJe0dfNZGVXs98X/tteFpStvXboU0MegqWJt36U=,discover,Discover Feature,local-library,1
WtuOpsYQ8St9zt7yySdryqDUCxeT4/v2rLRA7+lsahQ=,NO3PiEzofJglKjD8+biTGWkEVRDfE799y8c9wQS1XWo=,radio,Discover Feature,local-library,0
4tuTIArXO3WO8/zS9y2CC34ywEfChjAKUchlKW00DMM=,TIwOs7iFTKo3Cy2yiNReYYcZc1JyAx+0k08+z97k1dA=,search,Explore,song,1
P+Sxa9gtP8P8IQcpPGbwWmEFdrF16hTrtfXyfa5aGoI=,aliCzBpL9zzI8nFr83ElP3cL4bdEPejIRtT7HY09fEs=,search,Local playlist more,song,0
1wiu2UfN0BNhHfPTrDS3S/rQkX/vnwDoKH6ODTUdH9k=,LFxbY1lvAdJXl0Pa/SRc0GrBc6js3NobwKR2qsm1T/o=,explore,Local playlist more,radio,1
WtuOpsYQ8St9zt7yySdryqDUCxeT4/v2rLRA7+lsahQ=,yciKx3VagNk6RuCqe0KbTbwl+cWXKVYWAeI8UFe9Dfw=,discover,Radio,song,1
3i0jlUKhqqUKqFsoJVgN2UcDOuri7fCiE33XUCnKHXo=,IKMFuL0f5Y8c63Hg9BXkeNJjE0z8yf3gMt/tOxF4QNE=,explore,My library,radio,1
nAiRf+UmYT7ZWIOUF6Ig3D0FDVIVpSgUb+H40Vg1eQU=,CXdtx7/QxePhjYwYFcXVv+lXjCDEGRJ9r/OC7IQXthw=,radio,Local playlist more,song,1
ocQB699RoI5sBlRUfv8tu++vqupI35/95l3U507jdpw=,ZcKgNis1AP1LA0sdtIddrtk7P04iiJzJrXvwXdT/X3Q=,discover,Explore,song,1
16fsOt7imefLSFsV7mWoP1AL+bpjP1NuWzQ5QP9tj8k=,9zVQUtq/Uzlxk3X7BwI28CSY7FomzpmtsRc8f2bRyJE=,radio,My library,radio,1
SyBjgDUF6aV+1d17oV4XPDBkJLU//LAOwWdYh4DAUiU=,Sb2AlcokNNB8/NfoJjK+C/N5lmET1mY6HAd781MxQy0=,explore,Explore,song,1
hYJpPvGod6vy09TnlXdQe3Q0vlxju5u5Ruf8V2XkTio=,AJQOsWR+d8TYfx8K3IngAs9/GSQE5ujDqBx/8PYm6zo=,radio,Radio,online-playlist,0
bEJvXhD1XWK8qi0Lhydk9nt30hOTCkxG0a70s9ZeCEk=,WL4ipO3Mx9pxd4FMs69ha6o9541+fLeOow67Qkrfnro=,radio,My library,song,1
Bljj9o7B1zgL0RIpZef1SlSigiTIMr0mDPv7aUyzuXo=,9Xxvd9J4SpEakcmoYTvt+ekTW15btrc+DKumBSTJZU0=,my library,My library,song-based-playlist,0
LThaiVqGGnVTPmTcmwN/LLo4fVb5dzkduzd7s1SgzIA=,e/upMhPFcXl3Rxq0Us1abr0FcThlZOeqKJhBobmltBU=,radio,Explore,online-playlist,1
lfK5QUAaa28niDIyQ2oGkSntvSe7G5EmQ1N6nvnE8lY=,SEXmGAIKrBLJvU2yqL7G0KUkKq81WgLwrzy/GHyPjYE=,search,My library,song,1
WRwcfUKwDVQ46cylDQ1Tf8ayTojVYeh/00m0ubVNxQo=,un97bVjGL490RQbl8kr/58qbzkeuFBGMnXFRst9RArs=,explore,Radio,local-library,1
UTAElx4+rSh2QViTKHQhC40cphX7ZIYafAOMJOJCshY=,cwzdOoAlwP2AgUSgePv+UwafMqm7v7gJeFARD3rw7gA=,my library,Discover Feature,online-playlist,1
KsjbiO2iw8TpMfu+9Bf2p8GI57Q53lsHXy1xWIMKH/E=,jZVQRajq2WbbIoSiF5MSCyJKgTt7tpITHayD3PYKg88=,radio,Discover Feature,song,0
MxCUQ6tAD7LU1yR0gwRck91ZKE88gY8kD/rX9Hi9srQ=,+CvzJ0dbjOAypszTDhMrSjJJQYNbEiDrSod3wwcOA1k=,search,Local playlist more,online-playlist,1
HdnZZ4P0Vjxo2tgTvO1rsT/H3NkG7jvfrnCuF7TBK0A=,++QfzyM/LiFaCuvkDFK/wJe13ZEMgTgAaVCcolo7nnY=,my library,Explore,online-playlist,1
jL7ukei/Kb4gDCfTG4+VhV4TzLaDecjji/aW+GqWvac=,yCNGVHLlA+gdUm0RfeIm1xAYXFugchHvED5JVerYSWM=,explore,My library,online-playlist,1
s8Oce1igq03hako2pQCfeXyPVkBs77ArjdrZEQAjpbk=,eaEPf0VwQhIvfAm8xzQucpa0/OnWo18Ig1cfMIUsZ3M=,search,Local playlist more,local-library,0
tNvUsQwOJX5OgGsBBN9to3vI+DoUc6S1BFgNXUaYoo0=,nwSpTQoTbubQRzCAjsWTemzjG0B36aa5Dqpi2py8jsU=,search,Radio,song,1
dO8vzPwqXvOjrPWDW++gVecwTNnzesp3zW1dtRc6KEk=,qHD46j2HpNipwKHtoE0035AIr+FAdNYaSi1VNT3gACk=,my library,Explore,local-library,1
qljEWgpUDxIw7Lpc9mpZSYjpH+RmsE3T6s0x852lzRY=,gffrcQ9mFCfCwM4Gx7ArXpR8J749p3tfh/tM0chIODo=,discover,Explore,online-playlist,1
R2FvE4x+hefwL4evbgNGNCng13c1MkP3PHocNtU91qU=,HbqkjwnnIt6BtfmvVyXTdPHAsFCYxU74sv8+s1lfIwE=,explore,Discover Feature,online-playlist,0
P+Sxa9gtP8P8IQcpPGbwWmEFdrF16hTrtfXyfa5aGoI=,x+wwBWqNXLShElFWaLs1ahI15dN4cl4ShC1/Wm4PsH4=,my library,Explore,song-based-playlist,0
4DlS5LiANEKlMTQD08dakyV1JWwPYI/n1wyjx4ImjPc=,4MisMKfKs26kWvzPwqJMnqqoeNfOlsfiiFswvWIQOUI=,radio,Explore,song-based-playlist,1
E23IyF1NtT7IeesuDuHWR6g/yMpWrq3cN3U4qTjXE0A=,+CvzJ0dbjOAypszTDhMrSjJJQYNbEiDrSod3wwcOA1k=,radio,My library,local-library,1
4tuTIArXO3WO8/zS9y2CC34ywEfChjAKUchlKW00DMM=,VqOqrfMxAOMwJpyfUSyWuPmHpMtSuzvrCvHgahApvDU=,search,Explore,local-library,1
OyELWVNKZMJtqg+BFArzAokp8bn+pGhBWbCZaxyLIus=,JP0GJixHOHSNDsjKiQY2ttQKbDmWSk35JMMfPtR06BM=,discover,Explore,song,1
QDvq4xn7ZSBkamVnc8nL672oxKVqcR2zdgRGQf0giXs=,Y87wssIvAzfpJA1z7WGawlIQl7mNFDWzmKS/FlLtLA8=,my library,Explore,online-playlist,1
P+Sxa9gtP8P8IQcpPGbwWmEFdrF16hTrtfXyfa5aGoI=,etnpvFVFCKje9Br8nB2pWWlaMRVwN6euSQc9+7ZnXR4=,radio,Local playlist more,song,0
saNgxsUQwx4IXBRgFF0w3uJN6KzvQBEv3dI7dDaz97g=,KcQ4assZxaXsdizqxGjUSAY7CNc6+6hQzpVsjnWsShQ=,search,My library,song-based-playlist,1
p9Lk74DKfVohPHjTvzHSVQ3lRaqW2ofcBolP45FJgiQ=,Hl6EBpUuCKh8k8Mzao5hml03O4q0syx+7atSC3vEvok=,discover,Radio,local-library,0
Z56mxjHqnR1FK1d5gkf5ARTxwZF8h0HPI+rHFGRrMHo=,01dMXfqYr3EWV8V4ccmHMNy45+7YG8TBmGJ4IVWOduc=,search,Discover Feature,song-based-playlist,1
vBNHobQRQsofef7+9NZk4C6Y6T2PBXSGXUbn6c8UOcg=,qxDl7URNa8pfCbbdoMNE0cHrU1+hMSIdyqhOGvQo69M=,discover,Radio,local-library,1
WRwcfUKwDVQ46cylDQ1Tf8ayTojVYeh/00m0ubVNxQo=,43Qm2YzsP99P5wm37B1JIhezUcQ/1CDjYlQx6rBbz2U=,discover,Explore,online-playlist,1
8ncKS6kWM+oSslEfrPcRMcHq5VVQqBcbWoQ0FHlDgPA=,LFxbY1lvAdJXl0Pa/SRc0GrBc6js3NobwKR2qsm1T/o=,search,Radio,radio,0
38LUs5mVWNKfyjL7ilf9JCnWZLjnno2obLXr69JJKcw=,ux6db2W4f9nhapYVkSg81Uzhxnw0vf44cFWHSd2EuJo=,radio,Discover Feature,song-based-playlist,0
SZ5NNypqaTWljFO1HiVZwkw3713+rM9x/JNdJd8/fzc=,DKGm2awf1TsLWeXqpDfVVQf5M2qPmcxI9Dwxz+45Qqs=,search,My library,radio,0
p9Lk74DKfVohPHjTvzHSVQ3lRaqW2ofcBolP45FJgiQ=,CivTL87a654wHFVt1BEZu+cryDKO8mYRsrxpEW8oVm8=,radio,Radio,local-library,1
O6cmcavFpTlX0oU/WxJrYGxLIvR22dVpHz/VJxylp8g=,XA08z3r0wdQvY3CE0lFDTd/MuAgD7b0XKZnCvo+ylKE=,radio,Discover Feature,online-playlist,1
LThaiVqGGnVTPmTcmwN/LLo4fVb5dzkduzd7s1SgzIA=,x0AQuGp6SHvaD/fLkk+6JzAp6zOUgd30Tx4oL3YBz5Y=,my library,My library,song,0
xEeMEDdDCvfLGt6eoayVgVh48nLdPvEm1XzwzY6lT58=,zuyzUP11fbgoVp6IMfWK378GDToe59ZlK5gkf+7aKdg=,my library,Discover Feature,radio,1
2+T8pswRgDmvZ6B4esKi3lWZyT4xqeVKmv19J0/y51w=,SHV52/0W8kZcf3uJZF9+ZP3S5vu2RO4WNGhZ8qQHulU=,my library,Radio,local-library,1
7xiBI5xU3P2/IiR9teB7jySfzWo96JGikGajteLd3Cs=,sgHKhG2d57U2o88razl9SyG1nuuMDf0J2BuDhzoI12Y=,explore,My library,radio,1
mGDObQQojFOJfK2rJKcme282huuk0qDxBzWL22/qYbc=,6LdT9BiGIlQ3rJped7PACqnrzstFXz8dXD6MmmsA8uI=,search,Radio,radio,0
O3ElkgfVd3DoJysnWAIgIPF4N3Y9LPmlm+aC5G+UXGY=,Hl6EBpUuCKh8k8Mzao5hml03O4q0syx+7atSC3vEvok=,explore,Radio,local-library,1
qd03y2Hs/0xCA/dPExadbY5XQdTHOcli3h8w4KTwhZ4=,8Kn45Wt6j2eOQSYFai72rdxvmy6rXFGXCcbi92hzOAY=,radio,Explore,online-playlist,1
2LbejuZF550yFLDXLIBw3gd/c462BIJ+S/SOwneSXUM=,M9rAajz4dYuRhZ7jLvf9RRayVA3os61X/XXHEuW4giA=,radio,Local playlist more,song-based-playlist,1
FaH6rl69OOVwbsO30jjdjVXD9wJO8pcVZS6LGy5zTJM=,B+lDDFfdRD9WVY2vdfJX3DXLlKohkLJC+mxE+Hfnh/o=,my library,My library,song,1
ocQB699RoI5sBlRUfv8tu++vqupI35/95l3U507jdpw=,hDaCYJApKdeZGK7HPAWppz+FfmRwNh9g1wBc/EkBfYE=,radio,Discover Feature,local-library,0
TO253iXvHroemKYZ23M7YL7uu6Um4zEwByNl4wcpIYs=,VkDBgh89umc9m6uAEfD6LXngetyGhln4vh/ArCGO0nY=,discover,Explore,local-library,1
lq5Q5jIo2pNtn/bTBZy8e07jc4qcIhLI7PXeieo/EgI=,RxCEvZAXgnh1ZDlQBuVb/J9xpnopFSJBaBxLqGZIXSs=,explore,Discover Feature,online-playlist,1
xEeMEDdDCvfLGt6eoayVgVh48nLdPvEm1XzwzY6lT58=,+SstqMwhQPBQFTPBhLKPT642IiBDXzZFwlzsLl4cGXo=,my library,Radio,radio,1
UTAElx4+rSh2QViTKHQhC40cphX7ZIYafAOMJOJCshY=,nW7czLK5LBcCT/uAo+03SyWAbaEEaSnXI5uxhC7QiBM=,explore,Explore,radio,0
VE8ZRudqIj9zHOSXxGg3cLOBkbykv78DwWN6IXRusWo=,limwLMOy3/jAQ5dOa3x7k/eJmA1ARXel99C337h+E34=,search,Local playlist more,song,1
FrYc5vaJMygJR0CjtIqrigWOlEKURefFwGKvr0BlbMI=,G21dv1ZiXpa7iO6UrKktIgqRdrvx7nLjRbRHGmtzGvQ=,search,Local playlist more,local-library,1
OyELWVNKZMJtqg+BFArzAokp8bn+pGhBWbCZaxyLIus=,VRv9apZlj7gcyYq1zz2eZsYOnpnoNg+e4GG0b0b0Glo=,radio,Explore,local-library,1
T+FJrpYi77CWTUE5nO/vliojRaTPgt2bRUQHy5lhXrQ=,wH3O5bbWPKwaed4dTZHBx//gQ5BzAjdnyaHM8hozEiY=,explore,My library,song,1
EBXSMA3gzTff0F01n56dHSBQR/IDWiwuw5S+ksPgTc0=,41aDNLPNdJ8PZdNo46uAPDJ4yFTKrPYY1jeM4CucBGs=,discover,Radio,song-based-playlist,0
H1D92jYJ3GyJWLmt3ZAE3QgxgfCCit8WTsT7+KwS+vw=,3Yz717mUtR+r4L0zzgDgWnYeFtY9g68ZjKlq1U72KNw=,radio,Local playlist more,local-library,1
OOUnJuX4SteRhUdJZ9B2DqtfiwsfcZVBefEhXLeBsFg=,31Tp9mUO5cVc8fEd67bI5GTrfev3MiXPUokaum1m3K8=,search,Radio,online-playlist,1
WRwcfUKwDVQ46cylDQ1Tf8ayTojVYeh/00m0ubVNxQo=,22wN6a2Q/qVQosA8OBfVg6AbwvI2KJnZ35DXLqpLHJg=,my library,Discover Feature,song,0
E9jsIxPWhebfnR8cbqPgS+FxCt0zBSXP+72mYRFg0+U=,IhNTvk4edMSv0PCLIS6Ry23aEYtKEA/KwbJNi1OV84A=,search,Radio,local-library,1
JkQacE3rvmhh65R04eDLbu+M7MCkpzmHwMGrbZo0puc=,RiJp0d9j7dfyZ/pyUPtWLXiVp77iitN5lUQTR6qjEOg=,search,Discover Feature,song-based-playlist,0
R2FvE4x+hefwL4evbgNGNCng13c1MkP3PHocNtU91qU=,MwZaD94L4Wl4APdJSVQF5JPt+xH6hb2KtWpFsjwYUlo=,my library,Discover Feature,online-playlist,1
TxvdtN1Ehq4kbgU5J7lw+ik6Pc0NZjnQKARPiCCf0fk=,Ru7n8Xw2s8LGDsgDhyzWqCWQRWQW9KNPY9qMOFAf5x0=,explore,Discover Feature,radio,0
zYTm2T59lT+Z/hpoywdET+EGMcRhwi4rzL7WD09iRC0=,bFbleyVHx6Nr9tHMr4OybO2i3A4FS2Be0/62K2+FSpY=,discover,Explore,online-playlist,0
YU6fAgCFgPkaJ1YSW2838KzGTxmBCfgousTO8jwuHYM=,VdVi5NKMJeRDsz4+3xvrpu66FNVTcQ4G26TXoUxW8bU=,radio,Radio,song,0
3nWFLb+IVt1+0JcM73g0wIG2AHtyhsI5RlG7gHziOFA=,Wn5ltxI7NsFk4xGFHOFXv2ajWU9HmuEgDF+xs1EJpFo=,my library,Explore,local-library,1
Mue3orxlJaHmK07bXWDrchFW1f/Or6TLVfMwx9fO9aA=,AJQOsWR+d8TYfx8K3IngAs9/GSQE5ujDqBx/8PYm6zo=,discover,My library,local-library,1
4aRFGkKzGUpqTbjojytAtRQNdx0egL02hjJhSqq0+NA=,Ru7n8Xw2s8LGDsgDhyzWqCWQRWQW9KNPY9qMOFAf5x0=,discover,Local playlist more,radio,0
J/KdXo5kGQs+dRxYam3/tZlwhl7ZX+sYvvCdjg8Tqzg=,rFLawM8j/vW78o/S3P2GTsmy6HwkTI15P7NF/i9CkX4=,search,Discover Feature,song-based-playlist,1
V39VxDdE9SgMQZnX58oQChm9W056pw2lC3TiifMfkKw=,eqxzfyc6kVOcYTDo7GCguRsfLEplxdlJ+umjJsB8gdY=,explore,Local playlist more,song,1
8ncKS6kWM+oSslEfrPcRMcHq5VVQqBcbWoQ0FHlDgPA=,GAWjH9Uns87Q1pcQTJZo+PaiJIsUj3DEWjtGqyMUZm4=,explore,Explore,song,1
aMB9nC9PVKXsk/K++qMMG0in0dvk2XiUFuAnr10qiac=,bFbleyVHx6Nr9tHMr4OybO2i3A4FS2Be0/62K2+FSpY=,radio,Explore,radio,0
Y4FvDsosFNoz4ZHIAbuwgUBSFK8qY2oE5p7V8wymc/Q=,XlkjAJe0dfNZGVXs98X/tteFpStvXboU0MegqWJt36U=,explore,Local playlist more,local-library,0
E3yiQ2d5+KiGkm622V73IRgukx9qXPYJIpG6xWF/lF4=,/SfOXDLarv4WeXEX6g9GfKgd1R+BnBG2+k/vanWU5FA=,search,My library,radio,1
A6DJoTdyfFVxhngH62vlscx6pJsakhdeNs2vDEVTfH0=,J4qKkLIoW7aYACuTupHLAPZYmRp08en1AEux+GSUzdw=,radio,Local playlist more,song-based-playlist,1
8tSgHKzljg7TyPLYrU9L7CgHIdShVvyV/d6PccMRzhw=,dKsoBHe5cVhyQSU8CimXs4ysaAky4RNgBwIafHaLkik=,explore,Explore,song,0
OOETiYOFhuTowtgRUIiKommGv0eo6XUHLc1ofgwcJew=,kge3dyGXCTqgUbHpFPB0x8gy+cPAamtArhr4sghdRH0=,explore,My library,song,0
9wwJC2y3YDYTilHnM+uYnPS7GCxV625Hs4VZ7sc6OKY=,XVAiWjCX02nhNZ8t4bKfJOsVU51bG0YJXuOUl00tTgY=,search,My library,online-playlist,1
SWoa4UvhuutHxhcRAxlfTc6Jr1j5tGw9cp3Kiq+ayKM=,UZ3dBhXYs3u2VWiwH9VQYBWnp1hi25EmxuK8JISoSZU=,my library,Explore,radio,1
EDSn8rAs8qjUvqhhFG5diTbaVbJi8qkoKXeMzf2JGVQ=,g9qhCRIaFUnq4Z9HJcFQWHWRstWhK4NoB2sRPoD9iuc=,search,Radio,song,1
4aRFGkKzGUpqTbjojytAtRQNdx0egL02hjJhSqq0+NA=,OakhL7CLirelAGEP9sYyP6fmTa8HV1mD/qVdpM6o5uE=,explore,Radio,song,1
+boPBM5G5+vAfbO6zTy7A2FrVQyl91aBPGHkQ6ciNYc=,cwzdOoAlwP2AgUSgePv+UwafMqm7v7gJeFARD3rw7gA=,discover,My library,song-based-playlist,1
IU4XmahhntFf39v7Xzd/Nk6fjzZCCpAjOU8xW2TWHGk=,Q+minHX51E+PXPs1VxkIlW+XhmV9ANm2rchEcZ8Wt9k=,search,Explore,song,1
5LGtbWKwKifap3ECM6HO04gPY339RM0oF7D/MfWzUxg=,BxDBwZ9N4vb18iY72TA2T1VROqz00TpBvOVeefkm9KM=,explore,Explore,online-playlist,0
WtuOpsYQ8St9zt7yySdryqDUCxeT4/v2rLRA7+lsahQ=,zHqZ07gn+YvF36FWzv9+y8KiCMhYhdAUS+vSIKY3UZY=,search,Local playlist more,online-playlist,1
HVcWdf8CEo9s6qwt5V7TpoPYJfRlQSTA6b7kxEAImpc=,zg6SzD3aqsnOqqyhFYTdbCNFrhSACbwefB/ZFi68AO0=,radio,Discover Feature,song,1
tNvUsQwOJX5OgGsBBN9to3vI+DoUc6S1BFgNXUaYoo0=,edlow+cUeR+1RqGQ87VV7D3gqMw0amQYGEZZDm+sm7Q=,explore,Explore,song-based-playlist,1
R2FvE4x+hefwL4evbgNGNCng13c1MkP3PHocNtU91qU=,p/yR06j/RQ2J6yGCFL0K+1R06OeG+eXcwxRgOHDo/Tk=,radio,Discover Feature,song-based-playlist,1
1wiu2UfN0BNhHfPTrDS3S/rQkX/vnwDoKH6ODTUdH9k=,VqOqrfMxAOMwJpyfUSyWuPmHpMtSuzvrCvHgahApvDU=,discover,Discover Feature,song,1
a3O5che4tB5RTo8XoApn10uQ+FpVjTNwJfNrrQyaMXk=,Wi0kjTBakpXIWBbaT++vmtjDSEo06lhfiVO4KMSF5jc=,explore,My library,radio,1
fVZedYe9G51wW8jy3Ws7FuF5IKx7zxQYWvPAfCdIRJE=,d2k4F/IYpmudgfCxsRAXVHBdYHPfcWmhCYmjdXxigLE=,explore,Discover Feature,song-based-playlist,1
UTAElx4+rSh2QViTKHQhC40cphX7ZIYafAOMJOJCshY=,1GI0GC3w9c0tDD2s0qP15DxrLUs9JX9XW6fKbY0rBZ8=,radio,Local playlist more,song-based-playlist,1
Tb5tCteFbk+G5Jyvq9SqD1eAzgZ98WR/xOCvvjkNCog=,uWfF+7Tl/V+phd01+33EDRjMiRZz4adW0bI/Mh194L8=,my library,Local playlist more,local-library,0
OMy7VLQDDDlAqrp/YCl+BvzGIgZoWNejIDqSl8siqIM=,0ee/D6HjX0jSytUn3v58C0x6zEzN4bcPq3WlqvrG/Xo=,radio,Discover Feature,online-playlist,0
SZ5NNypqaTWljFO1HiVZwkw3713+rM9x/JNdJd8/fzc=,B2jGIdcFp/C/jeFaJdOwrw72q0kEetFFo+fReLkd6o0=,my library,Radio,online-playlist,1
3i0jlUKhqqUKqFsoJVgN2UcDOuri7fCiE33XUCnKHXo=,Q+minHX51E+PXPs1VxkIlW+XhmV9ANm2rchEcZ8Wt9k=,radio,Radio,radio,1
3nWFLb+IVt1+0JcM73g0wIG2AHtyhsI5RlG7gHziOFA=,PWxngjBL3gt2KhdKy8MwEYTgAw/lkL9F/lqqjciktFk=,discover,My library,online-playlist,1
QDvq4xn7ZSBkamVnc8nL672oxKVqcR2zdgRGQf0giXs=,wBTWuHbjdjxnG1lQcbqnK4FddV24rUhuyrYLd9c/hmk=,radio,My library,online-playlist,1
KXS4mDTuweetiTTxgkbg8uohB20KUXvkXz6g4l3r40c=,LFxbY1lvAdJXl0Pa/SRc0GrBc6js3NobwKR2qsm1T/o=,discover,Explore,local-library,0
2LbejuZF550yFLDXLIBw3gd/c462BIJ+S/SOwneSXUM=,rqNd52MxQ+okfR61j2c7u36DLODO4d2Zt/hMm3jxncM=,discover,Radio,local-library,1
/mmecbnAd2Jrji3aonisktBko1/o+F68GqpV8X4gHiI=,IgMar/mVrJQ+ODFPytDf7jwQMmR09+slyZUdVylRFLc=,radio,My library,radio,0
mrjKYVskMUAksvPgRky/E2g/TiPdbpH1j5CCOzAC5RU=,6HofPS0v2MVFsL10yCN7dXUL+gUOnvsD35vx3HmRbdE=,discover,Local playlist more,song-based-playlist,1
8ncKS6kWM+oSslEfrPcRMcHq5VVQqBcbWoQ0FHlDgPA=,u67UjhgKuy5EciXXCkJvpAYxT+l8agXUqFuD5Hs3STc=,radio,My library,online-playlist,1
YQiox2a4tbRbNBaL+VfOLH8oea77HPJMPWRh8euXZqM=,IgMar/mVrJQ+ODFPytDf7jwQMmR09+slyZUdVylRFLc=,discover,Radio,online-playlist,1
a6uMxhS43vQ++TrVP3jdHT4lFfjw61SlIsCkvigQ5ro=,p/yR06j/RQ2J6yGCFL0K+1R06OeG+eXcwxRgOHDo/Tk=,discover,My library,online-playlist,1
p9Lk74DKfVohPHjTvzHSVQ3lRaqW2ofcBolP45FJgiQ=,uWfF+7Tl/V+phd01+33EDRjMiRZz4adW0bI/Mh194L8=,search,Discover Feature,song-based-playlist,0
8ncKS6kWM+oSslEfrPcRMcHq5VVQqBcbWoQ0FHlDgPA=,plcKSDtGLCbnZbKxbsASN8Lz+EtSEkRW5WJ8eA8UA8g=,discover,Explore,song,1
hOyJGmY7tciqGf1EhDj5UT86IfSSnaTHP5JWAPxYN6s=,IomyG8OwXU9lWvede4KdHxtUZ+eppEdusnOCDDok36g=,search,Discover Feature,song,1
gNqpBxDbTlhvjHhGUzkOXI7uwdcMfsUjThCFibPphkQ=,eSerI0GiRKmKVwhbY05QQi6DSRrCz4/vhiyvipqURDk=,explore,Explore,local-library,1
FG+WikEK8x1GZIB4E2keTq2SJX4bXjFjG5gkjc8qbcw=,fvFw8C8/hBGjtRs+4+bPpo6Ytw9YG0pLOwWJf3YAVhY=,radio,Radio,song-based-playlist,0
UjuPJCQo/YoGVR/yJ+CocmWUk2czJE0BBKqaPpVYV64=,6pe6XOKc+06NhkgrFitOb/EKMj910AlS34LdhP510LE=,search,Discover Feature,local-library,1
Y4FvDsosFNoz4ZHIAbuwgUBSFK8qY2oE5p7V8wymc/Q=,TVtxD8qAAl8KeA5CU+1c4Pg6+/PR3vK2vYMnY/eSGho=,discover,Radio,song-based-playlist,1
w4SNbHDAMuMbulkgcHGYOl/datijVua3CR5D73DylLs=,3Yz717mUtR+r4L0zzgDgWnYeFtY9g68ZjKlq1U72KNw=,explore,Explore,song-based-playlist,0
tiYOcOjJ0qgAJDL3hTboZye11uT8tBbNTscBDWxCWLw=,2xoPPf/RyHAxRqSSP41itnzRofW3noLzFLGfmvREFQQ=,my library,Local playlist more,radio,1
R7AyK9ZUi5d21sCDumgghXW+TNacd/qN0dNMa0C22pA=,eSerI0GiRKmKVwhbY05QQi6DSRrCz4/vhiyvipqURDk=,search,Local playlist more,song-based-playlist,0
UvM0IMLJ11PTOjdjhqapNQmHcbttfsiyv5+dtIR2IK0=,DKGm2awf1TsLWeXqpDfVVQf5M2qPmcxI9Dwxz+45Qqs=,discover,Discover Feature,song-based-playlist,1
EDSn8rAs8qjUvqhhFG5diTbaVbJi8qkoKXeMzf2JGVQ=,ux6db2W4f9nhapYVkSg81Uzhxnw0vf44cFWHSd2EuJo=,discover,Discover Feature,radio,1
nAiRf+UmYT7ZWIOUF6Ig3D0FDVIVpSgUb+H40Vg1eQU=,THqGcrzQyUhBn1NI/+Iptc1vKtxBIEg0uA8iaoJnO1Q=,explore,Explore,song,0
xjA4Fs3CO4k3jQSXLFhn21zxTcYVRRRTzof3ZPn8KFg=,euRuXf+FKUosn295WoeqQbQJ4MQ7es1jJAQlmqZFA/I=,explore,Discover Feature,radio,1
16pGH8W1JKJTrQSZDX3gQY57S3FiO4YJheGRiYbONsU=,WL4ipO3Mx9pxd4FMs69ha6o9541+fLeOow67Qkrfnro=,explore,My library,radio,1
f2c4l3mhW4SmXKRP+OfPUdbQ4U8afe+gqcX9Dmh03Xs=,ux6db2W4f9nhapYVkSg81Uzhxnw0vf44cFWHSd2EuJo=,discover,Local playlist more,online-playlist,1
n7V1D5AuwLykWxCzsU1eNPSyxVbrSXs6IXiWF2zN0gY=,L6w2d0w84FjTvFr+BhMfgu7dZAsGiOqUGmvvxIG3gvQ=,search,Radio,song,0
5wvbHjIY9vAARXRg82rOSUqfZlHLqJN88I8W8bwsiSc=,pCf4HI+z4rQsY9FF79m+Sojnl207qtHqtOWU2VFW1ZE=,radio,Radio,online-playlist,0
R2FvE4x+hefwL4evbgNGNCng13c1MkP3PHocNtU91qU=,B2jGIdcFp/C/jeFaJdOwrw72q0kEetFFo+fReLkd6o0=,discover,Explore,local-library,1
9wwJC2y3YDYTilHnM+uYnPS7GCxV625Hs4VZ7sc6OKY=,wJdog4OHtULqly94aQ/X2uud6ya+juDh25ay4sqoxuI=,my library,Radio,online-playlist,1
xQp8uu2ljPWqokw6Eg+4TCB/GUC/EZwFMcapcleGiDw=,p0vznXPDpqFXtJzcvx4f9NxqLDC+1PQ9/Prr8kUdSuc=,radio,Discover Feature,local-library,1
1d4acB2bhEZCFjSRwvO4ls8PrBtvNTlkcAcxYx8FcWE=,W4gOC3iBXV97C05qyVDGIKAJg76BJcrzWPnLwkKK6kQ=,radio,Local playlist more,song-based-playlist,1
a6uMxhS43vQ++TrVP3jdHT4lFfjw61SlIsCkvigQ5ro=,Wi0kjTBakpXIWBbaT++vmtjDSEo06lhfiVO4KMSF5jc=,search,My library,online-playlist,1
A6DJoTdyfFVxhngH62vlscx6pJsakhdeNs2vDEVTfH0=,l71bGvOgjZIJQHa+E1GW7L5QWYSliCUKy+Hg3SmxzOE=,radio,Local playlist more,song,1
TxneOykZ/MOIbQmA/aJ4EUQUIR9r+Egt6TNQu0WgwpA=,uzU6ntNZT60j0CqFNXTpF6Oo8W3w5UwU/ANEODidW04=,radio,My library,radio,1
YkG93vvIFdFWVWsYqT5w6t0X4uw9/RS03jqzhBzxFlc=,oTGg75yjTAP0grXmGld3EUD0b/b9u7lW2JyUX/mBiXI=,discover,Radio,online-playlist,0
Xbrr2Sbq8NuLG+1QZWm/Iu5P52fUTvgspCYNG8wmfPQ=,B2jGIdcFp/C/jeFaJdOwrw72q0kEetFFo+fReLkd6o0=,discover,Local playlist more,online-playlist,1
08sWvzS2VVyKAVQRi6z4gxGxRQ0YQM0BXsXdVEKuzSQ=,6pe6XOKc+06NhkgrFitOb/EKMj910AlS34LdhP510LE=,radio,Explore,song-based-playlist,1
UhqjLSMwLYzjZFDyYQF6A33phr0tPNXyu7+I08q/u8g=,R1769yIwSejBpG/qGgxdD3BiYXI2fJgMg1jjlKCPhIo=,search,Local playlist more,radio,0
R7AyK9ZUi5d21sCDumgghXW+TNacd/qN0dNMa0C22pA=,A0t3F/l/3A5UvyPnNQNkrwJuW4vH7f/ttZZ9ud7eWx8=,explore,Radio,radio,1
NzxFYmHEK32NaephTO2QGtxiR93Cf7U/Tp6jkoY25WE=,UXK+xHZe1REiVRlOMS5gvqeUY+kLbVyiEdJRTLYoZkk=,radio,Radio,song,1
dO8vzPwqXvOjrPWDW++gVecwTNnzesp3zW1dtRc6KEk=,O+azAuxxhTE27OXm23raLUOTey/RS3+sceZDO2iFXys=,explore,Radio,song-based-playlist,1
bEJvXhD1XWK8qi0Lhydk9nt30hOTCkxG0a70s9ZeCEk=,UZ3dBhXYs3u2VWiwH9VQYBWnp1hi25EmxuK8JISoSZU=,my library,Explore,song,1
n5v6IqRk4CZnELtP0Z2et7EZrdPicfyhvD2gIdq1Mcc=,zx4aCmk+b/uPmvESsG8ekvi7qWmifSPNMXg1i8wyG8Q=,radio,Explore,radio,1
lSkUSnCm60kDLdEsnAVp6jwr2HkyIhDCEZLX82djjHg=,0PSoBhrpfwF09qQKvTiItwZNPjOuyL0uoTazKevG8ls=,radio,Local playlist more,song-based-playlist,1
3yBpYWqEybBPazsqB5NIhrXKCFe1Djn5orPBvxz9ArE=,6LdT9BiGIlQ3rJped7PACqnrzstFXz8dXD6MmmsA8uI=,discover,Local playlist more,song-based-playlist,1
3yBpYWqEybBPazsqB5NIhrXKCFe1Djn5orPBvxz9ArE=,6pe6XOKc+06NhkgrFitOb/EKMj910AlS34LdhP510LE=,search,My library,song-based-playlist,1
A6DJoTdyfFVxhngH62vlscx6pJsakhdeNs2vDEVTfH0=,rFLawM8j/vW78o/S3P2GTsmy6HwkTI15P7NF/i9CkX4=,search,Radio,local-library,0
00qmlWC3H/cjf2Ig1li5xIO0VNDRgBX0f9ilouDBEZs=,h45pWoMzCvsq3e3rBIuHggNB/3NG06/SIVDPEPOF1Gc=,my library,Local playlist more,song-based-playlist,1
OyELWVNKZMJtqg+BFArzAokp8bn+pGhBWbCZaxyLIus=,a4TbK5V15pj3YZUOGa9h2U3t0OsE+3aiFw41mNlcgcw=,explore,Explore,local-library,0
ZIThPCdbFdxx0T+qKaAnQprzkTcoMTJL66Of3nlFGLA=,PgRtmmESVNtWjoZHO5a1r21vIz9sVZmcJJpFCbRa1LI=,my library,Radio,song,1
9wwJC2y3YDYTilHnM+uYnPS7GCxV625Hs4VZ7sc6OKY=,eBme/h4Z4eP7BZY3tifu5Lr/dRB9NQJVIl36jZ5DZGQ=,search,Local playlist more,song,1
p9Lk74DKfVohPHjTvzHSVQ3lRaqW2ofcBolP45FJgiQ=,OakhL7CLirelAGEP9sYyP6fmTa8HV1mD/qVdpM6o5uE=,my library,My library,online-playlist,1
qljEWgpUDxIw7Lpc9mpZSYjpH+RmsE3T6s0x852lzRY=,Bh52i4Qxauj9DCtTLH9CeKZgB59FIP2NofIbc6Dh0Xw=,discover,Discover Feature,local-library,1
PC0HTwpYB4UtDaA1s7qlkmktEzeiz57VXvIJijk6ChQ=,oDG5WCyUlb9i/Sr34Fljeh0YsONZKxl+7jjUw27vm5U=,discover,Local playlist more,song-based-playlist,0
UTAElx4+rSh2QViTKHQhC40cphX7ZIYafAOMJOJCshY=,jHMqK5wu5C0txl0QCxpkSM1xbIev60ii+dc99LXu8EI=,search,Local playlist more,song-based-playlist,1
KXS4mDTuweetiTTxgkbg8uohB20KUXvkXz6g4l3r40c=,r5BnHxvuPlLjwr4MHf3dF3yUY+NVS6rHrkVG7wVZ1uE=,radio,Discover Feature,local-library,0
AEZNdJt0QGYpBlT97tdnNaNHW5SqpgJb70TFmeZBYbg=,HTu0yj2OGmSKPV6I6ktmb6DnmnZY8ZSFrrzNFR/MOfQ=,radio,Explore,song,0
7xiBI5xU3P2/IiR9teB7jySfzWo96JGikGajteLd3Cs=,d2k4F/IYpmudgfCxsRAXVHBdYHPfcWmhCYmjdXxigLE=,discover,My library,local-library,1
16pGH8W1JKJTrQSZDX3gQY57S3FiO4YJheGRiYbONsU=,YN4T/yvvXtYrBVN8KTnieiQohHL3T9fnzUkbLWcgLro=,discover,Discover Feature,radio,0
zYTm2T59lT+Z/hpoywdET+EGMcRhwi4rzL7WD09iRC0=,yCNGVHLlA+gdUm0RfeIm1xAYXFugchHvED5JVerYSWM=,explore,Discover Feature,online-playlist,1
uA7h005WTDJTwS1Tv1uzmWcWTpt/7x7Xx8JydbeMi2U=,J4qKkLIoW7aYACuTupHLAPZYmRp08en1AEux+GSUzdw=,explore,Discover Feature,song,1
FG+WikEK8x1GZIB4E2keTq2SJX4bXjFjG5gkjc8qbcw=,vLvRGCAj8JzTLygSB20eqIL6hSTzE7gf4hyYAguZp0k=,explore,Discover Feature,radio,1
UTAElx4+rSh2QViTKHQhC40cphX7ZIYafAOMJOJCshY=,Zks8Is+xdBwLuMg0lYynAU4FanLNf/tyuZ8d7IEvY9c=,my library,Local playlist more,radio,0
J/KdXo5kGQs+dRxYam3/tZlwhl7ZX+sYvvCdjg8Tqzg=,ufjl9/oJJRQx/0JUEBaIeyE82HP0CF7Fy2LwOIiNiYY=,explore,Local playlist more,song,0
J/KdXo5kGQs+dRxYam3/tZlwhl7ZX+sYvvCdjg8Tqzg=,U8VgelI8G461f4FVJHnavdn4zx7XjmSFcNHZ3Hru3TU=,discover,My library,radio,0
3nWFLb+IVt1+0JcM73g0wIG2AHtyhsI5RlG7gHziOFA=,euRuXf+FKUosn295WoeqQbQJ4MQ7es1jJAQlmqZFA/I=,my library,Local playlist more,local-library,1
aMB9nC9PVKXsk/K++qMMG0in0dvk2XiUFuAnr10qiac=,qHD46j2HpNipwKHtoE0035AIr+FAdNYaSi1VNT3gACk=,radio,Local playlist more,radio,1
MXIMDXO0j3UpaT7FvOSGW6Y5zfhlh+xYjTqGoUdMzEE=,7NV5ZpaFlc7e3fjuxNiiuL0+HEr8qASFr+HHztIhwGY=,radio,Radio,song,0
qd03y2Hs/0xCA/dPExadbY5XQdTHOcli3h8w4KTwhZ4=,zuyzUP11fbgoVp6IMfWK378GDToe59ZlK5gkf+7aKdg=,explore,Explore,radio,0
dU4RbzpIRRd/EkA9Xncpy9CglzDBZp7nKMfdnfr3Aj8=,T86YHdD4C9JSc274b1IlMkLuNdz4BQRB50fWWE7hx9g=,explore,My library,local-library,1
Mn98O4X/zceMt9nswcoq08F16ciCqhuN7lQ951MAL2o=,uzU6ntNZT60j0CqFNXTpF6Oo8W3w5UwU/ANEODidW04=,my library,Discover Feature,local-library,1
JoGt+PgRGKHAhTQnaRqQygBWdDwGE6gdPbeGiGP4/Lc=,d5ayexvXscdzmuGxENyY8Uwb4AQaxt0dEcnkAgES7xw=,discover,Radio,online-playlist,0
pRHIP4XdwWx7YpREsLN4sD0gb2BUEbhKytDXlwUAO+k=,uzU6ntNZT60j0CqFNXTpF6Oo8W3w5UwU/ANEODidW04=,search,Explore,song,1
lSkUSnCm60kDLdEsnAVp6jwr2HkyIhDCEZLX82djjHg=,plcKSDtGLCbnZbKxbsASN8Lz+EtSEkRW5WJ8eA8UA8g=,search,Explore,online-playlist,0
y3IT85vrzY2iBxFg6nsh4Cmg+mV3oqR73TPekK7x1Rc=,WJyW1Eqg3hXHl2+JB/qMSAQ/3VxqSNVvPniD/ReCo2I=,discover,Discover Feature,song-based-playlist,0
hYJpPvGod6vy09TnlXdQe3Q0vlxju5u5Ruf8V2XkTio=,4eWKqiadX4L+cYSy1VEcazqQDV1YxvYo1YHU5VR81pM=,search,Local playlist more,online-playlist,0
vSstkkQzt3KMmyvh0MGHpXpgzHO6kobAYipy6ik6HB8=,43Qm2YzsP99P5wm37B1JIhezUcQ/1CDjYlQx6rBbz2U=,discover,Explore,radio,1
a4aEMKA1bMIwfCarB0qN+Fjag8swMwFfXm6ri5KJvms=,01dMXfqYr3EWV8V4ccmHMNy45+7YG8TBmGJ4IVWOduc=,my library,Radio,song,1
2tmUzRCcD0l3et0ck9XfxZT6gT9LM3w8gwfckVNylIU=,dKsoBHe5cVhyQSU8CimXs4ysaAky4RNgBwIafHaLkik=,radio,Discover Feature,song,0
TO253iXvHroemKYZ23M7YL7uu6Um4zEwByNl4wcpIYs=,9zVQUtq/Uzlxk3X7BwI28CSY7FomzpmtsRc8f2bRyJE=,explore,Local playlist more,local-library,0
+Y+wTRRkZ0QA3bV4+7nwu8qlN5Kb7ygMhqvB5L929YI=,B2jGIdcFp/C/jeFaJdOwrw72q0kEetFFo+fReLkd6o0=,explore,Radio,local-library,0
E3yiQ2d5+KiGkm622V73IRgukx9qXPYJIpG6xWF/lF4=,5myS1WHBGGzoGGXLLGo/tIuHzWsyp0Ez0NoLWKdkA9Y=,discover,Radio,local-library,0
Wg1bSRX3JtJ9ElarOhpbEaV5pu9lgTeS33mARTV+Sl8=,9YRkIrpN2f9PtHpeYsE03vYy9X7RpIR9XmGtxuyO5iY=,radio,My library,song-based-playlist,1
TxvdtN1Ehq4kbgU5J7lw+ik6Pc0NZjnQKARPiCCf0fk=,DT35ri8FZuj7PGLxW/PhK5lt+CFVV85jDqPrBz6kixc=,discover,Local playlist more,local-library,0
tiYOcOjJ0qgAJDL3hTboZye11uT8tBbNTscBDWxCWLw=,p/yR06j/RQ2J6yGCFL0K+1R06OeG+eXcwxRgOHDo/Tk=,my library,Radio,local-library,1
o+5RNlSWrzvrphgBNGIo1FLkGxBgyICns6qXj3nS7Pk=,d5ayexvXscdzmuGxENyY8Uwb4AQaxt0dEcnkAgES7xw=,explore,Explore,song,1
UvM0IMLJ11PTOjdjhqapNQmHcbttfsiyv5+dtIR2IK0=,Z+mhovcYbExPp66GnBecKttDRM5S5YCAw9vzJACsQAU=,search,Radio,song,1
V8pNUizcKwTRuSQAtzXJBAJ7B8cyf0EegXkljvIvFqo=,3VkD5ekIf5duJm1hmYTZlXjyl0zqV8wCzuAh3uocfCg=,search,Local playlist more,song-based-playlist,1
Mn98O4X/zceMt9nswcoq08F16ciCqhuN7lQ951MAL2o=,bFbleyVHx6Nr9tHMr4OybO2i3A4FS2Be0/62K2+FSpY=,search,Explore,online-playlist,1
H5DWyI7bujtol5aU1pzvLdfBAs45Ym/5jicdUlerf2s=,Ce8Mui+yVruumWy9pKMDfSRBFg1m93m/+XR8FHlktaE=,radio,Explore,song,0
dZNojW/n4mqxR6RSZt4CMeCnJzzxBYi6n9qQCKbghvE=,HsgJXv1C7iVZiP7CWwWTfsmMhia6Huc0MUccfj+D02o=,my library,Local playlist more,local-library,1
hzy7RwzEVDm4JmC0X2qLUvnoE1+2zNTEea4fOe/o6ms=,DT35ri8FZuj7PGLxW/PhK5lt+CFVV85jDqPrBz6kixc=,explore,Discover Feature,radio,0
AXKTVBbdr2/z7m5WL1IXzlriNbun8B+7wM41MsWCYDw=,s84FxzZB6F3J6VOD21RuFLngqi6nMsKA4txNXn+pbK8=,discover,My library,local-library,1
pJxMd9PL/N7CdwTwKu3YqiqYSRAJHuejlrTonaPfPfU=,3VkD5ekIf5duJm1hmYTZlXjyl0zqV8wCzuAh3uocfCg=,search,Explore,song-based-playlist,1
TO253iXvHroemKYZ23M7YL7uu6Um4zEwByNl4wcpIYs=,U9kojfZSKaiWOW94PKh1Riyv/zUWxmBRmv0XInQWLGw=,explore,Explore,radio,1
UvM0IMLJ11PTOjdjhqapNQmHcbttfsiyv5+dtIR2IK0=,x6u5YRNWfWRwBSupKIjHonX/pAAr4HtXW4ZUIh7/iPo=,my library,Discover Feature,online-playlist,0
4tuTIArXO3WO8/zS9y2CC34ywEfChjAKUchlKW00DMM=,dKfxhaRKwvhiYOUQ5JlkxQrJ/dDksdFueybCIdG5dXI=,discover,Local playlist more,song-based-playlist,1
w4SNbHDAMuMbulkgcHGYOl/datijVua3CR5D73DylLs=,CfOyUSvBAIGhsUEcZ6hTnWLLaQrDtzVmoIdmIMXBOTA=,explore,Explore,local-library,1
BqnomjS+KJtzWrGRkqLEoO3I7KapwN4B8H9in4Fsf+I=,nW60n6qAGoytY/yX4w0r1IT462C9Xs/ZxbV6MLDSpUk=,radio,Discover Feature,song,1
cNssc+2L1Fx77CzASou28E9qfWeJjQKZtfoADkl/xkQ=,WDhQhhbq+bwhBY642Fx3e5eGBdvqzzXmwiouCaVI0R0=,my library,Radio,radio,0
mrjKYVskMUAksvPgRky/E2g/TiPdbpH1j5CCOzAC5RU=,4ZISq5iNKgBGGW2OvKBBzBsYXRohcJYFkqx3uVFCAuA=,my library,My library,song,1
UjuPJCQo/YoGVR/yJ+CocmWUk2czJE0BBKqaPpVYV64=,KZ5hwP74wRO6kRapVIprwodtNdVD2EVD3hkZmmyXFPk=,explore,Explore,online-playlist,1
mDJCU+fKu/mbdk9l4SmPYiJwpeMyK44o9wmG1X3735A=,HRg8zzy3PcS4sBcZIFOcUL4uCqg7SurUslUQyF2op+o=,discover,Discover Feature,song-based-playlist,1
E3yiQ2d5+KiGkm622V73IRgukx9qXPYJIpG6xWF/lF4=,d2k4F/IYpmudgfCxsRAXVHBdYHPfcWmhCYmjdXxigLE=,search,Radio,radio,0
bEJvXhD1XWK8qi0Lhydk9nt30hOTCkxG0a70s9ZeCEk=,JTMsJNPcL2ambkp1Z/MeBEnFEzZEOKetdLPrJxHf7v8=,my library,My library,radio,1
cF/VJmBHwhcqdd016oPP1wXBdWSjxEHEzwlhEn4+/4A=,fCCmIa0Y5m+MCGbQga31MOLTIqi7ddgXvkjFPmfslGw=,explore,Local playlist more,radio,1
E23IyF1NtT7IeesuDuHWR6g/yMpWrq3cN3U4qTjXE0A=,edlow+cUeR+1RqGQ87VV7D3gqMw0amQYGEZZDm+sm7Q=,explore,My library,online-playlist,1
R7AyK9ZUi5d21sCDumgghXW+TNacd/qN0dNMa0C22pA=,M0vkEMBlcbeVSWQQx/6FtXbJ57IiCw27TW8/vmSayk8=,radio,Discover Feature,online-playlist,1
jL7ukei/Kb4gDCfTG4+VhV4TzLaDecjji/aW+GqWvac=,J4qKkLIoW7aYACuTupHLAPZYmRp08en1AEux+GSUzdw=,my library,Local playlist more,local-library,1
lq5Q5jIo2pNtn/bTBZy8e07jc4qcIhLI7PXeieo/EgI=,CfOyUSvBAIGhsUEcZ6hTnWLLaQrDtzVmoIdmIMXBOTA=,explore,Discover Feature,radio,0
IU4XmahhntFf39v7Xzd/Nk6fjzZCCpAjOU8xW2TWHGk=,cR+VrCdZkNm/QM0WjQQip9AnOrT/auRDZboM1KpevS4=,search,My library,radio,1
DqwB7smOAIbNnnQbWOpfsmy9znTwfDEQCW1I6ujFG48=,VkDBgh89umc9m6uAEfD6LXngetyGhln4vh/ArCGO0nY=,search,Radio,online-playlist,1
TO253iXvHroemKYZ23M7YL7uu6Um4zEwByNl4wcpIYs=,euRuXf+FKUosn295WoeqQbQJ4MQ7es1jJAQlmqZFA/I=,discover,Local playlist more,song-based-playlist,1
K7obY5lUlZTd6a/byE9NG/e7Q/dlgHfppLbYk8OL7os=,U9kojfZSKaiWOW94PKh1Riyv/zUWxmBRmv0XInQWLGw=,radio,My library,local-library,1
hOyJGmY7tciqGf1EhDj5UT86IfSSnaTHP5JWAPxYN6s=,bG9ptdK+Pb7m4ozflF/RjUqbG/uo5ipgAo1ffT8mnfU=,search,My library,song-based-playlist,0
HfVrxfpxOJuQ4FofEFxdlwm9yvaoy8y0JOH3GaQ/RTs=,cy10N2j2sdY/X4BDUcMu2Iumfz7pV3tqE5iEaup2yGI=,my library,Radio,song-based-playlist,1
lq5Q5jIo2pNtn/bTBZy8e07jc4qcIhLI7PXeieo/EgI=,/vRMwxfCQC55cFGMLtxZlAqhDFW/aPQMGdkRnykeWyc=,discover,Discover Feature,local-library,0
hzy7RwzEVDm4JmC0X2qLUvnoE1+2zNTEea4fOe/o6ms=,Ru7n8Xw2s8LGDsgDhyzWqCWQRWQW9KNPY9qMOFAf5x0=,discover,Explore,song,1
3nWFLb+IVt1+0JcM73g0wIG2AHtyhsI5RlG7gHziOFA=,fLcg1JwIF80DBi1D5gheP1WuO4IXt4HFSd19TZ6y61M=,radio,Explore,online-playlist,1
pJxMd9PL/N7CdwTwKu3YqiqYSRAJHuejlrTonaPfPfU=,6QMvPiMG6bKF5+C4fSsfeR/LGNMiwL55HNhd3BcvSKE=,search,My library,local-library,1
mGDObQQojFOJfK2rJKcme282huuk0qDxBzWL22/qYbc=,uaU3VI7KA2xoQkGkSC4NNOMFmHL9R85kdR7eyY5Pc9M=,discover,Local playlist more,song-based-playlist,0
UTAElx4+rSh2QViTKHQhC40cphX7ZIYafAOMJOJCshY=,OakhL7CLirelAGEP9sYyP6fmTa8HV1mD/qVdpM6o5uE=,my library,My library,local-library,1
NzxFYmHEK32NaephTO2QGtxiR93Cf7U/Tp6jkoY25WE=,U9kojfZSKaiWOW94PKh1Riyv/zUWxmBRmv0XInQWLGw=,my library,Local playlist more,online-playlist,1
PwnWgkloewAh6nr1MpRnSm6jbrltEb328ifDj7ccDZc=,1PR/lVwL4VeYcZjexwBJ2NOSTfgh8JoVxWCunnbJO/8=,explore,Radio,local-library,0
rEVqJ3NIxC9LSUZYOj1ft5VSAvFo3AxNu2k36hKKtWc=,S9Ceoq7vRyE9wVvIyi8dWYZ+9bN3W/hP8i6nFTM8y70=,radio,My library,local-library,1
BNSYbtaNNCYfKVig95LpQJArTEx/RN2FgivSohB8r8M=,eKCra1VJtznUJW/pya0TCpqHRxHxdQ51S3fspJmR2gs=,search,Discover Feature,local-library,1
E23IyF1NtT7IeesuDuHWR6g/yMpWrq3cN3U4qTjXE0A=,THqGcrzQyUhBn1NI/+Iptc1vKtxBIEg0uA8iaoJnO1Q=,explore,Radio,song-based-playlist,1
lSkUSnCm60kDLdEsnAVp6jwr2HkyIhDCEZLX82djjHg=,U8VgelI8G461f4FVJHnavdn4zx7XjmSFcNHZ3Hru3TU=,discover,Radio,local-library,1
2yBzq7nUBV99ankkp7O46elZikHVB5BvqHcr2Lzetlc=,++QfzyM/LiFaCuvkDFK/wJe13ZEMgTgAaVCcolo7nnY=,explore,Discover Feature,song,0
fVZedYe9G51wW8jy3Ws7FuF5IKx7zxQYWvPAfCdIRJE=,ZcKgNis1AP1LA0sdtIddrtk7P04iiJzJrXvwXdT/X3Q=,explore,Explore,local-library,1
rRUTKZAVxGBh5XRUk+Lk/b/gHcAOsbk1hiQiEfubDh4=,r5BnHxvuPlLjwr4MHf3dF3yUY+NVS6rHrkVG7wVZ1uE=,radio,Radio,song-based-playlist,1
o6lVTGcU8lL0OI4fOMWc21THJHoOjqxxYlYACoyTN6g=,qiF4WAvKyVZZIBi4oSntG2GrHa1+p3oMaiZBXUpeDT8=,my library,Radio,song-based-playlist,1
pRHIP4XdwWx7YpREsLN4sD0gb2BUEbhKytDXlwUAO+k=,SKRQpz3EM5UIxT2LCGzK5k0aYg4QtyHWtr0L/EK6By8=,discover,Local playlist more,song,0
KsjbiO2iw8TpMfu+9Bf2p8GI57Q53lsHXy1xWIMKH/E=,A+RNE+nwHzzYdQliLcF1YcaMpmDL91TAbz8xALp4FEM=,explore,Local playlist more,song-based-playlist,1
hOyJGmY7tciqGf1EhDj5UT86IfSSnaTHP5JWAPxYN6s=,1UHqpOyecqH+8NytyogNdQz/2zUDpmHzUF5lgH1gvyw=,radio,Discover Feature,online-playlist,1
5wvbHjIY9vAARXRg82rOSUqfZlHLqJN88I8W8bwsiSc=,edlow+cUeR+1RqGQ87VV7D3gqMw0amQYGEZZDm+sm7Q=,my library,Local playlist more,song,0
HVcWdf8CEo9s6qwt5V7TpoPYJfRlQSTA6b7kxEAImpc=,22wN6a2Q/qVQosA8OBfVg6AbwvI2KJnZ35DXLqpLHJg=,my library,My library,online-playlist,1
vBNHobQRQsofef7+9NZk4C6Y6T2PBXSGXUbn6c8UOcg=,wJdog4OHtULqly94aQ/X2uud6ya+juDh25ay4sqoxuI=,explore,Explore,song,0
HVcWdf8CEo9s6qwt5V7TpoPYJfRlQSTA6b7kxEAImpc=,uzU6ntNZT60j0CqFNXTpF6Oo8W3w5UwU/ANEODidW04=,explore,Explore,song-based-playlist,0
mGDObQQojFOJfK2rJKcme282huuk0qDxBzWL22/qYbc=,yBHK9ZzaYyeNaPr1ucAkD3RH7dKwaEY8dtplxwkxr44=,discover,Radio,song,1
dZNojW/n4mqxR6RSZt4CMeCnJzzxBYi6n9qQCKbghvE=,XlkjAJe0dfNZGVXs98X/tteFpStvXboU0MegqWJt36U=,discover,Local playlist more,online-playlist,0
IU4XmahhntFf39v7Xzd/Nk6fjzZCCpAjOU8xW2TWHGk=,/6kgyFt1nsLDNbZh0AHM4Pb3sbp3CZ0C4DbPa4++eVE=,discover,Explore,song,0
tnPUP8fJSxqSkuJZygxUzdvY2dVUyPxoKCGHmrwcKEM=,XVAiWjCX02nhNZ8t4bKfJOsVU51bG0YJXuOUl00tTgY=,radio,Explore,song-based-playlist,1
sgT7F0PbR9/iCyzeSzcl//+E+fK3CeZmM1deeeJ5rZ8=,fCCmIa0Y5m+MCGbQga31MOLTIqi7ddgXvkjFPmfslGw=,discover,Local playlist more,song-based-playlist,1
gxxBbzV3eE2XGjUrFVB2FzAve55Oe1s86HD+OEh36Gw=,UksdvC4qcXmgOvmMSOPWh9sB2z7a+dT1CWlI58lq04U=,my library,Explore,song,0
NwX1NaVlyw0jvfQNxLTcx9ztIUKVL/sjkccdAmMpfCA=,eaEPf0VwQhIvfAm8xzQucpa0/OnWo18Ig1cfMIUsZ3M=,search,Local playlist more,song,1
0ut67E6+04VZ9RDX1nJYPmPARhbgYbsjEKl7K4dpjDw=,jceXeAoNeYd3hRvbWRdqCUinjutJgWRyvPezTymyvTc=,radio,Radio,song,1
16fsOt7imefLSFsV7mWoP1AL+bpjP1NuWzQ5QP9tj8k=,n+pMhj/jpCnpiUcSDl4k3i9FJODDddEXmpE48/HczTI=,my library,My library,song,1
gNqpBxDbTlhvjHhGUzkOXI7uwdcMfsUjThCFibPphkQ=,h6SYWHqaMPtbHyqeNQGtCRfq7GAH4+9hrauUwd5z2VA=,discover,Explore,local-library,0
uQ6LOBwmu7lIjv+wFaq5+M4IcAZEha2J0uyDB6Y8aqY=,HsgJXv1C7iVZiP7CWwWTfsmMhia6Huc0MUccfj+D02o=,my library,Local playlist more,song-based-playlist,0
gxxBbzV3eE2XGjUrFVB2FzAve55Oe1s86HD+OEh36Gw=,jFUlstiDM/0JBpQz1N1Mr1uJj0H8kiQsJjfbnx45gHs=,search,Local playlist more,local-library,0
cqjRBV/jWN2ujhc+z/4tz+Mj6xEfflAAt6qBXCqxKvw=,yciKx3VagNk6RuCqe0KbTbwl+cWXKVYWAeI8UFe9Dfw=,explore,My library,radio,1
6bwk5TTaA1YSOmPoxDgBBlV5CrZJEar2C6SxwT5nDrU=,7zFV1bMlN//PbeZut5RL6SnRlZ7/9nBKIXf/dzhK9kM=,search,My library,online-playlist,0
MxCUQ6tAD7LU1yR0gwRck91ZKE88gY8kD/rX9Hi9srQ=,9uDuRF+ToaleR51vHf8IEw4NEKDJXRo/rVRV2011aSM=,radio,Local playlist more,online-playlist,1
rEVqJ3NIxC9LSUZYOj1ft5VSAvFo3AxNu2k36hKKtWc=,DH9SXL888u6VtOCkF/nqFbmtHlEkYgh9atVYPHfSfo4=,explore,Explore,online-playlist,1
nAiRf+UmYT7ZWIOUF6Ig3D0FDVIVpSgUb+H40Vg1eQU=,jRzcNOC0WGSfwQmr9ZP5mxiPYxAdkGrPFGc0GvS1dOs=,discover,My library,local-library,0
mrjKYVskMUAksvPgRky/E2g/TiPdbpH1j5CCOzAC5RU=,Bmj+IwjGGnbUyQ02jJpz5K+2vmxCOKfBqVd7ypu6OLo=,discover,Discover Feature,radio,1
FrYc5vaJMygJR0CjtIqrigWOlEKURefFwGKvr0BlbMI=,SEXmGAIKrBLJvU2yqL7G0KUkKq81WgLwrzy/GHyPjYE=,explore,My library,radio,0
3nWFLb+IVt1+0JcM73g0wIG2AHtyhsI5RlG7gHziOFA=,yCNGVHLlA+gdUm0RfeIm1xAYXFugchHvED5JVerYSWM=,explore,Radio,radio,1
cNssc+2L1Fx77CzASou28E9qfWeJjQKZtfoADkl/xkQ=,x6u5YRNWfWRwBSupKIjHonX/pAAr4HtXW4ZUIh7/iPo=,radio,My library,local-library,1
EErUQnZWpOhxSvs3UlAQ6Jme7r+DjJyvkqhEceArwBA=,Kpyp6PVaOaQz81TH4KYB59FJiO/GVgzDVyCmiyxHTxc=,my library,Local playlist more,song,0
KXS4mDTuweetiTTxgkbg8uohB20KUXvkXz6g4l3r40c=,h90KlUZE/mlkkPjhbhz3hXY1zvOhqJXuiKBoFWnTDAo=,my library,Radio,local-library,1
TDHfjwkLrnoorqjTUFtlzSL47Yl1oEBpHM8k7qHrIdI=,dKsoBHe5cVhyQSU8CimXs4ysaAky4RNgBwIafHaLkik=,radio,Local playlist more,song-based-playlist,0
a6uMxhS43vQ++TrVP3jdHT4lFfjw61SlIsCkvigQ5ro=,HzCFc9gU/AuYNF1ld1ZlyeCpQvVLTonc8+ZrUAidmmY=,radio,Local playlist more,local-library,1
IU4XmahhntFf39v7Xzd/Nk6fjzZCCpAjOU8xW2TWHGk=,eW1d3l1sSncU4sGM69MJtIG79wnXbdy8FZKpFVElS0g=,radio,Radio,local-library,1
qd03y2Hs/0xCA/dPExadbY5XQdTHOcli3h8w4KTwhZ4=,opfHqJ0Oz4KsSqM5/TqBERkLI9DFnMD0Jywzh7XSE6Y=,search,Discover Feature,online-playlist,1
6aH1YAi5YwvZUHtpjEaMQwM0p4wP4XLrkWQSdXDF9L8=,HsgJXv1C7iVZiP7CWwWTfsmMhia6Huc0MUccfj+D02o=,explore,My library,radio,1
OOUnJuX4SteRhUdJZ9B2DqtfiwsfcZVBefEhXLeBsFg=,jpq9yBIzCyyWbLcrGFWHYyXpFZ8N4b9FgKC4qFj04gk=,search,My library,song-based-playlist,0
5LGtbWKwKifap3ECM6HO04gPY339RM0oF7D/MfWzUxg=,2xoPPf/RyHAxRqSSP41itnzRofW3noLzFLGfmvREFQQ=,my library,Local playlist more,radio,0
nAiRf+UmYT7ZWIOUF6Ig3D0FDVIVpSgUb+H40Vg1eQU=,aliCzBpL9zzI8nFr83ElP3cL4bdEPejIRtT7HY09fEs=,discover,Discover Feature,online-playlist,1
lq5Q5jIo2pNtn/bTBZy8e07jc4qcIhLI7PXeieo/EgI=,yL8VeuH6lYFA4hYVGX/1HmPogBfp1Ex4ZkL5PjWy11k=,discover,My library,song-based-playlist,1
MxCUQ6tAD7LU1yR0gwRck91ZKE88gY8kD/rX9Hi9srQ=,MtFK4NN8Kv1k/xPA3wb8SQaP/jWee52FAaC1s9NFsU4=,discover,Explore,online-playlist,1
hOyJGmY7tciqGf1EhDj5UT86IfSSnaTHP5JWAPxYN6s=,f8/yxXLT8/hENDkcudzHhytnOwyUKJ+/JCY7Y+L/Gsw=,search,Radio,song-based-playlist,0
bEJvXhD1XWK8qi0Lhydk9nt30hOTCkxG0a70s9ZeCEk=,4MisMKfKs26kWvzPwqJMnqqoeNfOlsfiiFswvWIQOUI=,discover,My library,radio,1
yBXKYfcmQ+TtIEvkLQXabAY2uwudIGn21dEZYAwCDCg=,u67UjhgKuy5EciXXCkJvpAYxT+l8agXUqFuD5Hs3STc=,search,Explore,online-playlist,0
6aH1YAi5YwvZUHtpjEaMQwM0p4wP4XLrkWQSdXDF9L8=,B2jGIdcFp/C/jeFaJdOwrw72q0kEetFFo+fReLkd6o0=,radio,Local playlist more,online-playlist,0
uhEkft9Ht4TsUF5wBkmmZbtbaIVESVfiUnMlxHYl0HI=,5TKFWT9ivwAJiqRWz5apDsePXcJZ2b1RA/1gxTm6XoQ=,my library,Discover Feature,local-library,1
K7obY5lUlZTd6a/byE9NG/e7Q/dlgHfppLbYk8OL7os=,EH+nzRuSscqbP1Xd8ulzTMCGLEjqdzdxCaR8Fgyh6VY=,search,Local playlist more,song,0
8tSgHKzljg7TyPLYrU9L7CgHIdShVvyV/d6PccMRzhw=,A5cw2rib82lWjtNFr3bxQysyjPVpiYlgmnULDQ8X0BQ=,search,Discover Feature,radio,1
P+Sxa9gtP8P8IQcpPGbwWmEFdrF16hTrtfXyfa5aGoI=,iiifj//EcKnociT6W3nBASJygGe/TyFB41UD1bTtnU0=,search,Radio,song,1
K7obY5lUlZTd6a/byE9NG/e7Q/dlgHfppLbYk8OL7os=,v/3onppBGoSpGsWb8iaCIO8eX5+iacbH5a4ZUhT7N54=,my library,My library,song,1
LThaiVqGGnVTPmTcmwN/LLo4fVb5dzkduzd7s1SgzIA=,MwZaD94L4Wl4APdJSVQF5JPt+xH6hb2KtWpFsjwYUlo=,explore,Explore,local-library,0
wv0o115CdKSsFlsV7VvHikjyxLG0LFc5qALhM8xkUZ4=,Zks8Is+xdBwLuMg0lYynAU4FanLNf/tyuZ8d7IEvY9c=,discover,Radio,song-based-playlist,1
zYTm2T59lT+Z/hpoywdET+EGMcRhwi4rzL7WD09iRC0=,MtFK4NN8Kv1k/xPA3wb8SQaP/jWee52FAaC1s9NFsU4=,search,Discover Feature,radio,0
ocQB699RoI5sBlRUfv8tu++vqupI35/95l3U507jdpw=,dNvkA285an/yeIMPT4VszEQlmwHsZHHSgDbDB5nEkmI=,search,Local playlist more,song,1
E9jsIxPWhebfnR8cbqPgS+FxCt0zBSXP+72mYRFg0+U=,Ru7n8Xw2s8LGDsgDhyzWqCWQRWQW9KNPY9qMOFAf5x0=,my library,Discover Feature,local-library,1
tnPUP8fJSxqSkuJZygxUzdvY2dVUyPxoKCGHmrwcKEM=,THqGcrzQyUhBn1NI/+Iptc1vKtxBIEg0uA8iaoJnO1Q=,discover,Discover Feature,song,0
4aRFGkKzGUpqTbjojytAtRQNdx0egL02hjJhSqq0+NA=,UQeOwfhcqgEcIwp3cgNiLGW1237Qjpvqzt/asQimVp0=,search,Explore,song,0
lfK5QUAaa28niDIyQ2oGkSntvSe7G5EmQ1N6nvnE8lY=,4ZISq5iNKgBGGW2OvKBBzBsYXRohcJYFkqx3uVFCAuA=,explore,Explore,online-playlist,1
9wwJC2y3YDYTilHnM+uYnPS7GCxV625Hs4VZ7sc6OKY=,kTfvijj0YOM4LkNBb+6RCPKakz/8NEw5y2PMdmc9bc8=,my library,My library,song-based-playlist,1
z1IXxOkXP6uCWwFJLibRkXzU7USedggSWIfGJl/HFQg=,zg6SzD3aqsnOqqyhFYTdbCNFrhSACbwefB/ZFi68AO0=,radio,Radio,song,1
y3IT85vrzY2iBxFg6nsh4Cmg+mV3oqR73TPekK7x1Rc=,izWkEacMHX6lc+hEC3QnWwWd2LXiHZ9tacUNpfUz+aw=,discover,My library,song-based-playlist,1
5LGtbWKwKifap3ECM6HO04gPY339RM0oF7D/MfWzUxg=,J9EcIEDOoNbdN2ku4SGtIp0pmg/k+NRWLOZIra16DUk=,discover,My library,song-based-playlist,0
tNvUsQwOJX5OgGsBBN9to3vI+DoUc6S1BFgNXUaYoo0=,wfSboJwFBF6YyVmGO0wCeRtMdrqwkOgwPHV+YmSUl5Y=,discover,Local playlist more,online-playlist,1
AEZNdJt0QGYpBlT97tdnNaNHW5SqpgJb70TFmeZBYbg=,ZcKgNis1AP1LA0sdtIddrtk7P04iiJzJrXvwXdT/X3Q=,search,Explore,song-based-playlist,1
uQ6LOBwmu7lIjv+wFaq5+M4IcAZEha2J0uyDB6Y8aqY=,ux6db2W4f9nhapYVkSg81Uzhxnw0vf44cFWHSd2EuJo=,search,Explore,song,1
dZNojW/n4mqxR6RSZt4CMeCnJzzxBYi6n9qQCKbghvE=,a4TbK5V15pj3YZUOGa9h2U3t0OsE+3aiFw41mNlcgcw=,my library,Radio,local-library,1
YQiox2a4tbRbNBaL+VfOLH8oea77HPJMPWRh8euXZqM=,uWfF+7Tl/V+phd01+33EDRjMiRZz4adW0bI/Mh194L8=,my library,Local playlist more,song,0
QDvq4xn7ZSBkamVnc8nL672oxKVqcR2zdgRGQf0giXs=,gG8cycpwQak+/chDrTlk8CXXIw4ztVIO1OhbdJBTav8=,my library,Local playlist more,radio,1
Jc84woRFJuyMAC6hDcH/Rr84MGq9ucuxeZveZ00kI5o=,J4qKkLIoW7aYACuTupHLAPZYmRp08en1AEux+GSUzdw=,explore,Discover Feature,song-based-playlist,1
s8Oce1igq03hako2pQCfeXyPVkBs77ArjdrZEQAjpbk=,31Tp9mUO5cVc8fEd67bI5GTrfev3MiXPUokaum1m3K8=,my library,Local playlist more,local-library,1
mrjKYVskMUAksvPgRky/E2g/TiPdbpH1j5CCOzAC5RU=,vLvRGCAj8JzTLygSB20eqIL6hSTzE7gf4hyYAguZp0k=,explore,My library,online-playlist,1
4DlS5LiANEKlMTQD08dakyV1JWwPYI/n1wyjx4ImjPc=,7XjSvrL47/EJD2mNR0e2Ja+ed/Dm0j35tKPQLiO2Hjk=,radio,Local playlist more,online-playlist,0
dU4RbzpIRRd/EkA9Xncpy9CglzDBZp7nKMfdnfr3Aj8=,s84FxzZB6F3J6VOD21RuFLngqi6nMsKA4txNXn+pbK8=,explore,My library,radio,1
Wg1bSRX3JtJ9ElarOhpbEaV5pu9lgTeS33mARTV+Sl8=,A0t3F/l/3A5UvyPnNQNkrwJuW4vH7f/ttZZ9ud7eWx8=,radio,Radio,song,1
A6DJoTdyfFVxhngH62vlscx6pJsakhdeNs2vDEVTfH0=,gG8cycpwQak+/chDrTlk8CXXIw4ztVIO1OhbdJBTav8=,search,Discover Feature,online-playlist,1
5wvbHjIY9vAARXRg82rOSUqfZlHLqJN88I8W8bwsiSc=,TVtxD8qAAl8KeA5CU+1c4Pg6+/PR3vK2vYMnY/eSGho=,explore,Radio,song,1
AEZNdJt0QGYpBlT97tdnNaNHW5SqpgJb70TFmeZBYbg=,UZ3dBhXYs3u2VWiwH9VQYBWnp1hi25EmxuK8JISoSZU=,discover,Radio,local-library,1
P3tJU/DjIEbh0ucnC1KT8wojenDDSwx+blB8pFp/KeE=,G/4+VCRLpfjQJ4SAwMDcf+W8PTw0eOBRgFvg4fHUOO8=,my library,Local playlist more,online-playlist,1
SWoa4UvhuutHxhcRAxlfTc6Jr1j5tGw9cp3Kiq+ayKM=,CfOyUSvBAIGhsUEcZ6hTnWLLaQrDtzVmoIdmIMXBOTA=,discover,My library,song,1
oqovZIlVcIUL0aIMGYtXxy3R+xJcxmJBJUXeIb+HJYA=,Ru7n8Xw2s8LGDsgDhyzWqCWQRWQW9KNPY9qMOFAf5x0=,explore,Discover Feature,online-playlist,0
OOUnJuX4SteRhUdJZ9B2DqtfiwsfcZVBefEhXLeBsFg=,B4o9XjQJPJGGJr63sxzS4LUoQOrNhyVU1DersrYXRlI=,radio,Explore,radio,1
Wg1bSRX3JtJ9ElarOhpbEaV5pu9lgTeS33mARTV+Sl8=,G21dv1ZiXpa7iO6UrKktIgqRdrvx7nLjRbRHGmtzGvQ=,my library,Discover Feature,song,0
0ut67E6+04VZ9RDX1nJYPmPARhbgYbsjEKl7K4dpjDw=,w0/+8z/tSrUK3JctMyhYTh2LfNl9OFga+Tw0yl0IVfc=,my library,My library,online-playlist,1
baemFqI4x+fpHweCJQeb64jdSmOWUKkJuwK5BrgcsX0=,IiO/4aXuzEtXpyd1A7LV2TlAdIS5Rzl3hwdtbKuNBQ4=,radio,Radio,song-based-playlist,0
16fsOt7imefLSFsV7mWoP1AL+bpjP1NuWzQ5QP9tj8k=,sgHKhG2d57U2o88razl9SyG1nuuMDf0J2BuDhzoI12Y=,discover,My library,song-based-playlist,1
MxCUQ6tAD7LU1yR0gwRck91ZKE88gY8kD/rX9Hi9srQ=,5myS1WHBGGzoGGXLLGo/tIuHzWsyp0Ez0NoLWKdkA9Y=,my library,My library,song-based-playlist,1
Y8fGbgG4J6bpoXzljxRIp+hwVjk2ULHaLAfJatxHjg0=,itxXLRAtaLyj+idcWIsuKB0AEzijUgPrMhAvAKUSE2k=,discover,Discover Feature,radio,0
NzxFYmHEK32NaephTO2QGtxiR93Cf7U/Tp6jkoY25WE=,EH+nzRuSscqbP1Xd8ulzTMCGLEjqdzdxCaR8Fgyh6VY=,my library,Radio,online-playlist,1
frZtrrN1Y2ZqZX3VFiq7FpAvLth3kZJNovT9cmyn2O4=,OE6pqPyTUHX2LrFokqXrAVv6VkRGadC8XQ8CZZpaa3g=,explore,Discover Feature,song-based-playlist,1
H/MB+uttGlGIMr7qru4HYG4dVbh0e1mBuoryBOKz/RU=,ih58jIWgit7qPy3VpvbM6E7AIvs57ylCHMVpIl1T+Io=,search,Local playlist more,song,1
Mn98O4X/zceMt9nswcoq08F16ciCqhuN7lQ951MAL2o=,Ce8Mui+yVruumWy9pKMDfSRBFg1m93m/+XR8FHlktaE=,explore,My library,song,0
0gR6Hl63ExurTrvY9uEfmgDDgRj0nBaIse0DU199YT8=,r4lUPUkz3tAgIWaEyrSYVCxX1yz8PnlVuQz+To0Pd+c=,explore,Radio,local-library,1
sgT7F0PbR9/iCyzeSzcl//+E+fK3CeZmM1deeeJ5rZ8=,pCf4HI+z4rQsY9FF79m+Sojnl207qtHqtOWU2VFW1ZE=,discover,Radio,song-based-playlist,0
pRHIP4XdwWx7YpREsLN4sD0gb2BUEbhKytDXlwUAO+k=,KcQ4assZxaXsdizqxGjUSAY7CNc6+6hQzpVsjnWsShQ=,discover,Local playlist more,radio,1
mGDObQQojFOJfK2rJKcme282huuk0qDxBzWL22/qYbc=,wJdog4OHtULqly94aQ/X2uud6ya+juDh25ay4sqoxuI=,explore,Local playlist more,song,1
NwX1NaVlyw0jvfQNxLTcx9ztIUKVL/sjkccdAmMpfCA=,bTlSHgnwaBMIKHseTFHanJ3Zr4x82ybrGkexpnxDhTY=,explore,Local playlist more,song-based-playlist,1
4tuTIArXO3WO8/zS9y2CC34ywEfChjAKUchlKW00DMM=,YJKHI4Asj1oM5vJftbISis2QYliVSExtWiWnwb7TOgo=,radio,Local playlist more,local-library,1
MXIMDXO0j3UpaT7FvOSGW6Y5zfhlh+xYjTqGoUdMzEE=,BITuBuNyXQydJcjDL2BUnCu4/IXaJg5IPOuycc/4dtY=,search,My library,local-library,1
XHJRZV5Xgcub4dNGuzRj5tVfDD1iwrtoXmdQOWtlc3U=,gu/lHDjq6qqpU7r3CQkvRpGF9kqc2Mrn9CZhb7jrFvY=,search,My library,local-library,1
Mn98O4X/zceMt9nswcoq08F16ciCqhuN7lQ951MAL2o=,TLU46LbiJ+1mmJr4Le4Z5eaUQq3TiXgdZpE5EtR4WZI=,search,Local playlist more,song,0
YYdQJgjemCT/fAv8s+CwfmgDprAQOneJ2M2SdArq9V4=,5TKFWT9ivwAJiqRWz5apDsePXcJZ2b1RA/1gxTm6XoQ=,search,Local playlist more,song-based-playlist,1
UhqjLSMwLYzjZFDyYQF6A33phr0tPNXyu7+I08q/u8g=,w4Zku7HxtkAKl/BB8H81ZfWOXwnnmVbZBvFZeRPuRUU=,my library,Discover Feature,local-library,1
A6DJoTdyfFVxhngH62vlscx6pJsakhdeNs2vDEVTfH0=,podlycp3c6tOEDw7q8iQBVgvFjiMpkWWXTlXljGdbTY=,explore,Discover Feature,local-library,1
gxxBbzV3eE2XGjUrFVB2FzAve55Oe1s86HD+OEh36Gw=,Rerp71vL127G1162T5Bwgk3D6r/ZtiXDfWvYz+3ljhE=,radio,Local playlist more,radio,0
Mue3orxlJaHmK07bXWDrchFW1f/Or6TLVfMwx9fO9aA=,dKsoBHe5cVhyQSU8CimXs4ysaAky4RNgBwIafHaLkik=,explore,Explore,online-playlist,1
uQ6LOBwmu7lIjv+wFaq5+M4IcAZEha2J0uyDB6Y8aqY=,ra6TLz6Y37OSFOqg4aCvjV7nalatCwZdQvoJRMwSNvk=,radio,My library,local-library,0
UvM0IMLJ11PTOjdjhqapNQmHcbttfsiyv5+dtIR2IK0=,IomyG8OwXU9lWvede4KdHxtUZ+eppEdusnOCDDok36g=,search,Radio,song,1
0ut67E6+04VZ9RDX1nJYPmPARhbgYbsjEKl7K4dpjDw=,JVwoBKjxxE9L/IpNKsSCJJIYHcxvwxOKbFnM3TLwcTQ=,discover,My library,song-based-playlist,1
+boPBM5G5+vAfbO6zTy7A2FrVQyl91aBPGHkQ6ciNYc=,Tp37bk/x3F8bFpANiXXKtuLaaNtHDeQwsNUxYHNE4VY=,radio,Radio,online-playlist,0
IU4XmahhntFf39v7Xzd/Nk6fjzZCCpAjOU8xW2TWHGk=,Z+mhovcYbExPp66GnBecKttDRM5S5YCAw9vzJACsQAU=,search,Local playlist more,local-library,1
yBXKYfcmQ+TtIEvkLQXabAY2uwudIGn21dEZYAwCDCg=,ufjl9/oJJRQx/0JUEBaIeyE82HP0CF7Fy2LwOIiNiYY=,my library,Radio,online-playlist,0
AXKTVBbdr2/z7m5WL1IXzlriNbun8B+7wM41MsWCYDw=,Tp37bk/x3F8bFpANiXXKtuLaaNtHDeQwsNUxYHNE4VY=,explore,Radio,local-library,1
JkQacE3rvmhh65R04eDLbu+M7MCkpzmHwMGrbZo0puc=,7vGvrf5l1XzNbeLZXzQgaNvc2VBmncarpN3LQpLUZiY=,explore,Discover Feature,radio,0
V39VxDdE9SgMQZnX58oQChm9W056pw2lC3TiifMfkKw=,VqOqrfMxAOMwJpyfUSyWuPmHpMtSuzvrCvHgahApvDU=,discover,My library,local-library,1
R7AyK9ZUi5d21sCDumgghXW+TNacd/qN0dNMa0C22pA=,U9kojfZSKaiWOW94PKh1Riyv/zUWxmBRmv0XInQWLGw=,explore,Local playlist more,online-playlist,0
OOETiYOFhuTowtgRUIiKommGv0eo6XUHLc1ofgwcJew=,yL8VeuH6lYFA4hYVGX/1HmPogBfp1Ex4ZkL5PjWy11k=,radio,Radio,local-library,1
H/MB+uttGlGIMr7qru4HYG4dVbh0e1mBuoryBOKz/RU=,XA08z3r0wdQvY3CE0lFDTd/MuAgD7b0XKZnCvo+ylKE=,my library,Local playlist more,song,0
IU4XmahhntFf39v7Xzd/Nk6fjzZCCpAjOU8xW2TWHGk=,Sb2AlcokNNB8/NfoJjK+C/N5lmET1mY6HAd781MxQy0=,explore,Discover Feature,radio,1
K7obY5lUlZTd6a/byE9NG/e7Q/dlgHfppLbYk8OL7os=,CXdtx7/QxePhjYwYFcXVv+lXjCDEGRJ9r/OC7IQXthw=,my library,Explore,local-library,0
wv0o115CdKSsFlsV7VvHikjyxLG0LFc5qALhM8xkUZ4=,9YRkIrpN2f9PtHpeYsE03vYy9X7RpIR9XmGtxuyO5iY=,search,Discover Feature,local-library,0
OOETiYOFhuTowtgRUIiKommGv0eo6XUHLc1ofgwcJew=,yL8VeuH6lYFA4hYVGX/1HmPogBfp1Ex4ZkL5PjWy11k=,discover,Explore,radio,1
ocQB699RoI5sBlRUfv8tu++vqupI35/95l3U507jdpw=,DT35ri8FZuj7PGLxW/PhK5lt+CFVV85jDqPrBz6kixc=,discover,Discover Feature,radio,1
lq5Q5jIo2pNtn/bTBZy8e07jc4qcIhLI7PXeieo/EgI=,3W6VBSN09a/Vh9w1Fwmdus4H4xxmde/yu0RBgMcTtZM=,search,My library,local-library,1
ocQB699RoI5sBlRUfv8tu++vqupI35/95l3U507jdpw=,4MisMKfKs26kWvzPwqJMnqqoeNfOlsfiiFswvWIQOUI=,radio,Local playlist more,online-playlist,0
TxneOykZ/MOIbQmA/aJ4EUQUIR9r+Egt6TNQu0WgwpA=,dKfxhaRKwvhiYOUQ5JlkxQrJ/dDksdFueybCIdG5dXI=,my library,My library,song,1
BqnomjS+KJtzWrGRkqLEoO3I7KapwN4B8H9in4Fsf+I=,JRa3KgSwWDyY17usXoi6jN8O6v6t6Tq4xcwjbUkbQFQ=,search,Radio,radio,0
OMy7VLQDDDlAqrp/YCl+BvzGIgZoWNejIDqSl8siqIM=,edlow+cUeR+1RqGQ87VV7D3gqMw0amQYGEZZDm+sm7Q=,my library,My library,local-library,1
HVcWdf8CEo9s6qwt5V7TpoPYJfRlQSTA6b7kxEAImpc=,dKsoBHe5cVhyQSU8CimXs4ysaAky4RNgBwIafHaLkik=,my library,Local playlist more,online-playlist,1
0ut67E6+04VZ9RDX1nJYPmPARhbgYbsjEKl7K4dpjDw=,cQI8Uzy06tt/XJ59vDlifTQTl2qOiTFBkf5yVCUNoyg=,explore,Explore,local-library,1
crUeQ6DYDHHRNYmn+n5Kodfvu9ki0IdHfXHNlZEUPHs=,yPA+sQt5tJ3NgR6/L9BefmNpA2152zQQ+/Kvtt3iSUs=,search,My library,song-based-playlist,1
XHJRZV5Xgcub4dNGuzRj5tVfDD1iwrtoXmdQOWtlc3U=,JRa3KgSwWDyY17usXoi6jN8O6v6t6Tq4xcwjbUkbQFQ=,radio,Local playlist more,song-based-playlist,1
HVcWdf8CEo9s6qwt5V7TpoPYJfRlQSTA6b7kxEAImpc=,HRg8zzy3PcS4sBcZIFOcUL4uCqg7SurUslUQyF2op+o=,explore,My library,online-playlist,1
aMB9nC9PVKXsk/K++qMMG0in0dvk2XiUFuAnr10qiac=,n+pMhj/jpCnpiUcSDl4k3i9FJODDddEXmpE48/HczTI=,radio,Discover Feature,online-playlist,0
qd03y2Hs/0xCA/dPExadbY5XQdTHOcli3h8w4KTwhZ4=,0PSoBhrpfwF09qQKvTiItwZNPjOuyL0uoTazKevG8ls=,radio,Discover Feature,local-library,1
b5XWI+EhZTCGoQ6YK/SLu3tmCnKh8Z7wBK6Gztm49uA=,x6u5YRNWfWRwBSupKIjHonX/pAAr4HtXW4ZUIh7/iPo=,discover,Discover Feature,song,0
4DlS5LiANEKlMTQD08dakyV1JWwPYI/n1wyjx4ImjPc=,gG8cycpwQak+/chDrTlk8CXXIw4ztVIO1OhbdJBTav8=,discover,My library,song-based-playlist,1
6bwk5TTaA1YSOmPoxDgBBlV5CrZJEar2C6SxwT5nDrU=,EL5DbsSvhAFtMBBoOjs4aipOjC3Xj4syX/l/wlK+kdM=,my library,Local playlist more,online-playlist,1
EErUQnZWpOhxSvs3UlAQ6Jme7r+DjJyvkqhEceArwBA=,YmAISVdWO5T+OgcuVLr6qQ7OsqPzAbBO7BrEwfcxMSw=,radio,Explore,song,1
HVcWdf8CEo9s6qwt5V7TpoPYJfRlQSTA6b7kxEAImpc=,TIwOs7iFTKo3Cy2yiNReYYcZc1JyAx+0k08+z97k1dA=,radio,Explore,online-playlist,1
J/KdXo5kGQs+dRxYam3/tZlwhl7ZX+sYvvCdjg8Tqzg=,4ZISq5iNKgBGGW2OvKBBzBsYXRohcJYFkqx3uVFCAuA=,explore,My library,song-based-playlist,0
Tb5tCteFbk+G5Jyvq9SqD1eAzgZ98WR/xOCvvjkNCog=,7XjSvrL47/EJD2mNR0e2Ja+ed/Dm0j35tKPQLiO2Hjk=,search,Radio,online-playlist,1
16fsOt7imefLSFsV7mWoP1AL+bpjP1NuWzQ5QP9tj8k=,VRv9apZlj7gcyYq1zz2eZsYOnpnoNg+e4GG0b0b0Glo=,my library,Radio,local-library,1
baemFqI4x+fpHweCJQeb64jdSmOWUKkJuwK5BrgcsX0=,R1769yIwSejBpG/qGgxdD3BiYXI2fJgMg1jjlKCPhIo=,explore,Local playlist more,song-based-playlist,1
NzxFYmHEK32NaephTO2QGtxiR93Cf7U/Tp6jkoY25WE=,d2k4F/IYpmudgfCxsRAXVHBdYHPfcWmhCYmjdXxigLE=,discover,My library,song-based-playlist,1
crUeQ6DYDHHRNYmn+n5Kodfvu9ki0IdHfXHNlZEUPHs=,YN4T/yvvXtYrBVN8KTnieiQohHL3T9fnzUkbLWcgLro=,search,Discover Feature,online-playlist,0
R7AyK9ZUi5d21sCDumgghXW+TNacd/qN0dNMa0C22pA=,0ee/D6HjX0jSytUn3v58C0x6zEzN4bcPq3WlqvrG/Xo=,radio,Radio,song-based-playlist,1
UGX+2jh3WO5XRuVOPuPCiIetzHlBjh0DPOLPeJSe36E=,reXuGcEWDDCnL0K3Th//3DFG4S1ACSpJMzA+CFipo1g=,my library,Discover Feature,online-playlist,1
1wiu2UfN0BNhHfPTrDS3S/rQkX/vnwDoKH6ODTUdH9k=,cR+VrCdZkNm/QM0WjQQip9AnOrT/auRDZboM1KpevS4=,explore,Explore,online-playlist,1
9wwJC2y3YDYTilHnM+uYnPS7GCxV625Hs4VZ7sc6OKY=,Ru7n8Xw2s8LGDsgDhyzWqCWQRWQW9KNPY9qMOFAf5x0=,discover,My library,radio,0
/mmecbnAd2Jrji3aonisktBko1/o+F68GqpV8X4gHiI=,0ee/D6HjX0jSytUn3v58C0x6zEzN4bcPq3WlqvrG/Xo=,discover,Radio,song,1
akW+xn32y3X+ZisQokWwV8+caojTEpm3E8lV8E3yuBk=,w0/+8z/tSrUK3JctMyhYTh2LfNl9OFga+Tw0yl0IVfc=,discover,Discover Feature,online-playlist,1
0gR6Hl63ExurTrvY9uEfmgDDgRj0nBaIse0DU199YT8=,Hg9Bv1grz9a7lTp6HxpK//dV5AOqft4uk1fjIfPMJFE=,my library,My library,song,0
BNSYbtaNNCYfKVig95LpQJArTEx/RN2FgivSohB8r8M=,podlycp3c6tOEDw7q8iQBVgvFjiMpkWWXTlXljGdbTY=,discover,Discover Feature,song,1
O3ElkgfVd3DoJysnWAIgIPF4N3Y9LPmlm+aC5G+UXGY=,IiO/4aXuzEtXpyd1A7LV2TlAdIS5Rzl3hwdtbKuNBQ4=,discover,Discover Feature,local-library,0
O3ElkgfVd3DoJysnWAIgIPF4N3Y9LPmlm+aC5G+UXGY=,Gew5+s/HwCSjQ6bX7/dZ0pXS6TB4ccOrOYcQg7FWDZI=,explore,Local playlist more,song-based-playlist,1
dO8vzPwqXvOjrPWDW++gVecwTNnzesp3zW1dtRc6KEk=,jFUlstiDM/0JBpQz1N1Mr1uJj0H8kiQsJjfbnx45gHs=,radio,Local playlist more,local-library,0
NzxFYmHEK32NaephTO2QGtxiR93Cf7U/Tp6jkoY25WE=,u6/Pb7X4u7KU4gXrBgGqt8RlRrNNFLn03tLAHyxRxwA=,my library,Explore,radio,1
3TZaybijIyaqU3P+moI/mzFWcAj6aR0p7bmxLT9iRq8=,c2bp6xlq7o3Pj6x95ddX67S/wGsP6qPN/8PqM1DL0a8=,discover,Radio,radio,1
4DlS5LiANEKlMTQD08dakyV1JWwPYI/n1wyjx4ImjPc=,kTfvijj0YOM4LkNBb+6RCPKakz/8NEw5y2PMdmc9bc8=,radio,My library,radio,1
a3O5che4tB5RTo8XoApn10uQ+FpVjTNwJfNrrQyaMXk=,48PnLVsKQXwlRoNr7779QyZxweYBbpX9z3E1YZm2F/A=,my library,Local playlist more,local-library,1
FG+WikEK8x1GZIB4E2keTq2SJX4bXjFjG5gkjc8qbcw=,WrVBxKvotVYzAKxCxNAGssQ1oCgO0gAJ4sNCfhfdfOY=,discover,Local playlist more,online-playlist,1
TDHfjwkLrnoorqjTUFtlzSL47Yl1oEBpHM8k7qHrIdI=,Ujt3R5hAe0Pix2mURuC+CO6aazhCvEU2lByPzy3E90k=,radio,Local playlist more,local-library,1
YU6fAgCFgPkaJ1YSW2838KzGTxmBCfgousTO8jwuHYM=,6LdT9BiGIlQ3rJped7PACqnrzstFXz8dXD6MmmsA8uI=,search,Discover Feature,song-based-playlist,1
UhqjLSMwLYzjZFDyYQF6A33phr0tPNXyu7+I08q/u8g=,eKCra1VJtznUJW/pya0TCpqHRxHxdQ51S3fspJmR2gs=,my library,My library,local-library,0
jL7ukei/Kb4gDCfTG4+VhV4TzLaDecjji/aW+GqWvac=,Ot8WIXZXzvgZeZoCwcimfORgLbZJJdslmuvO1ufZB7k=,discover,My library,radio,1
UvM0IMLJ11PTOjdjhqapNQmHcbttfsiyv5+dtIR2IK0=,q5/Vwifgv0SGdEIyiMU2F0pIXkeCIW3w2xB8n4iMoS0=,explore,Local playlist more,online-playlist,1
rGbXmjKDOsBV9n2LJEPtx4GcJS00c7Bs9ZFo6icxVJM=,DRWs2zLgDBAqLqyHsNZVPyiBed+Iutm+qsoWqvo6dkA=,my library,Local playlist more,local-library,1
UhqjLSMwLYzjZFDyYQF6A33phr0tPNXyu7+I08q/u8g=,Hum12fv82coQWytuQUP8K0cHEdJ9zz10RrGjsGqmDpw=,search,Radio,online-playlist,1
yBXKYfcmQ+TtIEvkLQXabAY2uwudIGn21dEZYAwCDCg=,750RprmFfLV0bymtDH88g24pLZGVi5VpBAI300P6UOA=,search,My library,song-based-playlist,1
a3O5che4tB5RTo8XoApn10uQ+FpVjTNwJfNrrQyaMXk=,3OvsjjGFnEouJggaSOMVUVgzrgoTRtKd97GVQlQXUWQ=,search,Explore,radio,0
hOyJGmY7tciqGf1EhDj5UT86IfSSnaTHP5JWAPxYN6s=,G0rUz0kguI35yzj95LX2BXI30PqCcJJtPNfirR0BhIs=,search,Discover Feature,song-based-playlist,0
sgT7F0PbR9/iCyzeSzcl//+E+fK3CeZmM1deeeJ5rZ8=,D1tFsBLd9VWbonfb6Vek0BI2EJB6udLOuV/x+ptYpOI=,my library,Radio,song-based-playlist,1
Z56mxjHqnR1FK1d5gkf5ARTxwZF8h0HPI+rHFGRrMHo=,J3iRhTSYqG12XgzsbOSJYdIFWZ39JaYoP3XSWM/pcHM=,radio,My library,radio,0
YU6fAgCFgPkaJ1YSW2838KzGTxmBCfgousTO8jwuHYM=,CivTL87a654wHFVt1BEZu+cryDKO8mYRsrxpEW8oVm8=,radio,My library,song-based-playlist,0
dU4RbzpIRRd/EkA9Xncpy9CglzDBZp7nKMfdnfr3Aj8=,yBHK9ZzaYyeNaPr1ucAkD3RH7dKwaEY8dtplxwkxr44=,radio,Explore,online-playlist,1
+3RfkckBHS0oQrrjJj7p69bdwJak+qzKq0fhFaeXUxA=,KZ5hwP74wRO6kRapVIprwodtNdVD2EVD3hkZmmyXFPk=,radio,Discover Feature,radio,1
YYdQJgjemCT/fAv8s+CwfmgDprAQOneJ2M2SdArq9V4=,JRa3KgSwWDyY17usXoi6jN8O6v6t6Tq4xcwjbUkbQFQ=,discover,Local playlist more,song,1
dO8vzPwqXvOjrPWDW++gVecwTNnzesp3zW1dtRc6KEk=,7vGvrf5l1XzNbeLZXzQgaNvc2VBmncarpN3LQpLUZiY=,search,My library,radio,0
WRwcfUKwDVQ46cylDQ1Tf8ayTojVYeh/00m0ubVNxQo=,TYhx9eqWklddkLQlApQ5MS9jJCO4H3JHdpISZ3kZSRE=,discover,Explore,song-based-playlist,0
NwX1NaVlyw0jvfQNxLTcx9ztIUKVL/sjkccdAmMpfCA=,wBTWuHbjdjxnG1lQcbqnK4FddV24rUhuyrYLd9c/hmk=,my library,Local playlist more,local-library,0
aMB9nC9PVKXsk/K++qMMG0in0dvk2XiUFuAnr10qiac=,27vpOctGRDxfm4nJsYUfvNaoL8ayuXiYAYUH4H1mfJk=,my library,Radio,radio,1
VE8ZRudqIj9zHOSXxGg3cLOBkbykv78DwWN6IXRusWo=,D1tFsBLd9VWbonfb6Vek0BI2EJB6udLOuV/x+ptYpOI=,search,Explore,song,1
1wiu2UfN0BNhHfPTrDS3S/rQkX/vnwDoKH6ODTUdH9k=,HbqkjwnnIt6BtfmvVyXTdPHAsFCYxU74sv8+s1lfIwE=,discover,Explore,online-playlist,1
EDSn8rAs8qjUvqhhFG5diTbaVbJi8qkoKXeMzf2JGVQ=,un97bVjGL490RQbl8kr/58qbzkeuFBGMnXFRst9RArs=,my library,Explore,song-based-playlist,1
Ty59+gs+lfVbfm1T/SDqLmbFhtkAP4Mm75uYiaKZ6kk=,DRWs2zLgDBAqLqyHsNZVPyiBed+Iutm+qsoWqvo6dkA=,explore,Radio,online-playlist,1
oqovZIlVcIUL0aIMGYtXxy3R+xJcxmJBJUXeIb+HJYA=,G0rUz0kguI35yzj95LX2BXI30PqCcJJtPNfirR0BhIs=,discover,Local playlist more,online-playlist,1
Mn98O4X/zceMt9nswcoq08F16ciCqhuN7lQ951MAL2o=,d9Flpsyq/y8CR3F213pnXUkrfK1fMClvhYH37pFSc7s=,explore,Radio,online-playlist,0
uQ6LOBwmu7lIjv+wFaq5+M4IcAZEha2J0uyDB6Y8aqY=,TbrfWJpl81E4alsi2+b84oeUu+b5S/8n9yFlZDriNYs=,my library,Radio,song,1
aMB9nC9PVKXsk/K++qMMG0in0dvk2XiUFuAnr10qiac=,NDtiB0N12yjIn9D9reqXF8NPPCq6vMNhOwd9A/c3qd8=,search,Local playlist more,local-library,1
OOUnJuX4SteRhUdJZ9B2DqtfiwsfcZVBefEhXLeBsFg=,H9SPhwq9W0h/3XECeWOjmDRiVN7V5bxTLFlOqWDcqrI=,explore,Discover Feature,local-library,1
+Y+wTRRkZ0QA3bV4+7nwu8qlN5Kb7ygMhqvB5L929YI=,p/yR06j/RQ2J6yGCFL0K+1R06OeG+eXcwxRgOHDo/Tk=,search,Explore,song,1
lSkUSnCm60kDLdEsnAVp6jwr2HkyIhDCEZLX82djjHg=,i7p594HsKb4cYynsE1a80PmSBL9bFI2dmBu16bwdke4=,radio,Local playlist more,online-playlist,1
frZtrrN1Y2ZqZX3VFiq7FpAvLth3kZJNovT9cmyn2O4=,jRzcNOC0WGSfwQmr9ZP5mxiPYxAdkGrPFGc0GvS1dOs=,search,Explore,local-library,1
QDvq4xn7ZSBkamVnc8nL672oxKVqcR2zdgRGQf0giXs=,sgHKhG2d57U2o88razl9SyG1nuuMDf0J2BuDhzoI12Y=,search,Discover Feature,online-playlist,1
2tmUzRCcD0l3et0ck9XfxZT6gT9LM3w8gwfckVNylIU=,Zks8Is+xdBwLuMg0lYynAU4FanLNf/tyuZ8d7IEvY9c=,radio,Radio,online-playlist,1
hOyJGmY7tciqGf1EhDj5UT86IfSSnaTHP5JWAPxYN6s=,hDaCYJApKdeZGK7HPAWppz+FfmRwNh9g1wBc/EkBfYE=,radio,Explore,local-library,0
JkQacE3rvmhh65R04eDLbu+M7MCkpzmHwMGrbZo0puc=,b7yydI1iGdF/kFybrbVHHDXeI/9stzEWK1i77MLj4rU=,discover,My library,song-based-playlist,0
mDJCU+fKu/mbdk9l4SmPYiJwpeMyK44o9wmG1X3735A=,nW7czLK5LBcCT/uAo+03SyWAbaEEaSnXI5uxhC7QiBM=,radio,Radio,local-library,0
ocQB699RoI5sBlRUfv8tu++vqupI35/95l3U507jdpw=,k8DZF0FFuy2GydI7mnH1tH50pFcEQMPYVD/A7Y/T0QI=,discover,Local playlist more,radio,1
mDJCU+fKu/mbdk9l4SmPYiJwpeMyK44o9wmG1X3735A=,eSerI0GiRKmKVwhbY05QQi6DSRrCz4/vhiyvipqURDk=,radio,My library,online-playlist,1
UvM0IMLJ11PTOjdjhqapNQmHcbttfsiyv5+dtIR2IK0=,Hl6EBpUuCKh8k8Mzao5hml03O4q0syx+7atSC3vEvok=,radio,Discover Feature,online-playlist,1
4DlS5LiANEKlMTQD08dakyV1JWwPYI/n1wyjx4ImjPc=,S9Ceoq7vRyE9wVvIyi8dWYZ+9bN3W/hP8i6nFTM8y70=,radio,My library,local-library,0
pRHIP4XdwWx7YpREsLN4sD0gb2BUEbhKytDXlwUAO+k=,VEHQ9uyNfwMBFPtkLOFGSOnovTSfj6RlQbgYZYp1xZQ=,radio,Radio,song-based-playlist,1
saNgxsUQwx4IXBRgFF0w3uJN6KzvQBEv3dI7dDaz97g=,h6SYWHqaMPtbHyqeNQGtCRfq7GAH4+9hrauUwd5z2VA=,explore,Radio,song-based-playlist,1
cF/VJmBHwhcqdd016oPP1wXBdWSjxEHEzwlhEn4+/4A=,kFx6IW7O34CiWxdfV61/cIjZs57ZasQBPjJQSJk2pk0=,explore,Discover Feature,local-library,0
oqovZIlVcIUL0aIMGYtXxy3R+xJcxmJBJUXeIb+HJYA=,MwZaD94L4Wl4APdJSVQF5JPt+xH6hb2KtWpFsjwYUlo=,my library,Explore,local-library,0
EErUQnZWpOhxSvs3UlAQ6Jme7r+DjJyvkqhEceArwBA=,oDG5WCyUlb9i/Sr34Fljeh0YsONZKxl+7jjUw27vm5U=,my library,Discover Feature,song-based-playlist,1
Tb5tCteFbk+G5Jyvq9SqD1eAzgZ98WR/xOCvvjkNCog=,95c7DAPEYsXPp72TZ4teA4ErdV1TNjajZcdk/if6AVM=,explore,Radio,radio,1
Wg1bSRX3JtJ9ElarOhpbEaV5pu9lgTeS33mARTV+Sl8=,43Qm2YzsP99P5wm37B1JIhezUcQ/1CDjYlQx6rBbz2U=,my library,Explore,local-library,1
rEVqJ3NIxC9LSUZYOj1ft5VSAvFo3AxNu2k36hKKtWc=,A7Z2nDVASy04EpmfzOL9PRMN3hFVbWQ7ah4J+o9sLnE=,my library,Local playlist more,local-library,1
8ncKS6kWM+oSslEfrPcRMcHq5VVQqBcbWoQ0FHlDgPA=,CfOyUSvBAIGhsUEcZ6hTnWLLaQrDtzVmoIdmIMXBOTA=,explore,Local playlist more,radio,1
dO8vzPwqXvOjrPWDW++gVecwTNnzesp3zW1dtRc6KEk=,eKCra1VJtznUJW/pya0TCpqHRxHxdQ51S3fspJmR2gs=,radio,My library,radio,0
qd03y2Hs/0xCA/dPExadbY5XQdTHOcli3h8w4KTwhZ4=,A8VVQOKrMDk0G8oU6z8qJ5Ggs5DneqlCpdoiKqKYIfY=,explore,Radio,song,1
tNvUsQwOJX5OgGsBBN9to3vI+DoUc6S1BFgNXUaYoo0=,DKGm2awf1TsLWeXqpDfVVQf5M2qPmcxI9Dwxz+45Qqs=,explore,Explore,local-library,0
dO8vzPwqXvOjrPWDW++gVecwTNnzesp3zW1dtRc6KEk=,YJKHI4Asj1oM5vJftbISis2QYliVSExtWiWnwb7TOgo=,my library,My library,online-playlist,1
5pr+x566HOsYLEv4ouZ5cEHFFwBB74xaFbExdPGJ6b0=,Y2CFnBr/mdTuaxOu3vKcbuUBE0UmhAIx+Pkgazp+j4c=,discover,Explore,online-playlist,1
zYTm2T59lT+Z/hpoywdET+EGMcRhwi4rzL7WD09iRC0=,WWgB6GYGuyplhfw51plAbvpnixjsFA3XKSyEuTN42Tk=,radio,Discover Feature,radio,0
HVcWdf8CEo9s6qwt5V7TpoPYJfRlQSTA6b7kxEAImpc=,i356q8t0P9emMJq8PsFkY6CGoi34mP3cgXuDpfEDyhY=,radio,Discover Feature,online-playlist,0
xQp8uu2ljPWqokw6Eg+4TCB/GUC/EZwFMcapcleGiDw=,JP0GJixHOHSNDsjKiQY2ttQKbDmWSk35JMMfPtR06BM=,search,Explore,online-playlist,0
TDHfjwkLrnoorqjTUFtlzSL47Yl1oEBpHM8k7qHrIdI=,DRWs2zLgDBAqLqyHsNZVPyiBed+Iutm+qsoWqvo6dkA=,explore,Local playlist more,song-based-playlist,1
TxneOykZ/MOIbQmA/aJ4EUQUIR9r+Egt6TNQu0WgwpA=,ra6TLz6Y37OSFOqg4aCvjV7nalatCwZdQvoJRMwSNvk=,my library,My library,radio,0
WtuOpsYQ8St9zt7yySdryqDUCxeT4/v2rLRA7+lsahQ=,Z+mhovcYbExPp66GnBecKttDRM5S5YCAw9vzJACsQAU=,my library,Radio,radio,0
EZmIP7zKgqKwpEHnuDjRIkzCmcLNlHn4hkiglZ5LxK8=,SHV52/0W8kZcf3uJZF9+ZP3S5vu2RO4WNGhZ8qQHulU=,radio,Local playlist more,local-library,0
2LbejuZF550yFLDXLIBw3gd/c462BIJ+S/SOwneSXUM=,LBnwicJLcepb/l8c68qpMRJIaUcm1UvgtKEfQwITrpI=,radio,Local playlist more,local-library,1
/mmecbnAd2Jrji3aonisktBko1/o+F68GqpV8X4gHiI=,fLcg1JwIF80DBi1D5gheP1WuO4IXt4HFSd19TZ6y61M=,search,Discover Feature,song,1
5pr+x566HOsYLEv4ouZ5cEHFFwBB74xaFbExdPGJ6b0=,G0rUz0kguI35yzj95LX2BXI30PqCcJJtPNfirR0BhIs=,search,Radio,song-based-playlist,1
zYTm2T59lT+Z/hpoywdET+EGMcRhwi4rzL7WD09iRC0=,Xpjwi8UAE2Vv9PZ6cZnhc58MCtl3cKZEO1sdAkqJ4mo=,discover,Explore,radio,1
uA7h005WTDJTwS1Tv1uzmWcWTpt/7x7Xx8JydbeMi2U=,F48LS/DqAt1EnPHRezspUgYaZcmiOoyOD75UFpHenEE=,explore,My library,local-library,1
a6uMxhS43vQ++TrVP3jdHT4lFfjw61SlIsCkvigQ5ro=,5myS1WHBGGzoGGXLLGo/tIuHzWsyp0Ez0NoLWKdkA9Y=,radio,My library,radio,1
Y4FvDsosFNoz4ZHIAbuwgUBSFK8qY2oE5p7V8wymc/Q=,ZcKgNis1AP1LA0sdtIddrtk7P04iiJzJrXvwXdT/X3Q=,my library,Radio,online-playlist,1
UjuPJCQo/YoGVR/yJ+CocmWUk2czJE0BBKqaPpVYV64=,etnpvFVFCKje9Br8nB2pWWlaMRVwN6euSQc9+7ZnXR4=,my library,Radio,local-library,0
FaH6rl69OOVwbsO30jjdjVXD9wJO8pcVZS6LGy5zTJM=,YJKHI4Asj1oM5vJftbISis2QYliVSExtWiWnwb7TOgo=,discover,My library,local-library,0
crUeQ6DYDHHRNYmn+n5Kodfvu9ki0IdHfXHNlZEUPHs=,NhQfOVnptpW5z5qsP/sN+hVS8TM2iYvdy/ZGVe7K+kM=,my library,My library,radio,1
KsjbiO2iw8TpMfu+9Bf2p8GI57Q53lsHXy1xWIMKH/E=,gu/lHDjq6qqpU7r3CQkvRpGF9kqc2Mrn9CZhb7jrFvY=,radio,Discover Feature,radio,0
qljEWgpUDxIw7Lpc9mpZSYjpH+RmsE3T6s0x852lzRY=,PQ60bLYQn4lnOqNp2pmsUziCKclqLai5pemA9rWWQko=,discover,Discover Feature,radio,1
qd03y2Hs/0xCA/dPExadbY5XQdTHOcli3h8w4KTwhZ4=,zg6SzD3aqsnOqqyhFYTdbCNFrhSACbwefB/ZFi68AO0=,my library,Local playlist more,song,1
R2FvE4x+hefwL4evbgNGNCng13c1MkP3PHocNtU91qU=,WLWYK2ULyKhj/FAWvhEOVQuDlZmsmTkKscwahrXsoBM=,search,My library,online-playlist,0
K7obY5lUlZTd6a/byE9NG/e7Q/dlgHfppLbYk8OL7os=,msy6vSQ15p6RVJfm/bSgcDwd3YSLp445Pdhzw6CEZRM=,my library,My library,online-playlist,1
tNvUsQwOJX5OgGsBBN9to3vI+DoUc6S1BFgNXUaYoo0=,oTGg75yjTAP0grXmGld3EUD0b/b9u7lW2JyUX/mBiXI=,search,Explore,song,1
V39VxDdE9SgMQZnX58oQChm9W056pw2lC3TiifMfkKw=,R0OblQ0po9uQ3LqOiECHcoyAupHbLkslFkvX52Ukhek=,explore,Local playlist more,local-library,1
BqnomjS+KJtzWrGRkqLEoO3I7KapwN4B8H9in4Fsf+I=,EL5DbsSvhAFtMBBoOjs4aipOjC3Xj4syX/l/wlK+kdM=,discover,Radio,local-library,1
cNssc+2L1Fx77CzASou28E9qfWeJjQKZtfoADkl/xkQ=,+yj1hcpU3QLGXS2iW9srqWCBV5NE73L9hHR3kbV2NQg=,radio,Discover Feature,song-based-playlist,1
mrjKYVskMUAksvPgRky/E2g/TiPdbpH1j5CCOzAC5RU=,UQeOwfhcqgEcIwp3cgNiLGW1237Qjpvqzt/asQimVp0=,explore,Explore,online-playlist,0
4aRFGkKzGUpqTbjojytAtRQNdx0egL02hjJhSqq0+NA=,xK0clTH8TvjG6sKmJXZuMLzhikhlEsolLtx2AHBpmbQ=,discover,Radio,local-library,1
EZmIP7zKgqKwpEHnuDjRIkzCmcLNlHn4hkiglZ5LxK8=,opfHqJ0Oz4KsSqM5/TqBERkLI9DFnMD0Jywzh7XSE6Y=,discover,Discover Feature,song,1
lFQM2AQ0IIifeOgmnRDSFEuWfh7XQZm0Z+O6K696CQk=,XVAiWjCX02nhNZ8t4bKfJOsVU51bG0YJXuOUl00tTgY=,search,Explore,radio,1
UhqjLSMwLYzjZFDyYQF6A33phr0tPNXyu7+I08q/u8g=,SKRQpz3EM5UIxT2LCGzK5k0aYg4QtyHWtr0L/EK6By8=,radio,Local playlist more,local-library,0
Y8fGbgG4J6bpoXzljxRIp+hwVjk2ULHaLAfJatxHjg0=,uWfF+7Tl/V+phd01+33EDRjMiRZz4adW0bI/Mh194L8=,explore,My library,song-based-playlist,1
Xbrr2Sbq8NuLG+1QZWm/Iu5P52fUTvgspCYNG8wmfPQ=,DRWs2zLgDBAqLqyHsNZVPyiBed+Iutm+qsoWqvo6dkA=,my library,Explore,online-playlist,0
rdNI0wgxmcsOgjH0akX2/zzW8qbDZc45D681Mpq45jI=,zHqZ07gn+YvF36FWzv9+y8KiCMhYhdAUS+vSIKY3UZY=,explore,My library,song,1
Mn98O4X/zceMt9nswcoq08F16ciCqhuN7lQ951MAL2o=,9YRkIrpN2f9PtHpeYsE03vYy9X7RpIR9XmGtxuyO5iY=,discover,Explore,song,1
0gR6Hl63ExurTrvY9uEfmgDDgRj0nBaIse0DU199YT8=,YpeEDiJw4nf+dGvwJJqGWlFsbJp2cRxhmB3vioPeU0E=,search,Explore,song-based-playlist,1
K7obY5lUlZTd6a/byE9NG/e7Q/dlgHfppLbYk8OL7os=,41aDNLPNdJ8PZdNo46uAPDJ4yFTKrPYY1jeM4CucBGs=,search,Local playlist more,song,1
4abUL+lw0T5WFbdgeEyj8UHqyYxA7Exgw2tWiDJVSwY=,U9kojfZSKaiWOW94PKh1Riyv/zUWxmBRmv0XInQWLGw=,explore,Discover Feature,song,1
2+T8pswRgDmvZ6B4esKi3lWZyT4xqeVKmv19J0/y51w=,338YQI2OhQDjVCbuAJ2t0PQtzDG8KRSFdB69kiwt3CM=,explore,My library,local-library,0
3i0jlUKhqqUKqFsoJVgN2UcDOuri7fCiE33XUCnKHXo=,+Sm75wnBf/sjm/QMUAFx8N+Ae04kWCXGlgH50tTeM6c=,search,My library,song-based-playlist,1
E3yiQ2d5+KiGkm622V73IRgukx9qXPYJIpG6xWF/lF4=,p/yR06j/RQ2J6yGCFL0K+1R06OeG+eXcwxRgOHDo/Tk=,my library,Radio,local-library,1
A6DJoTdyfFVxhngH62vlscx6pJsakhdeNs2vDEVTfH0=,yn6Kt6+romPpZ1i6+hqI3WJ42G5SdsX3a+l59IaMcp4=,explore,Explore,online-playlist,1
Ty59+gs+lfVbfm1T/SDqLmbFhtkAP4Mm75uYiaKZ6kk=,JiHWUXkERiCPai7GKXVal+Cns8SWC8Ft0+5NKSQdbfU=,explore,Explore,radio,0
SZ5NNypqaTWljFO1HiVZwkw3713+rM9x/JNdJd8/fzc=,7EnDBkQYJpipCyRd9JBsug4iKnfAunUXc14/96cNotg=,my library,Radio,online-playlist,0
rEVqJ3NIxC9LSUZYOj1ft5VSAvFo3AxNu2k36hKKtWc=,YJKHI4Asj1oM5vJftbISis2QYliVSExtWiWnwb7TOgo=,my library,Discover Feature,radio,0
Mn98O4X/zceMt9nswcoq08F16ciCqhuN7lQ951MAL2o=,9YYrODwrXpDcCjOJypHROv3f5z40y11QlmgQjmzp2vQ=,discover,Local playlist more,local-library,1
/mmecbnAd2Jrji3aonisktBko1/o+F68GqpV8X4gHiI=,++QfzyM/LiFaCuvkDFK/wJe13ZEMgTgAaVCcolo7nnY=,my library,Local playlist more,radio,1
3TZaybijIyaqU3P+moI/mzFWcAj6aR0p7bmxLT9iRq8=,Y2CFnBr/mdTuaxOu3vKcbuUBE0UmhAIx+Pkgazp+j4c=,my library,Local playlist more,online-playlist,0
AEZNdJt0QGYpBlT97tdnNaNHW5SqpgJb70TFmeZBYbg=,jFUlstiDM/0JBpQz1N1Mr1uJj0H8kiQsJjfbnx45gHs=,explore,Local playlist more,song,1
LThaiVqGGnVTPmTcmwN/LLo4fVb5dzkduzd7s1SgzIA=,HRg8zzy3PcS4sBcZIFOcUL4uCqg7SurUslUQyF2op+o=,explore,My library,radio,0
/2A361q3cuoEFZ0FoMEWj8SIVRJyPpHZQ5ni6Oud88M=,HbqkjwnnIt6BtfmvVyXTdPHAsFCYxU74sv8+s1lfIwE=,my library,Discover Feature,song,0
wv0o115CdKSsFlsV7VvHikjyxLG0LFc5qALhM8xkUZ4=,eqxzfyc6kVOcYTDo7GCguRsfLEplxdlJ+umjJsB8gdY=,explore,Radio,local-library,0
P3tJU/DjIEbh0ucnC1KT8wojenDDSwx+blB8pFp/KeE=,wxghAK3cq1rb0Kkyx6dSxzKGYadE8TQWF9L6dq9B1Is=,search,Radio,song-based-playlist,0
J/KdXo5kGQs+dRxYam3/tZlwhl7ZX+sYvvCdjg8Tqzg=,oAfWzsEYsibZUgmlL8NNYoO0aB4gSyU2tfsQvQp+7f4=,my library,Discover Feature,online-playlist,1
KsjbiO2iw8TpMfu+9Bf2p8GI57Q53lsHXy1xWIMKH/E=,Hl6EBpUuCKh8k8Mzao5hml03O4q0syx+7atSC3vEvok=,my library,Radio,online-playlist,0
9wwJC2y3YDYTilHnM+uYnPS7GCxV625Hs4VZ7sc6OKY=,yLoN4bFNhNb3LXZ4EdnptePHtj3Ztmrw/p13qGn3GTw=,explore,Explore,radio,0
gxxBbzV3eE2XGjUrFVB2FzAve55Oe1s86HD+OEh36Gw=,nwSpTQoTbubQRzCAjsWTemzjG0B36aa5Dqpi2py8jsU=,search,Discover Feature,local-library,0
gNqpBxDbTlhvjHhGUzkOXI7uwdcMfsUjThCFibPphkQ=,jZVQRajq2WbbIoSiF5MSCyJKgTt7tpITHayD3PYKg88=,discover,Explore,song-based-playlist,1
HfVrxfpxOJuQ4FofEFxdlwm9yvaoy8y0JOH3GaQ/RTs=,GRaVokpHF2Uk3hgKnyJ2mDSmHvie4lyE0i6l5rA2yWU=,my library,My library,online-playlist,0
E23IyF1NtT7IeesuDuHWR6g/yMpWrq3cN3U4qTjXE0A=,Kpyp6PVaOaQz81TH4KYB59FJiO/GVgzDVyCmiyxHTxc=,discover,Radio,song-based-playlist,0
EZmIP7zKgqKwpEHnuDjRIkzCmcLNlHn4hkiglZ5LxK8=,W+akwEPQhC1OugUaQlo0DR9xVs49UbJDZbiGvgN6ZyY=,radio,My library,local-library,1
rdNI0wgxmcsOgjH0akX2/zzW8qbDZc45D681Mpq45jI=,AyU+NHMfkl3i4KQlaVcu2Y5w4JS+yMgNapvCrDuQtmY=,explore,Radio,song-based-playlist,1
2yBzq7nUBV99ankkp7O46elZikHVB5BvqHcr2Lzetlc=,LnbFBEyneTI7mID7Pw+s14Kf3o73LucRxwS3Wpfjsf4=,explore,Explore,online-playlist,1
Z56mxjHqnR1FK1d5gkf5ARTxwZF8h0HPI+rHFGRrMHo=,6HofPS0v2MVFsL10yCN7dXUL+gUOnvsD35vx3HmRbdE=,discover,Radio,song,0
7xiBI5xU3P2/IiR9teB7jySfzWo96JGikGajteLd3Cs=,zuyzUP11fbgoVp6IMfWK378GDToe59ZlK5gkf+7aKdg=,radio,My library,song-based-playlist,1
PC0HTwpYB4UtDaA1s7qlkmktEzeiz57VXvIJijk6ChQ=,PQ60bLYQn4lnOqNp2pmsUziCKclqLai5pemA9rWWQko=,explore,Discover Feature,local-library,1
fVZedYe9G51wW8jy3Ws7FuF5IKx7zxQYWvPAfCdIRJE=,7XjSvrL47/EJD2mNR0e2Ja+ed/Dm0j35tKPQLiO2Hjk=,explore,Discover Feature,online-playlist,0
KGXNZ/H3VxvET/+rGxlrAe7Gpz2eKMXyuSg3xh8Ij1M=,jHMqK5wu5C0txl0QCxpkSM1xbIev60ii+dc99LXu8EI=,search,Explore,song-based-playlist,0
TxvdtN1Ehq4kbgU5J7lw+ik6Pc0NZjnQKARPiCCf0fk=,7EnDBkQYJpipCyRd9JBsug4iKnfAunUXc14/96cNotg=,discover,Discover Feature,local-library,0
8tSgHKzljg7TyPLYrU9L7CgHIdShVvyV/d6PccMRzhw=,A+RNE+nwHzzYdQliLcF1YcaMpmDL91TAbz8xALp4FEM=,my library,Explore,local-library,1
UGX+2jh3WO5XRuVOPuPCiIetzHlBjh0DPOLPeJSe36E=,0ee/D6HjX0jSytUn3v58C0x6zEzN4bcPq3WlqvrG/Xo=,discover,Radio,radio,0
NwX1NaVlyw0jvfQNxLTcx9ztIUKVL/sjkccdAmMpfCA=,A+RNE+nwHzzYdQliLcF1YcaMpmDL91TAbz8xALp4FEM=,discover,Explore,local-library,0
P3tJU/DjIEbh0ucnC1KT8wojenDDSwx+blB8pFp/KeE=,R1769yIwSejBpG/qGgxdD3BiYXI2fJgMg1jjlKCPhIo=,discover,My library,song-based-playlist,1
rdNI0wgxmcsOgjH0akX2/zzW8qbDZc45D681Mpq45jI=,XVAiWjCX02nhNZ8t4bKfJOsVU51bG0YJXuOUl00tTgY=,discover,Radio,song-based-playlist,0
JkQacE3rvmhh65R04eDLbu+M7MCkpzmHwMGrbZo0puc=,7Xxzo9Z584Z1AhkaLLWEcpzcEuxcquGE52Ztc4879YI=,search,Explore,local-library,1
8ncKS6kWM+oSslEfrPcRMcHq5VVQqBcbWoQ0FHlDgPA=,R0OblQ0po9uQ3LqOiECHcoyAupHbLkslFkvX52Ukhek=,my library,My library,local-library,0
4abUL+lw0T5WFbdgeEyj8UHqyYxA7Exgw2tWiDJVSwY=,7sD/47OK7UjsdmBjtLCUTIdX9Df8TjpHyOOeA0Koxy8=,search,Local playlist more,song,0
rdNI0wgxmcsOgjH0akX2/zzW8qbDZc45D681Mpq45jI=,zg6SzD3aqsnOqqyhFYTdbCNFrhSACbwefB/ZFi68AO0=,explore,Explore,radio,0
8Pvl/iQSa1A4J/op1WLFoj9PGFv5WHjDas6efapYoss=,6pe6XOKc+06NhkgrFitOb/EKMj910AlS34LdhP510LE=,radio,Radio,song-based-playlist,0
a89sofbsaFkpzn8/P10elgzbXDQokPTlsKc1uqi7Zco=,7vGvrf5l1XzNbeLZXzQgaNvc2VBmncarpN3LQpLUZiY=,discover,My library,song-based-playlist,1
n5v6IqRk4CZnELtP0Z2et7EZrdPicfyhvD2gIdq1Mcc=,G/4+VCRLpfjQJ4SAwMDcf+W8PTw0eOBRgFvg4fHUOO8=,discover,Local playlist more,radio,1
Y8fGbgG4J6bpoXzljxRIp+hwVjk2ULHaLAfJatxHjg0=,wBTWuHbjdjxnG1lQcbqnK4FddV24rUhuyrYLd9c/hmk=,discover,Radio,online-playlist,1
Jc84woRFJuyMAC6hDcH/Rr84MGq9ucuxeZveZ00kI5o=,WOvHYkt7XUOtmMOTsgT+2vJKydJEVInZGliuLUXoV7o=,search,Radio,song,0
O3ElkgfVd3DoJysnWAIgIPF4N3Y9LPmlm+aC5G+UXGY=,M9rAajz4dYuRhZ7jLvf9RRayVA3os61X/XXHEuW4giA=,radio,My library,song,1
2yBzq7nUBV99ankkp7O46elZikHVB5BvqHcr2Lzetlc=,gu/lHDjq6qqpU7r3CQkvRpGF9kqc2Mrn9CZhb7jrFvY=,radio,Radio,radio,1
a3O5che4tB5RTo8XoApn10uQ+FpVjTNwJfNrrQyaMXk=,6pe6XOKc+06NhkgrFitOb/EKMj910AlS34LdhP510LE=,search,Explore,online-playlist,1
DqwB7smOAIbNnnQbWOpfsmy9znTwfDEQCW1I6ujFG48=,g9qhCRIaFUnq4Z9HJcFQWHWRstWhK4NoB2sRPoD9iuc=,explore,Explore,online-playlist,1
UjuPJCQo/YoGVR/yJ+CocmWUk2czJE0BBKqaPpVYV64=,cy10N2j2sdY/X4BDUcMu2Iumfz7pV3tqE5iEaup2yGI=,radio,Explore,radio,1
YQiox2a4tbRbNBaL+VfOLH8oea77HPJMPWRh8euXZqM=,h6SYWHqaMPtbHyqeNQGtCRfq7GAH4+9hrauUwd5z2VA=,my library,My library,radio,1
16fsOt7imefLSFsV7mWoP1AL+bpjP1NuWzQ5QP9tj8k=,80hnDqhSe9u2uIaLvDh1tCbwryzDrsf789zgDDF+k+s=,my library,Radio,radio,1
xQp8uu2ljPWqokw6Eg+4TCB/GUC/EZwFMcapcleGiDw=,1GI0GC3w9c0tDD2s0qP15DxrLUs9JX9XW6fKbY0rBZ8=,radio,My library,local-library,1
mrjKYVskMUAksvPgRky/E2g/TiPdbpH1j5CCOzAC5RU=,ys+EL8Sok4HC4i7sDY0+slDNGVZ8+uOQi6TQ6g8VSF4=,my library,Local playlist more,song-based-playlist,0
oqovZIlVcIUL0aIMGYtXxy3R+xJcxmJBJUXeIb+HJYA=,HTu0yj2OGmSKPV6I6ktmb6DnmnZY8ZSFrrzNFR/MOfQ=,discover,My library,song,1
rGbXmjKDOsBV9n2LJEPtx4GcJS00c7Bs9ZFo6icxVJM=,VkILU0H1h3NMmk9MQrXouNudGk5n8Ls5cqRRuBxeTh4=,discover,Discover Feature,song-based-playlist,1
BqnomjS+KJtzWrGRkqLEoO3I7KapwN4B8H9in4Fsf+I=,U9kojfZSKaiWOW94PKh1Riyv/zUWxmBRmv0XInQWLGw=,my library,Explore,song-based-playlist,1
p9Lk74DKfVohPHjTvzHSVQ3lRaqW2ofcBolP45FJgiQ=,hme5eV1flIR0iLiRc0XRKQHssHaz7palP92OutFelak=,my library,My library,song,0
lq5Q5jIo2pNtn/bTBZy8e07jc4qcIhLI7PXeieo/EgI=,H9SPhwq9W0h/3XECeWOjmDRiVN7V5bxTLFlOqWDcqrI=,radio,Discover Feature,online-playlist,1
akW+xn32y3X+ZisQokWwV8+caojTEpm3E8lV8E3yuBk=,HTu0yj2OGmSKPV6I6ktmb6DnmnZY8ZSFrrzNFR/MOfQ=,my library,Radio,song,0
pJxMd9PL/N7CdwTwKu3YqiqYSRAJHuejlrTonaPfPfU=,d5ayexvXscdzmuGxENyY8Uwb4AQaxt0dEcnkAgES7xw=,discover,Discover Feature,radio,0
PC0HTwpYB4UtDaA1s7qlkmktEzeiz57VXvIJijk6ChQ=,8OsXpp32oqorzAN4NNkVouaV0I81ddPLZ8DxMRAGJdQ=,explore,My library,song-based-playlist,0
Jc84woRFJuyMAC6hDcH/Rr84MGq9ucuxeZveZ00kI5o=,+CvzJ0dbjOAypszTDhMrSjJJQYNbEiDrSod3wwcOA1k=,my library,My library,online-playlist,1
EErUQnZWpOhxSvs3UlAQ6Jme7r+DjJyvkqhEceArwBA=,FynUyq0+drmIARmK1JZ/qcjNZ7DKkqTY6/0O0lTzNUI=,search,Radio,local-library,1
PwnWgkloewAh6nr1MpRnSm6jbrltEb328ifDj7ccDZc=,A7Z2nDVASy04EpmfzOL9PRMN3hFVbWQ7ah4J+o9sLnE=,my library,My library,local-library,1
5wvbHjIY9vAARXRg82rOSUqfZlHLqJN88I8W8bwsiSc=,Hl6EBpUuCKh8k8Mzao5hml03O4q0syx+7atSC3vEvok=,radio,Local playlist more,local-library,0
rEVqJ3NIxC9LSUZYOj1ft5VSAvFo3AxNu2k36hKKtWc=,9zVQUtq/Uzlxk3X7BwI28CSY7FomzpmtsRc8f2bRyJE=,radio,My library,song,0
frZtrrN1Y2ZqZX3VFiq7FpAvLth3kZJNovT9cmyn2O4=,/SfOXDLarv4WeXEX6g9GfKgd1R+BnBG2+k/vanWU5FA=,explore,Explore,local-library,1
wobMEyGx2iCkFu27/HPRJIky3S8tO/rS8Rr+tsvEe0k=,W4gOC3iBXV97C05qyVDGIKAJg76BJcrzWPnLwkKK6kQ=,search,Local playlist more,local-library,1
/2A361q3cuoEFZ0FoMEWj8SIVRJyPpHZQ5ni6Oud88M=,BxDBwZ9N4vb18iY72TA2T1VROqz00TpBvOVeefkm9KM=,radio,Radio,online-playlist,1
O3ElkgfVd3DoJysnWAIgIPF4N3Y9LPmlm+aC5G+UXGY=,tB7WW8fbj7VdrPYInjSGBfslYr2DKNIeeFKQsqqMZvc=,search,Discover Feature,song,1
A6DJoTdyfFVxhngH62vlscx6pJsakhdeNs2vDEVTfH0=,un97bVjGL490RQbl8kr/58qbzkeuFBGMnXFRst9RArs=,radio,Explore,radio,0
1wiu2UfN0BNhHfPTrDS3S/rQkX/vnwDoKH6ODTUdH9k=,dKsoBHe5cVhyQSU8CimXs4ysaAky4RNgBwIafHaLkik=,radio,Discover Feature,online-playlist,1
PC0HTwpYB4UtDaA1s7qlkmktEzeiz57VXvIJijk6ChQ=,1PR/lVwL4VeYcZjexwBJ2NOSTfgh8JoVxWCunnbJO/8=,discover,Local playlist more,online-playlist,1
a89sofbsaFkpzn8/P10elgzbXDQokPTlsKc1uqi7Zco=,s84FxzZB6F3J6VOD21RuFLngqi6nMsKA4txNXn+pbK8=,my library,My library,song-based-playlist,1
xQp8uu2ljPWqokw6Eg+4TCB/GUC/EZwFMcapcleGiDw=,Z2Y3t/lsoBgA/2HAfy3UP+QWfdckt9BK2u6n8xwqkng=,discover,Discover Feature,radio,1
s8Oce1igq03hako2pQCfeXyPVkBs77ArjdrZEQAjpbk=,B2jGIdcFp/C/jeFaJdOwrw72q0kEetFFo+fReLkd6o0=,radio,Local playlist more,online-playlist,0
NzxFYmHEK32NaephTO2QGtxiR93Cf7U/Tp6jkoY25WE=,Tp37bk/x3F8bFpANiXXKtuLaaNtHDeQwsNUxYHNE4VY=,radio,Local playlist more,song,1
ocQB699RoI5sBlRUfv8tu++vqupI35/95l3U507jdpw=,DH9SXL888u6VtOCkF/nqFbmtHlEkYgh9atVYPHfSfo4=,my library,My library,online-playlist,0
pJxMd9PL/N7CdwTwKu3YqiqYSRAJHuejlrTonaPfPfU=,7zFV1bMlN//PbeZut5RL6SnRlZ7/9nBKIXf/dzhK9kM=,explore,Explore,online-playlist,0
EErUQnZWpOhxSvs3UlAQ6Jme7r+DjJyvkqhEceArwBA=,edlow+cUeR+1RqGQ87VV7D3gqMw0amQYGEZZDm+sm7Q=,discover,Discover Feature,song,0
TDHfjwkLrnoorqjTUFtlzSL47Yl1oEBpHM8k7qHrIdI=,A8VVQOKrMDk0G8oU6z8qJ5Ggs5DneqlCpdoiKqKYIfY=,radio,Discover Feature,online-playlist,1
a89sofbsaFkpzn8/P10elgzbXDQokPTlsKc1uqi7Zco=,r4lUPUkz3tAgIWaEyrSYVCxX1yz8PnlVuQz+To0Pd+c=,radio,Local playlist more,radio,1
tnPUP8fJSxqSkuJZygxUzdvY2dVUyPxoKCGHmrwcKEM=,kTfvijj0YOM4LkNBb+6RCPKakz/8NEw5y2PMdmc9bc8=,my library,Local playlist more,song,1
Bljj9o7B1zgL0RIpZef1SlSigiTIMr0mDPv7aUyzuXo=,JA6C0GEK1sSCVbHyqtruH/ARD1NKolYrw7HXy6EVNAc=,radio,Radio,online-playlist,1
gNqpBxDbTlhvjHhGUzkOXI7uwdcMfsUjThCFibPphkQ=,u6/Pb7X4u7KU4gXrBgGqt8RlRrNNFLn03tLAHyxRxwA=,radio,Local playlist more,local-library,1
w4SNbHDAMuMbulkgcHGYOl/datijVua3CR5D73DylLs=,NDtiB0N12yjIn9D9reqXF8NPPCq6vMNhOwd9A/c3qd8=,my library,Discover Feature,song-based-playlist,0
lSkUSnCm60kDLdEsnAVp6jwr2HkyIhDCEZLX82djjHg=,HRg8zzy3PcS4sBcZIFOcUL4uCqg7SurUslUQyF2op+o=,discover,My library,online-playlist,1
TDHfjwkLrnoorqjTUFtlzSL47Yl1oEBpHM8k7qHrIdI=,iiifj//EcKnociT6W3nBASJygGe/TyFB41UD1bTtnU0=,search,Discover Feature,online-playlist,0
LThaiVqGGnVTPmTcmwN/LLo4fVb5dzkduzd7s1SgzIA=,LnbFBEyneTI7mID7Pw+s14Kf3o73LucRxwS3Wpfjsf4=,my library,Explore,radio,0
SWoa4UvhuutHxhcRAxlfTc6Jr1j5tGw9cp3Kiq+ayKM=,A0t3F/l/3A5UvyPnNQNkrwJuW4vH7f/ttZZ9ud7eWx8=,radio,My library,local-library,1
8ncKS6kWM+oSslEfrPcRMcHq5VVQqBcbWoQ0FHlDgPA=,6HofPS0v2MVFsL10yCN7dXUL+gUOnvsD35vx3HmRbdE=,search,Explore,local-library,1
2tmUzRCcD0l3et0ck9XfxZT6gT9LM3w8gwfckVNylIU=,xeyouM+hIjUtImV20of0p7SrDY4UnejP5Q/BnCHYG00=,explore,Local playlist more,radio,1
NwX1NaVlyw0jvfQNxLTcx9ztIUKVL/sjkccdAmMpfCA=,gffrcQ9mFCfCwM4Gx7ArXpR8J749p3tfh/tM0chIODo=,radio,Local playlist more,song-based-playlist,0
ocQB699RoI5sBlRUfv8tu++vqupI35/95l3U507jdpw=,pHaz1pjrzfa+p9u7Ga2ngsEhHUyUgT1Npouo+nP6e8s=,discover,Radio,radio,1
+boPBM5G5+vAfbO6zTy7A2FrVQyl91aBPGHkQ6ciNYc=,95c7DAPEYsXPp72TZ4teA4ErdV1TNjajZcdk/if6AVM=,search,Explore,radio,1
xjA4Fs3CO4k3jQSXLFhn21zxTcYVRRRTzof3ZPn8KFg=,THqGcrzQyUhBn1NI/+Iptc1vKtxBIEg0uA8iaoJnO1Q=,discover,Radio,song,0
Y4FvDsosFNoz4ZHIAbuwgUBSFK8qY2oE5p7V8wymc/Q=,Ujt3R5hAe0Pix2mURuC+CO6aazhCvEU2lByPzy3E90k=,my library,My library,song-based-playlist,1
OyELWVNKZMJtqg+BFArzAokp8bn+pGhBWbCZaxyLIus=,NhQfOVnptpW5z5qsP/sN+hVS8TM2iYvdy/ZGVe7K+kM=,explore,My library,song-based-playlist,1
K7obY5lUlZTd6a/byE9NG/e7Q/dlgHfppLbYk8OL7os=,31Tp9mUO5cVc8fEd67bI5GTrfev3MiXPUokaum1m3K8=,discover,Discover Feature,local-library,0
dZNojW/n4mqxR6RSZt4CMeCnJzzxBYi6n9qQCKbghvE=,Sb2AlcokNNB8/NfoJjK+C/N5lmET1mY6HAd781MxQy0=,my library,Discover Feature,radio,1
rRUTKZAVxGBh5XRUk+Lk/b/gHcAOsbk1hiQiEfubDh4=,wH3O5bbWPKwaed4dTZHBx//gQ5BzAjdnyaHM8hozEiY=,search,My library,radio,1
0gR6Hl63ExurTrvY9uEfmgDDgRj0nBaIse0DU199YT8=,7sD/47OK7UjsdmBjtLCUTIdX9Df8TjpHyOOeA0Koxy8=,discover,Local playlist more,online-playlist,1
Xbrr2Sbq8NuLG+1QZWm/Iu5P52fUTvgspCYNG8wmfPQ=,W4gOC3iBXV97C05qyVDGIKAJg76BJcrzWPnLwkKK6kQ=,explore,Explore,song-based-playlist,1
0ut67E6+04VZ9RDX1nJYPmPARhbgYbsjEKl7K4dpjDw=,95c7DAPEYsXPp72TZ4teA4ErdV1TNjajZcdk/if6AVM=,discover,Radio,online-playlist,1
sgT7F0PbR9/iCyzeSzcl//+E+fK3CeZmM1deeeJ5rZ8=,+SstqMwhQPBQFTPBhLKPT642IiBDXzZFwlzsLl4cGXo=,discover,Explore,song-based-playlist,0
HdnZZ4P0Vjxo2tgTvO1rsT/H3NkG7jvfrnCuF7TBK0A=,9Xxvd9J4SpEakcmoYTvt+ekTW15btrc+DKumBSTJZU0=,explore,Local playlist more,local-library,1
xEeMEDdDCvfLGt6eoayVgVh48nLdPvEm1XzwzY6lT58=,8Ckw1wek5d6oEsNUoM4P5iag86TaEmyLwdtrckL0Re8=,my library,My library,song,0
QDvq4xn7ZSBkamVnc8nL672oxKVqcR2zdgRGQf0giXs=,wfSboJwFBF6YyVmGO0wCeRtMdrqwkOgwPHV+YmSUl5Y=,radio,Radio,song,1
V8pNUizcKwTRuSQAtzXJBAJ7B8cyf0EegXkljvIvFqo=,PWxngjBL3gt2KhdKy8MwEYTgAw/lkL9F/lqqjciktFk=,radio,Radio,radio,0
P3tJU/DjIEbh0ucnC1KT8wojenDDSwx+blB8pFp/KeE=,Z+mhovcYbExPp66GnBecKttDRM5S5YCAw9vzJACsQAU=,radio,My library,local-library,1
8ncKS6kWM+oSslEfrPcRMcHq5VVQqBcbWoQ0FHlDgPA=,YBrWf/Hac5La5V2HZ80Mi70NzUcTehVDWhkIp8h4Klg=,radio,Discover Feature,local-library,1
mDJCU+fKu/mbdk9l4SmPYiJwpeMyK44o9wmG1X3735A=,U8VgelI8G461f4FVJHnavdn4zx7XjmSFcNHZ3Hru3TU=,explore,Discover Feature,song,1
NzxFYmHEK32NaephTO2QGtxiR93Cf7U/Tp6jkoY25WE=,2xoPPf/RyHAxRqSSP41itnzRofW3noLzFLGfmvREFQQ=,search,My library,song-based-playlist,0
w4SNbHDAMuMbulkgcHGYOl/datijVua3CR5D73DylLs=,DT35ri8FZuj7PGLxW/PhK5lt+CFVV85jDqPrBz6kixc=,discover,Local playlist more,radio,0
z1IXxOkXP6uCWwFJLibRkXzU7USedggSWIfGJl/HFQg=,hme5eV1flIR0iLiRc0XRKQHssHaz7palP92OutFelak=,radio,Discover Feature,local-library,0
YkG93vvIFdFWVWsYqT5w6t0X4uw9/RS03jqzhBzxFlc=,HTu0yj2OGmSKPV6I6ktmb6DnmnZY8ZSFrrzNFR/MOfQ=,discover,My library,song,1
EDSn8rAs8qjUvqhhFG5diTbaVbJi8qkoKXeMzf2JGVQ=,5Qh7YI03x2cbQFFv/e+faYhVpFAzjvnuE3YXkx2KgsQ=,radio,Radio,radio,0
HVcWdf8CEo9s6qwt5V7TpoPYJfRlQSTA6b7kxEAImpc=,XUz4Z4wPPChz+OIwkwj7HJ8teIjW3rEMdEATM80rDxM=,discover,Discover Feature,local-library,1
0ut67E6+04VZ9RDX1nJYPmPARhbgYbsjEKl7K4dpjDw=,w4Zku7HxtkAKl/BB8H81ZfWOXwnnmVbZBvFZeRPuRUU=,explore,Radio,online-playlist,0
n7V1D5AuwLykWxCzsU1eNPSyxVbrSXs6IXiWF2zN0gY=,YJKHI4Asj1oM5vJftbISis2QYliVSExtWiWnwb7TOgo=,explore,Explore,online-playlist,0
ZIThPCdbFdxx0T+qKaAnQprzkTcoMTJL66Of3nlFGLA=,1GI0GC3w9c0tDD2s0qP15DxrLUs9JX9XW6fKbY0rBZ8=,radio,Explore,song-based-playlist,1
0ut67E6+04VZ9RDX1nJYPmPARhbgYbsjEKl7K4dpjDw=,zQ42nV6yi4mJlCn/6KEjm+SP6pEwUsd3P9fpI8tDiWE=,discover,My library,song-based-playlist,1
mDJCU+fKu/mbdk9l4SmPYiJwpeMyK44o9wmG1X3735A=,G21dv1ZiXpa7iO6UrKktIgqRdrvx7nLjRbRHGmtzGvQ=,explore,Explore,local-library,0
gxxBbzV3eE2XGjUrFVB2FzAve55Oe1s86HD+OEh36Gw=,4brTUuIjK24sVlWzSLLL33b3JbwhNVfaDo7vvBt9FCQ=,explore,Discover Feature,radio,1
KsjbiO2iw8TpMfu+9Bf2p8GI57Q53lsHXy1xWIMKH/E=,JA6C0GEK1sSCVbHyqtruH/ARD1NKolYrw7HXy6EVNAc=,radio,Radio,local-library,1
BNSYbtaNNCYfKVig95LpQJArTEx/RN2FgivSohB8r8M=,ys+EL8Sok4HC4i7sDY0+slDNGVZ8+uOQi6TQ6g8VSF4=,search,Explore,radio,0
E23IyF1NtT7IeesuDuHWR6g/yMpWrq3cN3U4qTjXE0A=,43Qm2YzsP99P5wm37B1JIhezUcQ/1CDjYlQx6rBbz2U=,radio,Discover Feature,local-library,1
n5v6IqRk4CZnELtP0Z2et7EZrdPicfyhvD2gIdq1Mcc=,msy6vSQ15p6RVJfm/bSgcDwd3YSLp445Pdhzw6CEZRM=,my library,My library,song,1
5LGtbWKwKifap3ECM6HO04gPY339RM0oF7D/MfWzUxg=,cLpXPLkgvZlNs+wbtHh2zFjvGMH61BU5fj79s+G2/PE=,explore,Explore,local-library,1
a89sofbsaFkpzn8/P10elgzbXDQokPTlsKc1uqi7Zco=,R0OblQ0po9uQ3LqOiECHcoyAupHbLkslFkvX52Ukhek=,search,My library,song-based-playlist,0
2+T8pswRgDmvZ6B4esKi3lWZyT4xqeVKmv19J0/y51w=,Q+minHX51E+PXPs1VxkIlW+XhmV9ANm2rchEcZ8Wt9k=,discover,Discover Feature,online-playlist,1
VE8ZRudqIj9zHOSXxGg3cLOBkbykv78DwWN6IXRusWo=,gvHR5iZ5GWVYZBMTQFo/k0LB3Hh2RDUNhDgOCzICosE=,discover,Local playlist more,online-playlist,1
WRwcfUKwDVQ46cylDQ1Tf8ayTojVYeh/00m0ubVNxQo=,KZ5hwP74wRO6kRapVIprwodtNdVD2EVD3hkZmmyXFPk=,explore,Local playlist more,song-based-playlist,1
yBXKYfcmQ+TtIEvkLQXabAY2uwudIGn21dEZYAwCDCg=,f0Yvo22LVUbRIlICXcEEym7IYNVjUqghZryP6Vf103A=,explore,Radio,song-based-playlist,0
/mmecbnAd2Jrji3aonisktBko1/o+F68GqpV8X4gHiI=,WDhQhhbq+bwhBY642Fx3e5eGBdvqzzXmwiouCaVI0R0=,my library,Local playlist more,local-library,0
4abUL+lw0T5WFbdgeEyj8UHqyYxA7Exgw2tWiDJVSwY=,BITuBuNyXQydJcjDL2BUnCu4/IXaJg5IPOuycc/4dtY=,search,Radio,local-library,1
3TZaybijIyaqU3P+moI/mzFWcAj6aR0p7bmxLT9iRq8=,6LdT9BiGIlQ3rJped7PACqnrzstFXz8dXD6MmmsA8uI=,radio,Explore,song-based-playlist,0
E23IyF1NtT7IeesuDuHWR6g/yMpWrq3cN3U4qTjXE0A=,750RprmFfLV0bymtDH88g24pLZGVi5VpBAI300P6UOA=,explore,Local playlist more,song-based-playlist,1
vSstkkQzt3KMmyvh0MGHpXpgzHO6kobAYipy6ik6HB8=,NhQfOVnptpW5z5qsP/sN+hVS8TM2iYvdy/ZGVe7K+kM=,explore,Radio,radio,0
4DlS5LiANEKlMTQD08dakyV1JWwPYI/n1wyjx4ImjPc=,z8xAhD/t0v/wUKZ8Rz0Pwojr5psdmUQn3/eu0Yw11zQ=,radio,Discover Feature,local-library,1
qljEWgpUDxIw7Lpc9mpZSYjpH+RmsE3T6s0x852lzRY=,S9Ceoq7vRyE9wVvIyi8dWYZ+9bN3W/hP8i6nFTM8y70=,explore,Radio,local-library,1
HdnZZ4P0Vjxo2tgTvO1rsT/H3NkG7jvfrnCuF7TBK0A=,h6SYWHqaMPtbHyqeNQGtCRfq7GAH4+9hrauUwd5z2VA=,search,My library,online-playlist,0
tlFGRF/TtrSwJA9XPHL4cajWghZCbAbhzif/6wJiN6Q=,q5/Vwifgv0SGdEIyiMU2F0pIXkeCIW3w2xB8n4iMoS0=,my library,My library,song,1
TxvdtN1Ehq4kbgU5J7lw+ik6Pc0NZjnQKARPiCCf0fk=,rqNd52MxQ+okfR61j2c7u36DLODO4d2Zt/hMm3jxncM=,my library,Explore,local-library,1
P+Sxa9gtP8P8IQcpPGbwWmEFdrF16hTrtfXyfa5aGoI=,7Xxzo9Z584Z1AhkaLLWEcpzcEuxcquGE52Ztc4879YI=,search,Radio,song,0
FG+WikEK8x1GZIB4E2keTq2SJX4bXjFjG5gkjc8qbcw=,XA08z3r0wdQvY3CE0lFDTd/MuAgD7b0XKZnCvo+ylKE=,explore,Radio,song-based-playlist,1
rdNI0wgxmcsOgjH0akX2/zzW8qbDZc45D681Mpq45jI=,AJQOsWR+d8TYfx8K3IngAs9/GSQE5ujDqBx/8PYm6zo=,my library,Explore,local-library,1
E23IyF1NtT7IeesuDuHWR6g/yMpWrq3cN3U4qTjXE0A=,gffrcQ9mFCfCwM4Gx7ArXpR8J749p3tfh/tM0chIODo=,my library,Local playlist more,song-based-playlist,1
LR9NLKme+aT6uoW3R5XlLu9gq7LQG6tt+bJTEPpcrGg=,l71bGvOgjZIJQHa+E1GW7L5QWYSliCUKy+Hg3SmxzOE=,explore,Discover Feature,song-based-playlist,1
xEeMEDdDCvfLGt6eoayVgVh48nLdPvEm1XzwzY6lT58=,zx4aCmk+b/uPmvESsG8ekvi7qWmifSPNMXg1i8wyG8Q=,discover,Explore,online-playlist,1
V39VxDdE9SgMQZnX58oQChm9W056pw2lC3TiifMfkKw=,OakhL7CLirelAGEP9sYyP6fmTa8HV1mD/qVdpM6o5uE=,explore,Discover Feature,local-library,1
H/MB+uttGlGIMr7qru4HYG4dVbh0e1mBuoryBOKz/RU=,a4TbK5V15pj3YZUOGa9h2U3t0OsE+3aiFw41mNlcgcw=,discover,Local playlist more,online-playlist,1
qljEWgpUDxIw7Lpc9mpZSYjpH+RmsE3T6s0x852lzRY=,+CvzJ0dbjOAypszTDhMrSjJJQYNbEiDrSod3wwcOA1k=,radio,Local playlist more,online-playlist,0
w4SNbHDAMuMbulkgcHGYOl/datijVua3CR5D73DylLs=,MwZaD94L4Wl4APdJSVQF5JPt+xH6hb2KtWpFsjwYUlo=,discover,Local playlist more,online-playlist,1
5wvbHjIY9vAARXRg82rOSUqfZlHLqJN88I8W8bwsiSc=,80hnDqhSe9u2uIaLvDh1tCbwryzDrsf789zgDDF+k+s=,explore,My library,song-based-playlist,1
s8Oce1igq03hako2pQCfeXyPVkBs77ArjdrZEQAjpbk=,VkDBgh89umc9m6uAEfD6LXngetyGhln4vh/ArCGO0nY=,search,Radio,local-library,1
FGtllVqz18RPiwJj/edr2gV78zirAiY/9SmYvia+kCg=,4MisMKfKs26kWvzPwqJMnqqoeNfOlsfiiFswvWIQOUI=,my library,Discover Feature,online-playlist,1
/mmecbnAd2Jrji3aonisktBko1/o+F68GqpV8X4gHiI=,S9Ceoq7vRyE9wVvIyi8dWYZ+9bN3W/hP8i6nFTM8y70=,radio,Explore,song,1
akW+xn32y3X+ZisQokWwV8+caojTEpm3E8lV8E3yuBk=,DRWs2zLgDBAqLqyHsNZVPyiBed+Iutm+qsoWqvo6dkA=,radio,Explore,local-library,1
16fsOt7imefLSFsV7mWoP1AL+bpjP1NuWzQ5QP9tj8k=,reXuGcEWDDCnL0K3Th//3DFG4S1ACSpJMzA+CFipo1g=,explore,Radio,local-library,1
dO8vzPwqXvOjrPWDW++gVecwTNnzesp3zW1dtRc6KEk=,M0vkEMBlcbeVSWQQx/6FtXbJ57IiCw27TW8/vmSayk8=,radio,Discover Feature,online-playlist,1
5wvbHjIY9vAARXRg82rOSUqfZlHLqJN88I8W8bwsiSc=,hDaCYJApKdeZGK7HPAWppz+FfmRwNh9g1wBc/EkBfYE=,explore,Discover Feature,song-based-playlist,1
Y8fGbgG4J6bpoXzljxRIp+hwVjk2ULHaLAfJatxHjg0=,r5BnHxvuPlLjwr4MHf3dF3yUY+NVS6rHrkVG7wVZ1uE=,radio,Discover Feature,song-based-playlist,1
+Y+wTRRkZ0QA3bV4+7nwu8qlN5Kb7ygMhqvB5L929YI=,zx4aCmk+b/uPmvESsG8ekvi7qWmifSPNMXg1i8wyG8Q=,radio,My library,song-based-playlist,0
cF/VJmBHwhcqdd016oPP1wXBdWSjxEHEzwlhEn4+/4A=,sgHKhG2d57U2o88razl9SyG1nuuMDf0J2BuDhzoI12Y=,search,Local playlist more,song-based-playlist,1
0gR6Hl63ExurTrvY9uEfmgDDgRj0nBaIse0DU199YT8=,7vGvrf5l1XzNbeLZXzQgaNvc2VBmncarpN3LQpLUZiY=,search,Radio,local-library,0
4tuTIArXO3WO8/zS9y2CC34ywEfChjAKUchlKW00DMM=,BxDBwZ9N4vb18iY72TA2T1VROqz00TpBvOVeefkm9KM=,discover,Explore,radio,0
hOyJGmY7tciqGf1EhDj5UT86IfSSnaTHP5JWAPxYN6s=,zcieWa7/2VeVp0m0fa95RI3i6FIfNTMzVvYXm3X64Y8=,explore,Explore,radio,0
4DlS5LiANEKlMTQD08dakyV1JWwPYI/n1wyjx4ImjPc=,wJdog4OHtULqly94aQ/X2uud6ya+juDh25ay4sqoxuI=,my library,Local playlist more,local-library,1
E3yiQ2d5+KiGkm622V73IRgukx9qXPYJIpG6xWF/lF4=,wfSboJwFBF6YyVmGO0wCeRtMdrqwkOgwPHV+YmSUl5Y=,explore,Discover Feature,song-based-playlist,1
EErUQnZWpOhxSvs3UlAQ6Jme7r+DjJyvkqhEceArwBA=,9zVQUtq/Uzlxk3X7BwI28CSY7FomzpmtsRc8f2bRyJE=,radio,Radio,song,1
1m91HsZUO53drOd2CmAT2nf4JnK4xxBfbzPNTu9pkjU=,cy10N2j2sdY/X4BDUcMu2Iumfz7pV3tqE5iEaup2yGI=,search,Radio,song-based-playlist,1
cqjRBV/jWN2ujhc+z/4tz+Mj6xEfflAAt6qBXCqxKvw=,9YYrODwrXpDcCjOJypHROv3f5z40y11QlmgQjmzp2vQ=,explore,Discover Feature,online-playlist,1
OMy7VLQDDDlAqrp/YCl+BvzGIgZoWNejIDqSl8siqIM=,F48LS/DqAt1EnPHRezspUgYaZcmiOoyOD75UFpHenEE=,search,Radio,song,0
5pr+x566HOsYLEv4ouZ5cEHFFwBB74xaFbExdPGJ6b0=,HRg8zzy3PcS4sBcZIFOcUL4uCqg7SurUslUQyF2op+o=,search,Local playlist more,local-library,0
EBXSMA3gzTff0F01n56dHSBQR/IDWiwuw5S+ksPgTc0=,SKRQpz3EM5UIxT2LCGzK5k0aYg4QtyHWtr0L/EK6By8=,search,Explore,local-library,1
WtuOpsYQ8St9zt7yySdryqDUCxeT4/v2rLRA7+lsahQ=,6pe6XOKc+06NhkgrFitOb/EKMj910AlS34LdhP510LE=,discover,Radio,song,0
Z56mxjHqnR1FK1d5gkf5ARTxwZF8h0HPI+rHFGRrMHo=,h90KlUZE/mlkkPjhbhz3hXY1zvOhqJXuiKBoFWnTDAo=,explore,Local playlist more,local-library,1
H1D92jYJ3GyJWLmt3ZAE3QgxgfCCit8WTsT7+KwS+vw=,FynUyq0+drmIARmK1JZ/qcjNZ7DKkqTY6/0O0lTzNUI=,discover,Explore,online-playlist,1
38LUs5mVWNKfyjL7ilf9JCnWZLjnno2obLXr69JJKcw=,XA08z3r0wdQvY3CE0lFDTd/MuAgD7b0XKZnCvo+ylKE=,discover,Radio,song,1
XHJRZV5Xgcub4dNGuzRj5tVfDD1iwrtoXmdQOWtlc3U=,edlow+cUeR+1RqGQ87VV7D3gqMw0amQYGEZZDm+sm7Q=,discover,My library,radio,0
LR9NLKme+aT6uoW3R5XlLu9gq7LQG6tt+bJTEPpcrGg=,WJyW1Eqg3hXHl2+JB/qMSAQ/3VxqSNVvPniD/ReCo2I=,my library,Discover Feature,online-playlist,1
08sWvzS2VVyKAVQRi6z4gxGxRQ0YQM0BXsXdVEKuzSQ=,wp1gSQ4LlMEF6bzvEaJl8VdHlAj/EJMTJ0ASrXeddbo=,discover,My library,online-playlist,0
IU4XmahhntFf39v7Xzd/Nk6fjzZCCpAjOU8xW2TWHGk=,3DU6F6k6dFSdoQa2tsia5spMXFCxWh4JJdA3OxSo3rM=,explore,My library,song,1
QDvq4xn7ZSBkamVnc8nL672oxKVqcR2zdgRGQf0giXs=,6uCt0I6XmmXX7fta96XlZyxtSWXlTa2ZviRbxnDUa/w=,search,Explore,song-based-playlist,1
nAiRf+UmYT7ZWIOUF6Ig3D0FDVIVpSgUb+H40Vg1eQU=,WWgB6GYGuyplhfw51plAbvpnixjsFA3XKSyEuTN42Tk=,search,Local playlist more,song,1
0gR6Hl63ExurTrvY9uEfmgDDgRj0nBaIse0DU199YT8=,gffrcQ9mFCfCwM4Gx7ArXpR8J749p3tfh/tM0chIODo=,search,Radio,online-playlist,1
y3IT85vrzY2iBxFg6nsh4Cmg+mV3oqR73TPekK7x1Rc=,dKsoBHe5cVhyQSU8CimXs4ysaAky4RNgBwIafHaLkik=,discover,Discover Feature,radio,1
XkORogCcAwIoTSBptOED51tv9wXQ2WCEqGgvwqKsyU0=,zg6SzD3aqsnOqqyhFYTdbCNFrhSACbwefB/ZFi68AO0=,radio,My library,local-library,0
KGXNZ/H3VxvET/+rGxlrAe7Gpz2eKMXyuSg3xh8Ij1M=,v/3onppBGoSpGsWb8iaCIO8eX5+iacbH5a4ZUhT7N54=,radio,Radio,local-library,1
5LGtbWKwKifap3ECM6HO04gPY339RM0oF7D/MfWzUxg=,o0kFgae9QtnYgRkVPqLJwa05zIhRlUjfF7O1tDw0ZDU=,discover,Radio,online-playlist,1
P3tJU/DjIEbh0ucnC1KT8wojenDDSwx+blB8pFp/KeE=,oDG5WCyUlb9i/Sr34Fljeh0YsONZKxl+7jjUw27vm5U=,search,Explore,online-playlist,0
TxvdtN1Ehq4kbgU5J7lw+ik6Pc0NZjnQKARPiCCf0fk=,WDhQhhbq+bwhBY642Fx3e5eGBdvqzzXmwiouCaVI0R0=,my library,Explore,song-based-playlist,0
8tSgHKzljg7TyPLYrU9L7CgHIdShVvyV/d6PccMRzhw=,TYhx9eqWklddkLQlApQ5MS9jJCO4H3JHdpISZ3kZSRE=,search,Radio,song-based-playlist,1
8tSgHKzljg7TyPLYrU9L7CgHIdShVvyV/d6PccMRzhw=,G21dv1ZiXpa7iO6UrKktIgqRdrvx7nLjRbRHGmtzGvQ=,discover,Local playlist more,local-library,1
2LbejuZF550yFLDXLIBw3gd/c462BIJ+S/SOwneSXUM=,w0/+8z/tSrUK3JctMyhYTh2LfNl9OFga+Tw0yl0IVfc=,radio,Local playlist more,online-playlist,1
tiYOcOjJ0qgAJDL3hTboZye11uT8tBbNTscBDWxCWLw=,8f/T4ohROj1wa25YHMItOW2/wJhRXZM0+T5/2p86COc=,discover,Local playlist more,local-library,0
UvM0IMLJ11PTOjdjhqapNQmHcbttfsiyv5+dtIR2IK0=,edlow+cUeR+1RqGQ87VV7D3gqMw0amQYGEZZDm+sm7Q=,search,Local playlist more,local-library,1
0gR6Hl63ExurTrvY9uEfmgDDgRj0nBaIse0DU199YT8=,XgLDH2I0dmKXQNQTMsNyGSy5oz+o6o6jPTqj0I8abFY=,radio,My library,online-playlist,0
n7V1D5AuwLykWxCzsU1eNPSyxVbrSXs6IXiWF2zN0gY=,cQI8Uzy06tt/XJ59vDlifTQTl2qOiTFBkf5yVCUNoyg=,discover,Local playlist more,song-based-playlist,1
1m91HsZUO53drOd2CmAT2nf4JnK4xxBfbzPNTu9pkjU=,F48LS/DqAt1EnPHRezspUgYaZcmiOoyOD75UFpHenEE=,explore,Explore,local-library,0
sgT7F0PbR9/iCyzeSzcl//+E+fK3CeZmM1deeeJ5rZ8=,ze0+7p13wqB1hZ/KWd6OT42LBehKmYVQyGGzEv8Q4fA=,explore,Local playlist more,song,0
AXKTVBbdr2/z7m5WL1IXzlriNbun8B+7wM41MsWCYDw=,GIDL+PW6bG3ZeBgOby6JNIQn82kPQ+MZjIybnyI3D6M=,discover,My library,online-playlist,0
2+T8pswRgDmvZ6B4esKi3lWZyT4xqeVKmv19J0/y51w=,JVwoBKjxxE9L/IpNKsSCJJIYHcxvwxOKbFnM3TLwcTQ=,discover,Radio,radio,1
XkORogCcAwIoTSBptOED51tv9wXQ2WCEqGgvwqKsyU0=,CfOyUSvBAIGhsUEcZ6hTnWLLaQrDtzVmoIdmIMXBOTA=,search,Local playlist more,song-based-playlist,0
EZmIP7zKgqKwpEHnuDjRIkzCmcLNlHn4hkiglZ5LxK8=,y/rsZ9DC7FwK5F2PK2D5mj+aOBUJAjuu3dZ14NgE0vM=,search,My library,song-based-playlist,1
ocQB699RoI5sBlRUfv8tu++vqupI35/95l3U507jdpw=,G0rUz0kguI35yzj95LX2BXI30PqCcJJtPNfirR0BhIs=,my library,Local playlist more,song-based-playlist,1
IU4XmahhntFf39v7Xzd/Nk6fjzZCCpAjOU8xW2TWHGk=,O+azAuxxhTE27OXm23raLUOTey/RS3+sceZDO2iFXys=,search,My library,radio,0
gxxBbzV3eE2XGjUrFVB2FzAve55Oe1s86HD+OEh36Gw=,B4o9XjQJPJGGJr63sxzS4LUoQOrNhyVU1DersrYXRlI=,radio,Explore,local-library,0
uA7h005WTDJTwS1Tv1uzmWcWTpt/7x7Xx8JydbeMi2U=,QZBm8SOwnEjNfCpgsKBBGPMGET6y6XaQgnJiirspW7I=,discover,Local playlist more,song-based-playlist,1
UjuPJCQo/YoGVR/yJ+CocmWUk2czJE0BBKqaPpVYV64=,GKgBgCnz9R8OWDdGeYgQS0TPHe8no8VWvxj4+4PSjao=,radio,Discover Feature,song-based-playlist,0
AEZNdJt0QGYpBlT97tdnNaNHW5SqpgJb70TFmeZBYbg=,kFx6IW7O34CiWxdfV61/cIjZs57ZasQBPjJQSJk2pk0=,discover,Explore,song-based-playlist,0
KXS4mDTuweetiTTxgkbg8uohB20KUXvkXz6g4l3r40c=,kTfvijj0YOM4LkNBb+6RCPKakz/8NEw5y2PMdmc9bc8=,search,My library,radio,0
uQ6LOBwmu7lIjv+wFaq5+M4IcAZEha2J0uyDB6Y8aqY=,+Sm75wnBf/sjm/QMUAFx8N+Ae04kWCXGlgH50tTeM6c=,explore,Discover Feature,online-playlist,1
mGDObQQojFOJfK2rJKcme282huuk0qDxBzWL22/qYbc=,Z+mhovcYbExPp66GnBecKttDRM5S5YCAw9vzJACsQAU=,discover,Explore,local-library,0
38LUs5mVWNKfyjL7ilf9JCnWZLjnno2obLXr69JJKcw=,cR+VrCdZkNm/QM0WjQQip9AnOrT/auRDZboM1KpevS4=,explore,My library,online-playlist,1
cNssc+2L1Fx77CzASou28E9qfWeJjQKZtfoADkl/xkQ=,lUp9A0i6jbaMvGNlR0eaMwxd0Vlv5LZM6NHgDDBCqqI=,radio,Radio,online-playlist,0
H/MB+uttGlGIMr7qru4HYG4dVbh0e1mBuoryBOKz/RU=,GRaVokpHF2Uk3hgKnyJ2mDSmHvie4lyE0i6l5rA2yWU=,search,Local playlist more,online-playlist,0
HVcWdf8CEo9s6qwt5V7TpoPYJfRlQSTA6b7kxEAImpc=,NCF0FSjNTEchB0wNZ9IL5UfzApFMK71jBhQWuSIacmY=,my library,Local playlist more,song-based-playlist,1
E9jsIxPWhebfnR8cbqPgS+FxCt0zBSXP+72mYRFg0+U=,JVwoBKjxxE9L/IpNKsSCJJIYHcxvwxOKbFnM3TLwcTQ=,discover,Local playlist more,song,1
a89sofbsaFkpzn8/P10elgzbXDQokPTlsKc1uqi7Zco=,aliCzBpL9zzI8nFr83ElP3cL4bdEPejIRtT7HY09fEs=,search,My library,online-playlist,0
wIeuCRmznzwE6bVrKuo2QRfkztVfQVEYMNaugLCPTS4=,gffrcQ9mFCfCwM4Gx7ArXpR8J749p3tfh/tM0chIODo=,radio,Local playlist more,song,0
4abUL+lw0T5WFbdgeEyj8UHqyYxA7Exgw2tWiDJVSwY=,hme5eV1flIR0iLiRc0XRKQHssHaz7palP92OutFelak=,my library,Discover Feature,song,0
o6lVTGcU8lL0OI4fOMWc21THJHoOjqxxYlYACoyTN6g=,LBnwicJLcepb/l8c68qpMRJIaUcm1UvgtKEfQwITrpI=,my library,Local playlist more,radio,0
EErUQnZWpOhxSvs3UlAQ6Jme7r+DjJyvkqhEceArwBA=,HzCFc9gU/AuYNF1ld1ZlyeCpQvVLTonc8+ZrUAidmmY=,search,Explore,song-based-playlist,0
Mn98O4X/zceMt9nswcoq08F16ciCqhuN7lQ951MAL2o=,zcieWa7/2VeVp0m0fa95RI3i6FIfNTMzVvYXm3X64Y8=,explore,My library,song-based-playlist,0
mrjKYVskMUAksvPgRky/E2g/TiPdbpH1j5CCOzAC5RU=,VkDBgh89umc9m6uAEfD6LXngetyGhln4vh/ArCGO0nY=,discover,Discover Feature,radio,0
P+Sxa9gtP8P8IQcpPGbwWmEFdrF16hTrtfXyfa5aGoI=,kge3dyGXCTqgUbHpFPB0x8gy+cPAamtArhr4sghdRH0=,discover,My library,radio,0
AEZNdJt0QGYpBlT97tdnNaNHW5SqpgJb70TFmeZBYbg=,J9EcIEDOoNbdN2ku4SGtIp0pmg/k+NRWLOZIra16DUk=,radio,Discover Feature,online-playlist,1
4MSFgArmrrq1abQEeuHkmNQjEkqn5r/Z6/LNObSm3xc=,vkagi2Lrvjx/FxLWE6FHZFoDoOaSWI052fEQCwouDUs=,search,Radio,song,1
Z56mxjHqnR1FK1d5gkf5ARTxwZF8h0HPI+rHFGRrMHo=,L6w2d0w84FjTvFr+BhMfgu7dZAsGiOqUGmvvxIG3gvQ=,radio,My library,song-based-playlist,1
uCDJmSDTzA5PpnYGqKvNmFbwBIoS3jIXFbO5YfoCv/Y=,Hg9Bv1grz9a7lTp6HxpK//dV5AOqft4uk1fjIfPMJFE=,radio,Discover Feature,song,1
1wiu2UfN0BNhHfPTrDS3S/rQkX/vnwDoKH6ODTUdH9k=,/6kgyFt1nsLDNbZh0AHM4Pb3sbp3CZ0C4DbPa4++eVE=,explore,Radio,online-playlist,0
Xbrr2Sbq8NuLG+1QZWm/Iu5P52fUTvgspCYNG8wmfPQ=,yLoN4bFNhNb3LXZ4EdnptePHtj3Ztmrw/p13qGn3GTw=,my library,Local playlist more,radio,1
tnPUP8fJSxqSkuJZygxUzdvY2dVUyPxoKCGHmrwcKEM=,7sD/47OK7UjsdmBjtLCUTIdX9Df8TjpHyOOeA0Koxy8=,discover,My library,song,1
ocQB699RoI5sBlRUfv8tu++vqupI35/95l3U507jdpw=,DRWs2zLgDBAqLqyHsNZVPyiBed+Iutm+qsoWqvo6dkA=,explore,Discover Feature,local-library,1
a89sofbsaFkpzn8/P10elgzbXDQokPTlsKc1uqi7Zco=,2yDSviY+pVsksCfkmh9SyW1ulVkGtYFRpITn6jjCcCA=,radio,Discover Feature,radio,1
4tuTIArXO3WO8/zS9y2CC34ywEfChjAKUchlKW00DMM=,JiHWUXkERiCPai7GKXVal+Cns8SWC8Ft0+5NKSQdbfU=,search,Radio,song,0
EErUQnZWpOhxSvs3UlAQ6Jme7r+DjJyvkqhEceArwBA=,wxghAK3cq1rb0Kkyx6dSxzKGYadE8TQWF9L6dq9B1Is=,search,Local playlist more,radio,1
zYTm2T59lT+Z/hpoywdET+EGMcRhwi4rzL7WD09iRC0=,22wN6a2Q/qVQosA8OBfVg6AbwvI2KJnZ35DXLqpLHJg=,search,My library,song,1
lFQM2AQ0IIifeOgmnRDSFEuWfh7XQZm0Z+O6K696CQk=,IKMFuL0f5Y8c63Hg9BXkeNJjE0z8yf3gMt/tOxF4QNE=,discover,Radio,song-based-playlist,1
E9jsIxPWhebfnR8cbqPgS+FxCt0zBSXP+72mYRFg0+U=,eBme/h4Z4eP7BZY3tifu5Lr/dRB9NQJVIl36jZ5DZGQ=,search,Local playlist more,local-library,1
4tuTIArXO3WO8/zS9y2CC34ywEfChjAKUchlKW00DMM=,Wi0kjTBakpXIWBbaT++vmtjDSEo06lhfiVO4KMSF5jc=,explore,Explore,radio,0
XHJRZV5Xgcub4dNGuzRj5tVfDD1iwrtoXmdQOWtlc3U=,zg6SzD3aqsnOqqyhFYTdbCNFrhSACbwefB/ZFi68AO0=,radio,Radio,song,0
MXIMDXO0j3UpaT7FvOSGW6Y5zfhlh+xYjTqGoUdMzEE=,A7Z2nDVASy04EpmfzOL9PRMN3hFVbWQ7ah4J+o9sLnE=,search,Discover Feature,song-based-playlist,0
JoGt+PgRGKHAhTQnaRqQygBWdDwGE6gdPbeGiGP4/Lc=,jpq9yBIzCyyWbLcrGFWHYyXpFZ8N4b9FgKC4qFj04gk=,search,Local playlist more,radio,1
BqnomjS+KJtzWrGRkqLEoO3I7KapwN4B8H9in4Fsf+I=,jZVQRajq2WbbIoSiF5MSCyJKgTt7tpITHayD3PYKg88=,radio,Radio,song-based-playlist,1
a3O5che4tB5RTo8XoApn10uQ+FpVjTNwJfNrrQyaMXk=,RiJp0d9j7dfyZ/pyUPtWLXiVp77iitN5lUQTR6qjEOg=,explore,Explore,online-playlist,1
wobMEyGx2iCkFu27/HPRJIky3S8tO/rS8Rr+tsvEe0k=,TVtxD8qAAl8KeA5CU+1c4Pg6+/PR3vK2vYMnY/eSGho=,my library,Explore,radio,1
HdnZZ4P0Vjxo2tgTvO1rsT/H3NkG7jvfrnCuF7TBK0A=,podlycp3c6tOEDw7q8iQBVgvFjiMpkWWXTlXljGdbTY=,radio,Local playlist more,song-based-playlist,1
EZmIP7zKgqKwpEHnuDjRIkzCmcLNlHn4hkiglZ5LxK8=,B4o9XjQJPJGGJr63sxzS4LUoQOrNhyVU1DersrYXRlI=,my library,Discover Feature,radio,0
PwnWgkloewAh6nr1MpRnSm6jbrltEb328ifDj7ccDZc=,+cP03fE+hnJUB/v2PHLsD9UHBjmDIYvbuX+NrFqeudI=,my library,Discover Feature,online-playlist,1
aMB9nC9PVKXsk/K++qMMG0in0dvk2XiUFuAnr10qiac=,YN4T/yvvXtYrBVN8KTnieiQohHL3T9fnzUkbLWcgLro=,my library,Explore,radio,0
saNgxsUQwx4IXBRgFF0w3uJN6KzvQBEv3dI7dDaz97g=,9zVQUtq/Uzlxk3X7BwI28CSY7FomzpmtsRc8f2bRyJE=,my library,Radio,song,1
J/KdXo5kGQs+dRxYam3/tZlwhl7ZX+sYvvCdjg8Tqzg=,1UHqpOyecqH+8NytyogNdQz/2zUDpmHzUF5lgH1gvyw=,discover,Explore,song-based-playlist,0
pRHIP4XdwWx7YpREsLN4sD0gb2BUEbhKytDXlwUAO+k=,p6vR55B6kN6DL6mkWo3Ndkzd1KEbmr38ndt04bYuzXo=,search,My library,song,1
lFQM2AQ0IIifeOgmnRDSFEuWfh7XQZm0Z+O6K696CQk=,EELIvnP5lcFg+W/XGvKrKj06DhzWRoowEHGGvBGlDkk=,discover,Local playlist more,local-library,1
T+FJrpYi77CWTUE5nO/vliojRaTPgt2bRUQHy5lhXrQ=,YpeEDiJw4nf+dGvwJJqGWlFsbJp2cRxhmB3vioPeU0E=,search,My library,local-library,1
uCDJmSDTzA5PpnYGqKvNmFbwBIoS3jIXFbO5YfoCv/Y=,Hg9Bv1grz9a7lTp6HxpK//dV5AOqft4uk1fjIfPMJFE=,discover,Explore,song-based-playlist,1
SyBjgDUF6aV+1d17oV4XPDBkJLU//LAOwWdYh4DAUiU=,gG3/58uZyyOwaPT+eGWL81mwCzcDPW2EmwYcjWmvJSs=,my library,Radio,radio,0
EBXSMA3gzTff0F01n56dHSBQR/IDWiwuw5S+ksPgTc0=,f0Yvo22LVUbRIlICXcEEym7IYNVjUqghZryP6Vf103A=,my library,Explore,online-playlist,0
PwnWgkloewAh6nr1MpRnSm6jbrltEb328ifDj7ccDZc=,kHpEHXKwwG+dwmOR2NnvrXwsE24vqD7n40tcNQE/niQ=,my library,My library,online-playlist,0
KsjbiO2iw8TpMfu+9Bf2p8GI57Q53lsHXy1xWIMKH/E=,f0Yvo22LVUbRIlICXcEEym7IYNVjUqghZryP6Vf103A=,my library,Radio,local-library,1
+Y+wTRRkZ0QA3bV4+7nwu8qlN5Kb7ygMhqvB5L929YI=,Bmj+IwjGGnbUyQ02jJpz5K+2vmxCOKfBqVd7ypu6OLo=,search,Local playlist more,local-library,1
lq5Q5jIo2pNtn/bTBZy8e07jc4qcIhLI7PXeieo/EgI=,7vGvrf5l1XzNbeLZXzQgaNvc2VBmncarpN3LQpLUZiY=,discover,My library,song,1
3TZaybijIyaqU3P+moI/mzFWcAj6aR0p7bmxLT9iRq8=,s84FxzZB6F3J6VOD21RuFLngqi6nMsKA4txNXn+pbK8=,search,Discover Feature,song,0
P+Sxa9gtP8P8IQcpPGbwWmEFdrF16hTrtfXyfa5aGoI=,d2k4F/IYpmudgfCxsRAXVHBdYHPfcWmhCYmjdXxigLE=,radio,Local playlist more,radio,1
lq5Q5jIo2pNtn/bTBZy8e07jc4qcIhLI7PXeieo/EgI=,1GI0GC3w9c0tDD2s0qP15DxrLUs9JX9XW6fKbY0rBZ8=,radio,Explore,local-library,1
lSkUSnCm60kDLdEsnAVp6jwr2HkyIhDCEZLX82djjHg=,uaU3VI7KA2xoQkGkSC4NNOMFmHL9R85kdR7eyY5Pc9M=,discover,Radio,song,0
saNgxsUQwx4IXBRgFF0w3uJN6KzvQBEv3dI7dDaz97g=,80hnDqhSe9u2uIaLvDh1tCbwryzDrsf789zgDDF+k+s=,discover,Radio,song-based-playlist,0
o+5RNlSWrzvrphgBNGIo1FLkGxBgyICns6qXj3nS7Pk=,Y87wssIvAzfpJA1z7WGawlIQl7mNFDWzmKS/FlLtLA8=,explore,My library,song-based-playlist,1
Jc84woRFJuyMAC6hDcH/Rr84MGq9ucuxeZveZ00kI5o=,G/4+VCRLpfjQJ4SAwMDcf+W8PTw0eOBRgFvg4fHUOO8=,explore,Radio,online-playlist,1
AXKTVBbdr2/z7m5WL1IXzlriNbun8B+7wM41MsWCYDw=,G/4+VCRLpfjQJ4SAwMDcf+W8PTw0eOBRgFvg4fHUOO8=,radio,Radio,song,1
mrjKYVskMUAksvPgRky/E2g/TiPdbpH1j5CCOzAC5RU=,A8VVQOKrMDk0G8oU6z8qJ5Ggs5DneqlCpdoiKqKYIfY=,search,My library,online-playlist,1
O6cmcavFpTlX0oU/WxJrYGxLIvR22dVpHz/VJxylp8g=,sgHKhG2d57U2o88razl9SyG1nuuMDf0J2BuDhzoI12Y=,my library,Local playlist more,song-based-playlist,1
qn0aqqC8dcshYsmcFmFYJtebwjMp6kLr8yanC5QC79o=,LnbFBEyneTI7mID7Pw+s14Kf3o73LucRxwS3Wpfjsf4=,radio,Explore,song-based-playlist,0
rGbXmjKDOsBV9n2LJEPtx4GcJS00c7Bs9ZFo6icxVJM=,iiifj//EcKnociT6W3nBASJygGe/TyFB41UD1bTtnU0=,discover,Radio,online-playlist,1
rGbXmjKDOsBV9n2LJEPtx4GcJS00c7Bs9ZFo6icxVJM=,w0/+8z/tSrUK3JctMyhYTh2LfNl9OFga+Tw0yl0IVfc=,radio,Discover Feature,radio,0
o6lVTGcU8lL0OI4fOMWc21THJHoOjqxxYlYACoyTN6g=,L6w2d0w84FjTvFr+BhMfgu7dZAsGiOqUGmvvxIG3gvQ=,discover,Discover Feature,online-playlist,1
UjuPJCQo/YoGVR/yJ+CocmWUk2czJE0BBKqaPpVYV64=,hDaCYJApKdeZGK7HPAWppz+FfmRwNh9g1wBc/EkBfYE=,radio,Radio,song,0
3nWFLb+IVt1+0JcM73g0wIG2AHtyhsI5RlG7gHziOFA=,itxXLRAtaLyj+idcWIsuKB0AEzijUgPrMhAvAKUSE2k=,explore,Discover Feature,online-playlist,1
a6uMxhS43vQ++TrVP3jdHT4lFfjw61SlIsCkvigQ5ro=,limwLMOy3/jAQ5dOa3x7k/eJmA1ARXel99C337h+E34=,my library,Discover Feature,song,1
wobMEyGx2iCkFu27/HPRJIky3S8tO/rS8Rr+tsvEe0k=,p0vznXPDpqFXtJzcvx4f9NxqLDC+1PQ9/Prr8kUdSuc=,explore,Local playlist more,song-based-playlist,1
sgT7F0PbR9/iCyzeSzcl//+E+fK3CeZmM1deeeJ5rZ8=,JTMsJNPcL2ambkp1Z/MeBEnFEzZEOKetdLPrJxHf7v8=,my library,Local playlist more,song-based-playlist,0
b5XWI+EhZTCGoQ6YK/SLu3tmCnKh8Z7wBK6Gztm49uA=,DT35ri8FZuj7PGLxW/PhK5lt+CFVV85jDqPrBz6kixc=,search,Discover Feature,local-library,1
bEJvXhD1XWK8qi0Lhydk9nt30hOTCkxG0a70s9ZeCEk=,Hum12fv82coQWytuQUP8K0cHEdJ9zz10RrGjsGqmDpw=,search,Explore,local-library,1
SyBjgDUF6aV+1d17oV4XPDBkJLU//LAOwWdYh4DAUiU=,OE6pqPyTUHX2LrFokqXrAVv6VkRGadC8XQ8CZZpaa3g=,explore,Explore,song-based-playlist,0
MXIMDXO0j3UpaT7FvOSGW6Y5zfhlh+xYjTqGoUdMzEE=,msJWKceAKkJe5FJDUUpnHBL8qS3QQUC2faxjiJrEw5w=,explore,Explore,local-library,1
uhEkft9Ht4TsUF5wBkmmZbtbaIVESVfiUnMlxHYl0HI=,4MisMKfKs26kWvzPwqJMnqqoeNfOlsfiiFswvWIQOUI=,my library,Discover Feature,radio,0
uhEkft9Ht4TsUF5wBkmmZbtbaIVESVfiUnMlxHYl0HI=,2Y7NstzrTnCFlRel5m80hPDe9471QRU9oyqPIx1xIP0=,radio,My library,song-based-playlist,0
4DlS5LiANEKlMTQD08dakyV1JWwPYI/n1wyjx4ImjPc=,XlkjAJe0dfNZGVXs98X/tteFpStvXboU0MegqWJt36U=,discover,Local playlist more,radio,0
AEZNdJt0QGYpBlT97tdnNaNHW5SqpgJb70TFmeZBYbg=,VkILU0H1h3NMmk9MQrXouNudGk5n8Ls5cqRRuBxeTh4=,radio,Radio,local-library,1
dZNojW/n4mqxR6RSZt4CMeCnJzzxBYi6n9qQCKbghvE=,Hg9Bv1grz9a7lTp6HxpK//dV5AOqft4uk1fjIfPMJFE=,search,Discover Feature,song-based-playlist,1
dU4RbzpIRRd/EkA9Xncpy9CglzDBZp7nKMfdnfr3Aj8=,Ru7n8Xw2s8LGDsgDhyzWqCWQRWQW9KNPY9qMOFAf5x0=,search,My library,song,1
WRwcfUKwDVQ46cylDQ1Tf8ayTojVYeh/00m0ubVNxQo=,MwZaD94L4Wl4APdJSVQF5JPt+xH6hb2KtWpFsjwYUlo=,my library,Radio,online-playlist,1
WRwcfUKwDVQ46cylDQ1Tf8ayTojVYeh/00m0ubVNxQo=,TVtxD8qAAl8KeA5CU+1c4Pg6+/PR3vK2vYMnY/eSGho=,explore,Local playlist more,song,1
UGX+2jh3WO5XRuVOPuPCiIetzHlBjh0DPOLPeJSe36E=,338YQI2OhQDjVCbuAJ2t0PQtzDG8KRSFdB69kiwt3CM=,explore,My library,song,1
Ty59+gs+lfVbfm1T/SDqLmbFhtkAP4Mm75uYiaKZ6kk=,d2k4F/IYpmudgfCxsRAXVHBdYHPfcWmhCYmjdXxigLE=,radio,Local playlist more,radio,1
rRUTKZAVxGBh5XRUk+Lk/b/gHcAOsbk1hiQiEfubDh4=,Knq4ruFJI2OJlOtotwq3fuWueMlXcUeS3oxVEYlKoC4=,my library,Local playlist more,song-based-playlist,1
4aRFGkKzGUpqTbjojytAtRQNdx0egL02hjJhSqq0+NA=,5Qh7YI03x2cbQFFv/e+faYhVpFAzjvnuE3YXkx2KgsQ=,discover,Radio,song,0
lFQM2AQ0IIifeOgmnRDSFEuWfh7XQZm0Z+O6K696CQk=,WDhQhhbq+bwhBY642Fx3e5eGBdvqzzXmwiouCaVI0R0=,radio,Local playlist more,online-playlist,0
YU6fAgCFgPkaJ1YSW2838KzGTxmBCfgousTO8jwuHYM=,Y2CFnBr/mdTuaxOu3vKcbuUBE0UmhAIx+Pkgazp+j4c=,discover,Local playlist more,song-based-playlist,1
T+FJrpYi77CWTUE5nO/vliojRaTPgt2bRUQHy5lhXrQ=,kge3dyGXCTqgUbHpFPB0x8gy+cPAamtArhr4sghdRH0=,search,Radio,song-based-playlist,0
+boPBM5G5+vAfbO6zTy7A2FrVQyl91aBPGHkQ6ciNYc=,k8DZF0FFuy2GydI7mnH1tH50pFcEQMPYVD/A7Y/T0QI=,my library,Local playlist more,local-library,1
vSstkkQzt3KMmyvh0MGHpXpgzHO6kobAYipy6ik6HB8=,o0kFgae9QtnYgRkVPqLJwa05zIhRlUjfF7O1tDw0ZDU=,explore,Discover Feature,online-playlist,1
a89sofbsaFkpzn8/P10elgzbXDQokPTlsKc1uqi7Zco=,p6vR55B6kN6DL6mkWo3Ndkzd1KEbmr38ndt04bYuzXo=,discover,My library,song,1
YYdQJgjemCT/fAv8s+CwfmgDprAQOneJ2M2SdArq9V4=,i7p594HsKb4cYynsE1a80PmSBL9bFI2dmBu16bwdke4=,discover,My library,song-based-playlist,1
pJxMd9PL/N7CdwTwKu3YqiqYSRAJHuejlrTonaPfPfU=,JVwoBKjxxE9L/IpNKsSCJJIYHcxvwxOKbFnM3TLwcTQ=,search,Explore,song,1
+Y+wTRRkZ0QA3bV4+7nwu8qlN5Kb7ygMhqvB5L929YI=,jZVQRajq2WbbIoSiF5MSCyJKgTt7tpITHayD3PYKg88=,my library,My library,radio,1
K7obY5lUlZTd6a/byE9NG/e7Q/dlgHfppLbYk8OL7os=,+cP03fE+hnJUB/v2PHLsD9UHBjmDIYvbuX+NrFqeudI=,search,Discover Feature,online-playlist,1
V39VxDdE9SgMQZnX58oQChm9W056pw2lC3TiifMfkKw=,4MisMKfKs26kWvzPwqJMnqqoeNfOlsfiiFswvWIQOUI=,search,Explore,local-library,1
ocQB699RoI5sBlRUfv8tu++vqupI35/95l3U507jdpw=,ux6db2W4f9nhapYVkSg81Uzhxnw0vf44cFWHSd2EuJo=,discover,Radio,song-based-playlist,1
lSkUSnCm60kDLdEsnAVp6jwr2HkyIhDCEZLX82djjHg=,jHMqK5wu5C0txl0QCxpkSM1xbIev60ii+dc99LXu8EI=,explore,My library,radio,1
lfK5QUAaa28niDIyQ2oGkSntvSe7G5EmQ1N6nvnE8lY=,+h+uIXLQyXHuCdwAY5oT3T302vt0IdQJtux0APXhriw=,search,My library,radio,0
/mmecbnAd2Jrji3aonisktBko1/o+F68GqpV8X4gHiI=,f0Yvo22LVUbRIlICXcEEym7IYNVjUqghZryP6Vf103A=,my library,My library,song-based-playlist,1
P3tJU/DjIEbh0ucnC1KT8wojenDDSwx+blB8pFp/KeE=,XA08z3r0wdQvY3CE0lFDTd/MuAgD7b0XKZnCvo+ylKE=,my library,Discover Feature,local-library,1
a4aEMKA1bMIwfCarB0qN+Fjag8swMwFfXm6ri5KJvms=,EL5DbsSvhAFtMBBoOjs4aipOjC3Xj4syX/l/wlK+kdM=,my library,Radio,online-playlist,1
dO8vzPwqXvOjrPWDW++gVecwTNnzesp3zW1dtRc6KEk=,VkILU0H1h3NMmk9MQrXouNudGk5n8Ls5cqRRuBxeTh4=,radio,Explore,song-based-playlist,1
OyELWVNKZMJtqg+BFArzAokp8bn+pGhBWbCZaxyLIus=,p6vR55B6kN6DL6mkWo3Ndkzd1KEbmr38ndt04bYuzXo=,search,My library,online-playlist,1
1m91HsZUO53drOd2CmAT2nf4JnK4xxBfbzPNTu9pkjU=,PQ60bLYQn4lnOqNp2pmsUziCKclqLai5pemA9rWWQko=,search,Radio,song-based-playlist,0
wobMEyGx2iCkFu27/HPRJIky3S8tO/rS8Rr+tsvEe0k=,R1769yIwSejBpG/qGgxdD3BiYXI2fJgMg1jjlKCPhIo=,radio,Explore,song-based-playlist,1
FrYc5vaJMygJR0CjtIqrigWOlEKURefFwGKvr0BlbMI=,WOvHYkt7XUOtmMOTsgT+2vJKydJEVInZGliuLUXoV7o=,my library,My library,local-library,1
s8Oce1igq03hako2pQCfeXyPVkBs77ArjdrZEQAjpbk=,F48LS/DqAt1EnPHRezspUgYaZcmiOoyOD75UFpHenEE=,explore,Discover Feature,radio,1
fVZedYe9G51wW8jy3Ws7FuF5IKx7zxQYWvPAfCdIRJE=,338YQI2OhQDjVCbuAJ2t0PQtzDG8KRSFdB69kiwt3CM=,discover,My library,song,0
cNssc+2L1Fx77CzASou28E9qfWeJjQKZtfoADkl/xkQ=,3OvsjjGFnEouJggaSOMVUVgzrgoTRtKd97GVQlQXUWQ=,radio,Local playlist more,radio,1
lfK5QUAaa28niDIyQ2oGkSntvSe7G5EmQ1N6nvnE8lY=,BgqjNqzsyCpEGvxyUmktvHC8WO5+FQO/pQTaZ4broMU=,discover,Discover Feature,online-playlist,0
tNvUsQwOJX5OgGsBBN9to3vI+DoUc6S1BFgNXUaYoo0=,01dMXfqYr3EWV8V4ccmHMNy45+7YG8TBmGJ4IVWOduc=,radio,My library,local-library,1
E9jsIxPWhebfnR8cbqPgS+FxCt0zBSXP+72mYRFg0+U=,x0AQuGp6SHvaD/fLkk+6JzAp6zOUgd30Tx4oL3YBz5Y=,my library,Radio,local-library,1
E23IyF1NtT7IeesuDuHWR6g/yMpWrq3cN3U4qTjXE0A=,WL4ipO3Mx9pxd4FMs69ha6o9541+fLeOow67Qkrfnro=,radio,Discover Feature,local-library,1
J/KdXo5kGQs+dRxYam3/tZlwhl7ZX+sYvvCdjg8Tqzg=,UXK+xHZe1REiVRlOMS5gvqeUY+kLbVyiEdJRTLYoZkk=,search,Radio,online-playlist,1
1d4acB2bhEZCFjSRwvO4ls8PrBtvNTlkcAcxYx8FcWE=,e/upMhPFcXl3Rxq0Us1abr0FcThlZOeqKJhBobmltBU=,my library,Radio,online-playlist,1
z1IXxOkXP6uCWwFJLibRkXzU7USedggSWIfGJl/HFQg=,7dUiqNIuyM+aDRJEw3+ZSYydeZGAQ1AAI0eOd0Nzh8c=,my library,Local playlist more,song-based-playlist,1
AEZNdJt0QGYpBlT97tdnNaNHW5SqpgJb70TFmeZBYbg=,jpq9yBIzCyyWbLcrGFWHYyXpFZ8N4b9FgKC4qFj04gk=,my library,Radio,radio,1
rRUTKZAVxGBh5XRUk+Lk/b/gHcAOsbk1hiQiEfubDh4=,66NCw1qHAROy0PiUC1tPNmGYqRvBSfvGUsO+46BooDc=,explore,Explore,local-library,1
YU6fAgCFgPkaJ1YSW2838KzGTxmBCfgousTO8jwuHYM=,TLU46LbiJ+1mmJr4Le4Z5eaUQq3TiXgdZpE5EtR4WZI=,discover,My library,local-library,0
xEeMEDdDCvfLGt6eoayVgVh48nLdPvEm1XzwzY6lT58=,Ce8Mui+yVruumWy9pKMDfSRBFg1m93m/+XR8FHlktaE=,discover,My library,local-library,1
R7AyK9ZUi5d21sCDumgghXW+TNacd/qN0dNMa0C22pA=,1PR/lVwL4VeYcZjexwBJ2NOSTfgh8JoVxWCunnbJO/8=,radio,Local playlist more,online-playlist,0
LThaiVqGGnVTPmTcmwN/LLo4fVb5dzkduzd7s1SgzIA=,reXuGcEWDDCnL0K3Th//3DFG4S1ACSpJMzA+CFipo1g=,search,Radio,song,1
lfK5QUAaa28niDIyQ2oGkSntvSe7G5EmQ1N6nvnE8lY=,M9rAajz4dYuRhZ7jLvf9RRayVA3os61X/XXHEuW4giA=,discover,Radio,local-library,1
TxvdtN1Ehq4kbgU5J7lw+ik6Pc0NZjnQKARPiCCf0fk=,M0vkEMBlcbeVSWQQx/6FtXbJ57IiCw27TW8/vmSayk8=,explore,My library,radio,0
s8Oce1igq03hako2pQCfeXyPVkBs77ArjdrZEQAjpbk=,RiJp0d9j7dfyZ/pyUPtWLXiVp77iitN5lUQTR6qjEOg=,radio,Local playlist more,radio,1
Wg1bSRX3JtJ9ElarOhpbEaV5pu9lgTeS33mARTV+Sl8=,DLBDZhOoW7zd7GBV99bi92ZXYUS26lzV+jJKbHshP5c=,radio,Radio,local-library,1
V39VxDdE9SgMQZnX58oQChm9W056pw2lC3TiifMfkKw=,n+FLlTL+LrNTa6xpoGkESEzlUMb/hPEM1nLq2U6fEp0=,radio,Local playlist more,local-library,1
K7obY5lUlZTd6a/byE9NG/e7Q/dlgHfppLbYk8OL7os=,XA08z3r0wdQvY3CE0lFDTd/MuAgD7b0XKZnCvo+ylKE=,radio,My library,online-playlist,0
E9jsIxPWhebfnR8cbqPgS+FxCt0zBSXP+72mYRFg0+U=,2uFTn3kDES2C3JeqzV4cpSAGQ756GFK0XajzEDLqER4=,discover,Discover Feature,local-library,1
nAiRf+UmYT7ZWIOUF6Ig3D0FDVIVpSgUb+H40Vg1eQU=,2xoPPf/RyHAxRqSSP41itnzRofW3noLzFLGfmvREFQQ=,explore,Explore,song,1
+Y+wTRRkZ0QA3bV4+7nwu8qlN5Kb7ygMhqvB5L929YI=,yciKx3VagNk6RuCqe0KbTbwl+cWXKVYWAeI8UFe9Dfw=,my library,Radio,song-based-playlist,0
OOETiYOFhuTowtgRUIiKommGv0eo6XUHLc1ofgwcJew=,3W6VBSN09a/Vh9w1Fwmdus4H4xxmde/yu0RBgMcTtZM=,discover,Local playlist more,song,1
a3O5che4tB5RTo8XoApn10uQ+FpVjTNwJfNrrQyaMXk=,y/rsZ9DC7FwK5F2PK2D5mj+aOBUJAjuu3dZ14NgE0vM=,explore,Local playlist more,song,0
Tb5tCteFbk+G5Jyvq9SqD1eAzgZ98WR/xOCvvjkNCog=,TVtxD8qAAl8KeA5CU+1c4Pg6+/PR3vK2vYMnY/eSGho=,explore,Radio,song,0
bEJvXhD1XWK8qi0Lhydk9nt30hOTCkxG0a70s9ZeCEk=,Z2Y3t/lsoBgA/2HAfy3UP+QWfdckt9BK2u6n8xwqkng=,search,Explore,song-based-playlist,1
LR9NLKme+aT6uoW3R5XlLu9gq7LQG6tt+bJTEPpcrGg=,qxDl7URNa8pfCbbdoMNE0cHrU1+hMSIdyqhOGvQo69M=,explore,Explore,local-library,1
cF/VJmBHwhcqdd016oPP1wXBdWSjxEHEzwlhEn4+/4A=,JVwoBKjxxE9L/IpNKsSCJJIYHcxvwxOKbFnM3TLwcTQ=,search,Discover Feature,song-based-playlist,0
8ncKS6kWM+oSslEfrPcRMcHq5VVQqBcbWoQ0FHlDgPA=,DhuNF1B0GK4zzZ7U+v/vt/Y+3aQbTRmV2bd99TUAXzI=,radio,Explore,radio,1
2yBzq7nUBV99ankkp7O46elZikHVB5BvqHcr2Lzetlc=,Ce8Mui+yVruumWy9pKMDfSRBFg1m93m/+XR8FHlktaE=,radio,Local playlist more,radio,0
wIeuCRmznzwE6bVrKuo2QRfkztVfQVEYMNaugLCPTS4=,RxCEvZAXgnh1ZDlQBuVb/J9xpnopFSJBaBxLqGZIXSs=,search,My library,song,1
B4P1g6sGBILzGhelH/YKkfpkFgWfn/LgS4KgU+bEaD0=,DT35ri8FZuj7PGLxW/PhK5lt+CFVV85jDqPrBz6kixc=,search,Explore,radio,1
w4SNbHDAMuMbulkgcHGYOl/datijVua3CR5D73DylLs=,D1tFsBLd9VWbonfb6Vek0BI2EJB6udLOuV/x+ptYpOI=,explore,Local playlist more,online-playlist,1
mGDObQQojFOJfK2rJKcme282huuk0qDxBzWL22/qYbc=,WRuHbl8CJbAuzUb4f/88Ly6IXif+IVVWolkp33Nm8wI=,my library,Explore,local-library,0
qn0aqqC8dcshYsmcFmFYJtebwjMp6kLr8yanC5QC79o=,OakhL7CLirelAGEP9sYyP6fmTa8HV1mD/qVdpM6o5uE=,my library,Radio,local-library,1
3TZaybijIyaqU3P+moI/mzFWcAj6aR0p7bmxLT9iRq8=,Z+mhovcYbExPp66GnBecKttDRM5S5YCAw9vzJACsQAU=,search,Local playlist more,local-library,1
6aH1YAi5YwvZUHtpjEaMQwM0p4wP4XLrkWQSdXDF9L8=,1PR/lVwL4VeYcZjexwBJ2NOSTfgh8JoVxWCunnbJO/8=,discover,Discover Feature,online-playlist,1
cqjRBV/jWN2ujhc+z/4tz+Mj6xEfflAAt6qBXCqxKvw=,lUp9A0i6jbaMvGNlR0eaMwxd0Vlv5LZM6NHgDDBCqqI=,my library,My library,song,1
6bwk5TTaA1YSOmPoxDgBBlV5CrZJEar2C6SxwT5nDrU=,skehue/d/R59G71dXYpntDwdjRRPlweN3JE8g40TgZU=,explore,Explore,online-playlist,1
wv0o115CdKSsFlsV7VvHikjyxLG0LFc5qALhM8xkUZ4=,GRaVokpHF2Uk3hgKnyJ2mDSmHvie4lyE0i6l5rA2yWU=,explore,Radio,radio,1
E9jsIxPWhebfnR8cbqPgS+FxCt0zBSXP+72mYRFg0+U=,2yDSviY+pVsksCfkmh9SyW1ulVkGtYFRpITn6jjCcCA=,radio,Explore,local-library,1
p9Lk74DKfVohPHjTvzHSVQ3lRaqW2ofcBolP45FJgiQ=,dNvkA285an/yeIMPT4VszEQlmwHsZHHSgDbDB5nEkmI=,explore,Radio,radio,0
tnPUP8fJSxqSkuJZygxUzdvY2dVUyPxoKCGHmrwcKEM=,JgOfPnluwAsKhpdLQgbfoSHpaZ74zcWYPqhhvhmFAtY=,radio,My library,song-based-playlist,1
E9jsIxPWhebfnR8cbqPgS+FxCt0zBSXP+72mYRFg0+U=,7EnDBkQYJpipCyRd9JBsug4iKnfAunUXc14/96cNotg=,search,Discover Feature,online-playlist,1
uA7h005WTDJTwS1Tv1uzmWcWTpt/7x7Xx8JydbeMi2U=,G/4+VCRLpfjQJ4SAwMDcf+W8PTw0eOBRgFvg4fHUOO8=,radio,My library,radio,0
YQiox2a4tbRbNBaL+VfOLH8oea77HPJMPWRh8euXZqM=,2xoPPf/RyHAxRqSSP41itnzRofW3noLzFLGfmvREFQQ=,discover,My library,song-based-playlist,1
+boPBM5G5+vAfbO6zTy7A2FrVQyl91aBPGHkQ6ciNYc=,CsgH03aRehnhVifHOPXwF4mfA2yHdqK/IWpwXMm73CU=,discover,Local playlist more,song,0
00qmlWC3H/cjf2Ig1li5xIO0VNDRgBX0f9ilouDBEZs=,WRuHbl8CJbAuzUb4f/88Ly6IXif+IVVWolkp33Nm8wI=,my library,Discover Feature,online-playlist,1
dU4RbzpIRRd/EkA9Xncpy9CglzDBZp7nKMfdnfr3Aj8=,IomyG8OwXU9lWvede4KdHxtUZ+eppEdusnOCDDok36g=,my library,Local playlist more,local-library,1
YU6fAgCFgPkaJ1YSW2838KzGTxmBCfgousTO8jwuHYM=,0ee/D6HjX0jSytUn3v58C0x6zEzN4bcPq3WlqvrG/Xo=,radio,My library,song-based-playlist,0
cNssc+2L1Fx77CzASou28E9qfWeJjQKZtfoADkl/xkQ=,Wn5ltxI7NsFk4xGFHOFXv2ajWU9HmuEgDF+xs1EJpFo=,my library,Discover Feature,song,1
V8pNUizcKwTRuSQAtzXJBAJ7B8cyf0EegXkljvIvFqo=,O+azAuxxhTE27OXm23raLUOTey/RS3+sceZDO2iFXys=,discover,Explore,local-library,0
2yBzq7nUBV99ankkp7O46elZikHVB5BvqHcr2Lzetlc=,B4o9XjQJPJGGJr63sxzS4LUoQOrNhyVU1DersrYXRlI=,search,My library,radio,1
mrjKYVskMUAksvPgRky/E2g/TiPdbpH1j5CCOzAC5RU=,NO3PiEzofJglKjD8+biTGWkEVRDfE799y8c9wQS1XWo=,search,Local playlist more,song-based-playlist,1
n5v6IqRk4CZnELtP0Z2et7EZrdPicfyhvD2gIdq1Mcc=,1UHqpOyecqH+8NytyogNdQz/2zUDpmHzUF5lgH1gvyw=,radio,Radio,song-based-playlist,1
cNssc+2L1Fx77CzASou28E9qfWeJjQKZtfoADkl/xkQ=,cQI8Uzy06tt/XJ59vDlifTQTl2qOiTFBkf5yVCUNoyg=,radio,Explore,local-library,1
bEJvXhD1XWK8qi0Lhydk9nt30hOTCkxG0a70s9ZeCEk=,THqGcrzQyUhBn1NI/+Iptc1vKtxBIEg0uA8iaoJnO1Q=,search,My library,radio,1
FG+WikEK8x1GZIB4E2keTq2SJX4bXjFjG5gkjc8qbcw=,5TKFWT9ivwAJiqRWz5apDsePXcJZ2b1RA/1gxTm6XoQ=,my library,Local playlist more,song-based-playlist,1
Mue3orxlJaHmK07bXWDrchFW1f/Or6TLVfMwx9fO9aA=,3Yz717mUtR+r4L0zzgDgWnYeFtY9g68ZjKlq1U72KNw=,discover,Explore,song,1
Z56mxjHqnR1FK1d5gkf5ARTxwZF8h0HPI+rHFGRrMHo=,35dx60z4m4+Lg+qIS0l2A8vspbthqnpTylWUu51jW+4=,radio,Radio,radio,1
TO253iXvHroemKYZ23M7YL7uu6Um4zEwByNl4wcpIYs=,NO3PiEzofJglKjD8+biTGWkEVRDfE799y8c9wQS1XWo=,my library,My library,online-playlist,0
z1IXxOkXP6uCWwFJLibRkXzU7USedggSWIfGJl/HFQg=,WTTcFYZNyqe1dL6Rm+jQMLx/tospfRR+PhD1OFix1mQ=,radio,Local playlist more,song,1
uA7h005WTDJTwS1Tv1uzmWcWTpt/7x7Xx8JydbeMi2U=,6QMvPiMG6bKF5+C4fSsfeR/LGNMiwL55HNhd3BcvSKE=,radio,Explore,radio,0
1d4acB2bhEZCFjSRwvO4ls8PrBtvNTlkcAcxYx8FcWE=,d2k4F/IYpmudgfCxsRAXVHBdYHPfcWmhCYmjdXxigLE=,my library,Radio,radio,1
EZmIP7zKgqKwpEHnuDjRIkzCmcLNlHn4hkiglZ5LxK8=,x0AQuGp6SHvaD/fLkk+6JzAp6zOUgd30Tx4oL3YBz5Y=,explore,Discover Feature,song-based-playlist,1
MxCUQ6tAD7LU1yR0gwRck91ZKE88gY8kD/rX9Hi9srQ=,Bh52i4Qxauj9DCtTLH9CeKZgB59FIP2NofIbc6Dh0Xw=,my library,Discover Feature,online-playlist,1
7xiBI5xU3P2/IiR9teB7jySfzWo96JGikGajteLd3Cs=,fDBtAj8rHHCQGeSsDEeT0WA3gSp6p7g3z71981gFuQA=,radio,Discover Feature,song,0
DqwB7smOAIbNnnQbWOpfsmy9znTwfDEQCW1I6ujFG48=,BwDDym6Tp7EnGudWBGJyjONZeX0/4ndu5PETiPWzav8=,radio,My library,local-library,0
OMy7VLQDDDlAqrp/YCl+BvzGIgZoWNejIDqSl8siqIM=,XA08z3r0wdQvY3CE0lFDTd/MuAgD7b0XKZnCvo+ylKE=,my library,Discover Feature,song,1
crUeQ6DYDHHRNYmn+n5Kodfvu9ki0IdHfXHNlZEUPHs=,Wn5ltxI7NsFk4xGFHOFXv2ajWU9HmuEgDF+xs1EJpFo=,my library,My library,radio,1
YkG93vvIFdFWVWsYqT5w6t0X4uw9/RS03jqzhBzxFlc=,GFWjz4apE8zMiXe6wc0qCjr+DbK9BFkwo/rr+FsNm+g=,search,Discover Feature,song-based-playlist,1
LThaiVqGGnVTPmTcmwN/LLo4fVb5dzkduzd7s1SgzIA=,oAfWzsEYsibZUgmlL8NNYoO0aB4gSyU2tfsQvQp+7f4=,explore,My library,online-playlist,1
qd03y2Hs/0xCA/dPExadbY5XQdTHOcli3h8w4KTwhZ4=,0b8M2FLEH176y/ng1rK9ftUYDYnA+1NdoCOUeuyBMtU=,discover,My library,song-based-playlist,1
cF/VJmBHwhcqdd016oPP1wXBdWSjxEHEzwlhEn4+/4A=,2xoPPf/RyHAxRqSSP41itnzRofW3noLzFLGfmvREFQQ=,radio,Radio,radio,1
3yBpYWqEybBPazsqB5NIhrXKCFe1Djn5orPBvxz9ArE=,IKMFuL0f5Y8c63Hg9BXkeNJjE0z8yf3gMt/tOxF4QNE=,search,Explore,online-playlist,1
B4P1g6sGBILzGhelH/YKkfpkFgWfn/LgS4KgU+bEaD0=,1GI0GC3w9c0tDD2s0qP15DxrLUs9JX9XW6fKbY0rBZ8=,radio,Discover Feature,local-library,1
HVcWdf8CEo9s6qwt5V7TpoPYJfRlQSTA6b7kxEAImpc=,zuyzUP11fbgoVp6IMfWK378GDToe59ZlK5gkf+7aKdg=,my library,My library,local-library,0
FaH6rl69OOVwbsO30jjdjVXD9wJO8pcVZS6LGy5zTJM=,v/3onppBGoSpGsWb8iaCIO8eX5+iacbH5a4ZUhT7N54=,explore,Local playlist more,online-playlist,1
n5v6IqRk4CZnELtP0Z2et7EZrdPicfyhvD2gIdq1Mcc=,WWgB6GYGuyplhfw51plAbvpnixjsFA3XKSyEuTN42Tk=,my library,Radio,radio,1
YYdQJgjemCT/fAv8s+CwfmgDprAQOneJ2M2SdArq9V4=,cR+VrCdZkNm/QM0WjQQip9AnOrT/auRDZboM1KpevS4=,discover,Discover Feature,song-based-playlist,1
Mn98O4X/zceMt9nswcoq08F16ciCqhuN7lQ951MAL2o=,gvHR5iZ5GWVYZBMTQFo/k0LB3Hh2RDUNhDgOCzICosE=,my library,Local playlist more,song-based-playlist,0
2+T8pswRgDmvZ6B4esKi3lWZyT4xqeVKmv19J0/y51w=,DLBDZhOoW7zd7GBV99bi92ZXYUS26lzV+jJKbHshP5c=,explore,Discover Feature,song,1
rRUTKZAVxGBh5XRUk+Lk/b/gHcAOsbk1hiQiEfubDh4=,7EnDBkQYJpipCyRd9JBsug4iKnfAunUXc14/96cNotg=,explore,Local playlist more,radio,1
aMB9nC9PVKXsk/K++qMMG0in0dvk2XiUFuAnr10qiac=,NO3PiEzofJglKjD8+biTGWkEVRDfE799y8c9wQS1XWo=,my library,Discover Feature,song,1
H1D92jYJ3GyJWLmt3ZAE3QgxgfCCit8WTsT7+KwS+vw=,A7Z2nDVASy04EpmfzOL9PRMN3hFVbWQ7ah4J+o9sLnE=,search,My library,online-playlist,1
4tuTIArXO3WO8/zS9y2CC34ywEfChjAKUchlKW00DMM=,F48LS/DqAt1EnPHRezspUgYaZcmiOoyOD75UFpHenEE=,explore,My library,online-playlist,1
hzy7RwzEVDm4JmC0X2qLUvnoE1+2zNTEea4fOe/o6ms=,QZBm8SOwnEjNfCpgsKBBGPMGET6y6XaQgnJiirspW7I=,search,Discover Feature,radio,1
K7obY5lUlZTd6a/byE9NG/e7Q/dlgHfppLbYk8OL7os=,4eWKqiadX4L+cYSy1VEcazqQDV1YxvYo1YHU5VR81pM=,my library,Local playlist more,song-based-playlist,1
OyELWVNKZMJtqg+BFArzAokp8bn+pGhBWbCZaxyLIus=,fDBtAj8rHHCQGeSsDEeT0WA3gSp6p7g3z71981gFuQA=,search,Local playlist more,local-library,1
fVZedYe9G51wW8jy3Ws7FuF5IKx7zxQYWvPAfCdIRJE=,A5cw2rib82lWjtNFr3bxQysyjPVpiYlgmnULDQ8X0BQ=,explore,My library,local-library,1
a4aEMKA1bMIwfCarB0qN+Fjag8swMwFfXm6ri5KJvms=,FaTUlIiCh/6sEOasPm1vgIk9XqavgSGgRGYuOkzTF0o=,search,Local playlist more,local-library,1
frZtrrN1Y2ZqZX3VFiq7FpAvLth3kZJNovT9cmyn2O4=,d2k4F/IYpmudgfCxsRAXVHBdYHPfcWmhCYmjdXxigLE=,radio,Local playlist more,online-playlist,1
4abUL+lw0T5WFbdgeEyj8UHqyYxA7Exgw2tWiDJVSwY=,8Ckw1wek5d6oEsNUoM4P5iag86TaEmyLwdtrckL0Re8=,radio,Radio,local-library,1
cNssc+2L1Fx77CzASou28E9qfWeJjQKZtfoADkl/xkQ=,x0AQuGp6SHvaD/fLkk+6JzAp6zOUgd30Tx4oL3YBz5Y=,my library,Local playlist more,local-library,1
a89sofbsaFkpzn8/P10elgzbXDQokPTlsKc1uqi7Zco=,pCf4HI+z4rQsY9FF79m+Sojnl207qtHqtOWU2VFW1ZE=,my library,Radio,local-library,1
5pr+x566HOsYLEv4ouZ5cEHFFwBB74xaFbExdPGJ6b0=,EELIvnP5lcFg+W/XGvKrKj06DhzWRoowEHGGvBGlDkk=,my library,Radio,online-playlist,0
OOETiYOFhuTowtgRUIiKommGv0eo6XUHLc1ofgwcJew=,FcbwzPm3n/PP+UZAjJaKFggjPSjyZ7YyxBA7LlheYi4=,search,Radio,song,1
KsjbiO2iw8TpMfu+9Bf2p8GI57Q53lsHXy1xWIMKH/E=,Sb2AlcokNNB8/NfoJjK+C/N5lmET1mY6HAd781MxQy0=,radio,Radio,local-library,1
mGDObQQojFOJfK2rJKcme282huuk0qDxBzWL22/qYbc=,6pe6XOKc+06NhkgrFitOb/EKMj910AlS34LdhP510LE=,discover,My library,online-playlist,1
AXKTVBbdr2/z7m5WL1IXzlriNbun8B+7wM41MsWCYDw=,i356q8t0P9emMJq8PsFkY6CGoi34mP3cgXuDpfEDyhY=,radio,Local playlist more,song-based-playlist,1
+Y+wTRRkZ0QA3bV4+7nwu8qlN5Kb7ygMhqvB5L929YI=,n+FLlTL+LrNTa6xpoGkESEzlUMb/hPEM1nLq2U6fEp0=,search,Local playlist more,local-library,1
YkG93vvIFdFWVWsYqT5w6t0X4uw9/RS03jqzhBzxFlc=,cy10N2j2sdY/X4BDUcMu2Iumfz7pV3tqE5iEaup2yGI=,radio,Explore,song-based-playlist,0
08sWvzS2VVyKAVQRi6z4gxGxRQ0YQM0BXsXdVEKuzSQ=,Hum12fv82coQWytuQUP8K0cHEdJ9zz10RrGjsGqmDpw=,my library,Radio,radio,1
BqnomjS+KJtzWrGRkqLEoO3I7KapwN4B8H9in4Fsf+I=,zuyzUP11fbgoVp6IMfWK378GDToe59ZlK5gkf+7aKdg=,explore,My library,song,1
rEVqJ3NIxC9LSUZYOj1ft5VSAvFo3AxNu2k36hKKtWc=,1UHqpOyecqH+8NytyogNdQz/2zUDpmHzUF5lgH1gvyw=,radio,Radio,online-playlist,1
rEVqJ3NIxC9LSUZYOj1ft5VSAvFo3AxNu2k36hKKtWc=,etnpvFVFCKje9Br8nB2pWWlaMRVwN6euSQc9+7ZnXR4=,radio,My library,online-playlist,0
5LGtbWKwKifap3ECM6HO04gPY339RM0oF7D/MfWzUxg=,1GI0GC3w9c0tDD2s0qP15DxrLUs9JX9XW6fKbY0rBZ8=,explore,Local playlist more,online-playlist,1
DqwB7smOAIbNnnQbWOpfsmy9znTwfDEQCW1I6ujFG48=,Sb2AlcokNNB8/NfoJjK+C/N5lmET1mY6HAd781MxQy0=,my library,Explore,local-library,0
+boPBM5G5+vAfbO6zTy7A2FrVQyl91aBPGHkQ6ciNYc=,22wN6a2Q/qVQosA8OBfVg6AbwvI2KJnZ35DXLqpLHJg=,explore,Radio,online-playlist,0
XHJRZV5Xgcub4dNGuzRj5tVfDD1iwrtoXmdQOWtlc3U=,wBTWuHbjdjxnG1lQcbqnK4FddV24rUhuyrYLd9c/hmk=,discover,My library,song-based-playlist,1
V8pNUizcKwTRuSQAtzXJBAJ7B8cyf0EegXkljvIvFqo=,UZ3dBhXYs3u2VWiwH9VQYBWnp1hi25EmxuK8JISoSZU=,discover,Radio,local-library,1
lq5Q5jIo2pNtn/bTBZy8e07jc4qcIhLI7PXeieo/EgI=,22wN6a2Q/qVQosA8OBfVg6AbwvI2KJnZ35DXLqpLHJg=,discover,Local playlist more,radio,1
pRHIP4XdwWx7YpREsLN4sD0gb2BUEbhKytDXlwUAO+k=,h90KlUZE/mlkkPjhbhz3hXY1zvOhqJXuiKBoFWnTDAo=,my library,Local playlist more,song,1
Tb5tCteFbk+G5Jyvq9SqD1eAzgZ98WR/xOCvvjkNCog=,eqxzfyc6kVOcYTDo7GCguRsfLEplxdlJ+umjJsB8gdY=,my library,Discover Feature,local-library,1
z1IXxOkXP6uCWwFJLibRkXzU7USedggSWIfGJl/HFQg=,a4TbK5V15pj3YZUOGa9h2U3t0OsE+3aiFw41mNlcgcw=,my library,Discover Feature,local-library,1
UjuPJCQo/YoGVR/yJ+CocmWUk2czJE0BBKqaPpVYV64=,/SfOXDLarv4WeXEX6g9GfKgd1R+BnBG2+k/vanWU5FA=,search,My library,radio,0
wobMEyGx2iCkFu27/HPRJIky3S8tO/rS8Rr+tsvEe0k=,01dMXfqYr3EWV8V4ccmHMNy45+7YG8TBmGJ4IVWOduc=,explore,Explore,online-playlist,1
OOETiYOFhuTowtgRUIiKommGv0eo6XUHLc1ofgwcJew=,KQkL3RbSia9p7I5H9wrdEFmQZSJEZc64kpnzDUUEe84=,explore,Discover Feature,song-based-playlist,0
SyBjgDUF6aV+1d17oV4XPDBkJLU//LAOwWdYh4DAUiU=,AyU+NHMfkl3i4KQlaVcu2Y5w4JS+yMgNapvCrDuQtmY=,explore,My library,local-library,1
qn0aqqC8dcshYsmcFmFYJtebwjMp6kLr8yanC5QC79o=,un97bVjGL490RQbl8kr/58qbzkeuFBGMnXFRst9RArs=,explore,My library,local-library,1
MxCUQ6tAD7LU1yR0gwRck91ZKE88gY8kD/rX9Hi9srQ=,N21RxItkM+DqGIdEWiPa5urFl3xvDUNVdhr2bFZvMeA=,my library,Discover Feature,online-playlist,1
Tb5tCteFbk+G5Jyvq9SqD1eAzgZ98WR/xOCvvjkNCog=,cLpXPLkgvZlNs+wbtHh2zFjvGMH61BU5fj79s+G2/PE=,explore,Local playlist more,online-playlist,1
K7obY5lUlZTd6a/byE9NG/e7Q/dlgHfppLbYk8OL7os=,fUGs+CNuo9R1M6NQbuyGVFMJmTf0TSFHjYDrBglyuVI=,explore,Local playlist more,local-library,0
vSstkkQzt3KMmyvh0MGHpXpgzHO6kobAYipy6ik6HB8=,izWkEacMHX6lc+hEC3QnWwWd2LXiHZ9tacUNpfUz+aw=,radio,Discover Feature,song,1
Tb5tCteFbk+G5Jyvq9SqD1eAzgZ98WR/xOCvvjkNCog=,g9qhCRIaFUnq4Z9HJcFQWHWRstWhK4NoB2sRPoD9iuc=,search,My library,online-playlist,0
tiYOcOjJ0qgAJDL3hTboZye11uT8tBbNTscBDWxCWLw=,DRWs2zLgDBAqLqyHsNZVPyiBed+Iutm+qsoWqvo6dkA=,explore,Explore,radio,1
lq5Q5jIo2pNtn/bTBZy8e07jc4qcIhLI7PXeieo/EgI=,7Xxzo9Z584Z1AhkaLLWEcpzcEuxcquGE52Ztc4879YI=,discover,Radio,online-playlist,1
o+5RNlSWrzvrphgBNGIo1FLkGxBgyICns6qXj3nS7Pk=,IhNTvk4edMSv0PCLIS6Ry23aEYtKEA/KwbJNi1OV84A=,explore,Discover Feature,local-library,0
UhqjLSMwLYzjZFDyYQF6A33phr0tPNXyu7+I08q/u8g=,7XjSvrL47/EJD2mNR0e2Ja+ed/Dm0j35tKPQLiO2Hjk=,my library,Radio,local-library,1
PwnWgkloewAh6nr1MpRnSm6jbrltEb328ifDj7ccDZc=,g9qhCRIaFUnq4Z9HJcFQWHWRstWhK4NoB2sRPoD9iuc=,search,Discover Feature,local-library,1
Mue3orxlJaHmK07bXWDrchFW1f/Or6TLVfMwx9fO9aA=,jpq9yBIzCyyWbLcrGFWHYyXpFZ8N4b9FgKC4qFj04gk=,discover,My library,song-based-playlist,1
YYdQJgjemCT/fAv8s+CwfmgDprAQOneJ2M2SdArq9V4=,gffrcQ9mFCfCwM4Gx7ArXpR8J749p3tfh/tM0chIODo=,discover,My library,online-playlist,1
fVZedYe9G51wW8jy3Ws7FuF5IKx7zxQYWvPAfCdIRJE=,uzU6ntNZT60j0CqFNXTpF6Oo8W3w5UwU/ANEODidW04=,my library,Local playlist more,online-playlist,1
FG+WikEK8x1GZIB4E2keTq2SJX4bXjFjG5gkjc8qbcw=,xeyouM+hIjUtImV20of0p7SrDY4UnejP5Q/BnCHYG00=,search,Explore,radio,1
f2c4l3mhW4SmXKRP+OfPUdbQ4U8afe+gqcX9Dmh03Xs=,x0AQuGp6SHvaD/fLkk+6JzAp6zOUgd30Tx4oL3YBz5Y=,my library,Discover Feature,local-library,1
QDvq4xn7ZSBkamVnc8nL672oxKVqcR2zdgRGQf0giXs=,Zks8Is+xdBwLuMg0lYynAU4FanLNf/tyuZ8d7IEvY9c=,search,Explore,song,1
2yBzq7nUBV99ankkp7O46elZikHVB5BvqHcr2Lzetlc=,shYcSF/8MpYMxMzLfRznBZjwoQIvd+RUH06UamCj8ks=,radio,My library,radio,1
16pGH8W1JKJTrQSZDX3gQY57S3FiO4YJheGRiYbONsU=,euRuXf+FKUosn295WoeqQbQJ4MQ7es1jJAQlmqZFA/I=,discover,My library,song,1
WtuOpsYQ8St9zt7yySdryqDUCxeT4/v2rLRA7+lsahQ=,x+wwBWqNXLShElFWaLs1ahI15dN4cl4ShC1/Wm4PsH4=,my library,Discover Feature,local-library,1
1d4acB2bhEZCFjSRwvO4ls8PrBtvNTlkcAcxYx8FcWE=,RxCEvZAXgnh1ZDlQBuVb/J9xpnopFSJBaBxLqGZIXSs=,radio,Discover Feature,local-library,0
AXKTVBbdr2/z7m5WL1IXzlriNbun8B+7wM41MsWCYDw=,d9Flpsyq/y8CR3F213pnXUkrfK1fMClvhYH37pFSc7s=,my library,Local playlist more,song,1
tnPUP8fJSxqSkuJZygxUzdvY2dVUyPxoKCGHmrwcKEM=,WJyW1Eqg3hXHl2+JB/qMSAQ/3VxqSNVvPniD/ReCo2I=,discover,Local playlist more,online-playlist,0
TxneOykZ/MOIbQmA/aJ4EUQUIR9r+Egt6TNQu0WgwpA=,8f/T4ohROj1wa25YHMItOW2/wJhRXZM0+T5/2p86COc=,discover,Radio,local-library,1
PC0HTwpYB4UtDaA1s7qlkmktEzeiz57VXvIJijk6ChQ=,G21dv1ZiXpa7iO6UrKktIgqRdrvx7nLjRbRHGmtzGvQ=,radio,My library,radio,0
lfK5QUAaa28niDIyQ2oGkSntvSe7G5EmQ1N6nvnE8lY=,KQkL3RbSia9p7I5H9wrdEFmQZSJEZc64kpnzDUUEe84=,my library,Local playlist more,radio,1
qd03y2Hs/0xCA/dPExadbY5XQdTHOcli3h8w4KTwhZ4=,5TKFWT9ivwAJiqRWz5apDsePXcJZ2b1RA/1gxTm6XoQ=,my library,Local playlist more,song-based-playlist,1
hzy7RwzEVDm4JmC0X2qLUvnoE1+2zNTEea4fOe/o6ms=,UQeOwfhcqgEcIwp3cgNiLGW1237Qjpvqzt/asQimVp0=,explore,My library,song-based-playlist,1
LThaiVqGGnVTPmTcmwN/LLo4fVb5dzkduzd7s1SgzIA=,L6w2d0w84FjTvFr+BhMfgu7dZAsGiOqUGmvvxIG3gvQ=,explore,Local playlist more,radio,0
NwX1NaVlyw0jvfQNxLTcx9ztIUKVL/sjkccdAmMpfCA=,TbrfWJpl81E4alsi2+b84oeUu+b5S/8n9yFlZDriNYs=,radio,My library,local-library,1
Ty59+gs+lfVbfm1T/SDqLmbFhtkAP4Mm75uYiaKZ6kk=,UZ3dBhXYs3u2VWiwH9VQYBWnp1hi25EmxuK8JISoSZU=,discover,Discover Feature,song,0
V8pNUizcKwTRuSQAtzXJBAJ7B8cyf0EegXkljvIvFqo=,/SfOXDLarv4WeXEX6g9GfKgd1R+BnBG2+k/vanWU5FA=,my library,Radio,online-playlist,1
B4P1g6sGBILzGhelH/YKkfpkFgWfn/LgS4KgU+bEaD0=,+CvzJ0dbjOAypszTDhMrSjJJQYNbEiDrSod3wwcOA1k=,explore,Radio,song-based-playlist,1
EDSn8rAs8qjUvqhhFG5diTbaVbJi8qkoKXeMzf2JGVQ=,pHaz1pjrzfa+p9u7Ga2ngsEhHUyUgT1Npouo+nP6e8s=,radio,Local playlist more,song,1
Z56mxjHqnR1FK1d5gkf5ARTxwZF8h0HPI+rHFGRrMHo=,jWx64JroBecZQXiaNU1toeSiTyhqdtsj38JTLS2TEhQ=,radio,Local playlist more,online-playlist,1
aMB9nC9PVKXsk/K++qMMG0in0dvk2XiUFuAnr10qiac=,w4Zku7HxtkAKl/BB8H81ZfWOXwnnmVbZBvFZeRPuRUU=,my library,Local playlist more,song-based-playlist,1
BNSYbtaNNCYfKVig95LpQJArTEx/RN2FgivSohB8r8M=,GIDL+PW6bG3ZeBgOby6JNIQn82kPQ+MZjIybnyI3D6M=,explore,Radio,radio,0
dZNojW/n4mqxR6RSZt4CMeCnJzzxBYi6n9qQCKbghvE=,J3iRhTSYqG12XgzsbOSJYdIFWZ39JaYoP3XSWM/pcHM=,explore,Discover Feature,online-playlist,1
rGbXmjKDOsBV9n2LJEPtx4GcJS00c7Bs9ZFo6icxVJM=,5TKFWT9ivwAJiqRWz5apDsePXcJZ2b1RA/1gxTm6XoQ=,explore,Explore,local-library,1
16fsOt7imefLSFsV7mWoP1AL+bpjP1NuWzQ5QP9tj8k=,27vpOctGRDxfm4nJsYUfvNaoL8ayuXiYAYUH4H1mfJk=,explore,My library,song,1
z1IXxOkXP6uCWwFJLibRkXzU7USedggSWIfGJl/HFQg=,fEAIgFRWmhXmo6m3ukQeqRksZCcO/7CjkqNckRHiVQo=,radio,My library,online-playlist,1
UjuPJCQo/YoGVR/yJ+CocmWUk2czJE0BBKqaPpVYV64=,X96NEF2NcG6gyKVF0+U3H98CgAlgecjthmaqQe0nLPE=,discover,Explore,local-library,1
WRwcfUKwDVQ46cylDQ1Tf8ayTojVYeh/00m0ubVNxQo=,7sD/47OK7UjsdmBjtLCUTIdX9Df8TjpHyOOeA0Koxy8=,discover,Discover Feature,local-library,1
vSstkkQzt3KMmyvh0MGHpXpgzHO6kobAYipy6ik6HB8=,r5BnHxvuPlLjwr4MHf3dF3yUY+NVS6rHrkVG7wVZ1uE=,my library,Local playlist more,song,1
+Y+wTRRkZ0QA3bV4+7nwu8qlN5Kb7ygMhqvB5L929YI=,etnpvFVFCKje9Br8nB2pWWlaMRVwN6euSQc9+7ZnXR4=,explore,My library,song-based-playlist,0
o6lVTGcU8lL0OI4fOMWc21THJHoOjqxxYlYACoyTN6g=,kTfvijj0YOM4LkNBb+6RCPKakz/8NEw5y2PMdmc9bc8=,search,My library,online-playlist,1
xjA4Fs3CO4k3jQSXLFhn21zxTcYVRRRTzof3ZPn8KFg=,3VkD5ekIf5duJm1hmYTZlXjyl0zqV8wCzuAh3uocfCg=,radio,Discover Feature,online-playlist,1
16pGH8W1JKJTrQSZDX3gQY57S3FiO4YJheGRiYbONsU=,kge3dyGXCTqgUbHpFPB0x8gy+cPAamtArhr4sghdRH0=,radio,Discover Feature,song,0
hOyJGmY7tciqGf1EhDj5UT86IfSSnaTHP5JWAPxYN6s=,TbrfWJpl81E4alsi2+b84oeUu+b5S/8n9yFlZDriNYs=,my library,Explore,local-library,1
ZIThPCdbFdxx0T+qKaAnQprzkTcoMTJL66Of3nlFGLA=,SHV52/0W8kZcf3uJZF9+ZP3S5vu2RO4WNGhZ8qQHulU=,my library,Local playlist more,local-library,1
zYTm2T59lT+Z/hpoywdET+EGMcRhwi4rzL7WD09iRC0=,cLpXPLkgvZlNs+wbtHh2zFjvGMH61BU5fj79s+G2/PE=,my library,Discover Feature,song,0
cqjRBV/jWN2ujhc+z/4tz+Mj6xEfflAAt6qBXCqxKvw=,VkILU0H1h3NMmk9MQrXouNudGk5n8Ls5cqRRuBxeTh4=,discover,Discover Feature,radio,1
O3ElkgfVd3DoJysnWAIgIPF4N3Y9LPmlm+aC5G+UXGY=,6LdT9BiGIlQ3rJped7PACqnrzstFXz8dXD6MmmsA8uI=,my library,Local playlist more,local-library,1
tnPUP8fJSxqSkuJZygxUzdvY2dVUyPxoKCGHmrwcKEM=,Ujt3R5hAe0Pix2mURuC+CO6aazhCvEU2lByPzy3E90k=,search,Explore,online-playlist,1
Mue3orxlJaHmK07bXWDrchFW1f/Or6TLVfMwx9fO9aA=,7vGvrf5l1XzNbeLZXzQgaNvc2VBmncarpN3LQpLUZiY=,explore,My library,local-library,0
XkORogCcAwIoTSBptOED51tv9wXQ2WCEqGgvwqKsyU0=,+h+uIXLQyXHuCdwAY5oT3T302vt0IdQJtux0APXhriw=,discover,Discover Feature,song,1
R2FvE4x+hefwL4evbgNGNCng13c1MkP3PHocNtU91qU=,PWxngjBL3gt2KhdKy8MwEYTgAw/lkL9F/lqqjciktFk=,my library,Radio,song,1
lSkUSnCm60kDLdEsnAVp6jwr2HkyIhDCEZLX82djjHg=,w4Zku7HxtkAKl/BB8H81ZfWOXwnnmVbZBvFZeRPuRUU=,explore,Discover Feature,song,1
o6lVTGcU8lL0OI4fOMWc21THJHoOjqxxYlYACoyTN6g=,Sb2AlcokNNB8/NfoJjK+C/N5lmET1mY6HAd781MxQy0=,radio,Local playlist more,local-library,1
E3yiQ2d5+KiGkm622V73IRgukx9qXPYJIpG6xWF/lF4=,VkDBgh89umc9m6uAEfD6LXngetyGhln4vh/ArCGO0nY=,search,Radio,song-based-playlist,1
WtuOpsYQ8St9zt7yySdryqDUCxeT4/v2rLRA7+lsahQ=,A+RNE+nwHzzYdQliLcF1YcaMpmDL91TAbz8xALp4FEM=,search,My library,online-playlist,1
4tuTIArXO3WO8/zS9y2CC34ywEfChjAKUchlKW00DMM=,uWREia5CNSoapbU9+BpqQxlSfntw1J/01HQGpVxFiM4=,explore,Radio,song-based-playlist,0
tiYOcOjJ0qgAJDL3hTboZye11uT8tBbNTscBDWxCWLw=,Kpyp6PVaOaQz81TH4KYB59FJiO/GVgzDVyCmiyxHTxc=,search,Discover Feature,song-based-playlist,1
xQp8uu2ljPWqokw6Eg+4TCB/GUC/EZwFMcapcleGiDw=,D1tFsBLd9VWbonfb6Vek0BI2EJB6udLOuV/x+ptYpOI=,discover,My library,radio,1
VE8ZRudqIj9zHOSXxGg3cLOBkbykv78DwWN6IXRusWo=,zx4aCmk+b/uPmvESsG8ekvi7qWmifSPNMXg1i8wyG8Q=,explore,Discover Feature,song,0
OMy7VLQDDDlAqrp/YCl+BvzGIgZoWNejIDqSl8siqIM=,euRuXf+FKUosn295WoeqQbQJ4MQ7es1jJAQlmqZFA/I=,explore,My library,song,0
xEeMEDdDCvfLGt6eoayVgVh48nLdPvEm1XzwzY6lT58=,3VkD5ekIf5duJm1hmYTZlXjyl0zqV8wCzuAh3uocfCg=,search,Explore,song,1
SZ5NNypqaTWljFO1HiVZwkw3713+rM9x/JNdJd8/fzc=,IIPVkO6EB8ymcuxkuxkum1N5gowLdTzy9sYF9luyhVk=,radio,My library,local-library,1
b5XWI+EhZTCGoQ6YK/SLu3tmCnKh8Z7wBK6Gztm49uA=,Sb2AlcokNNB8/NfoJjK+C/N5lmET1mY6HAd781MxQy0=,explore,Discover Feature,local-library,0
+boPBM5G5+vAfbO6zTy7A2FrVQyl91aBPGHkQ6ciNYc=,W4gOC3iBXV97C05qyVDGIKAJg76BJcrzWPnLwkKK6kQ=,discover,Radio,song-based-playlist,1
vBNHobQRQsofef7+9NZk4C6Y6T2PBXSGXUbn6c8UOcg=,3DU6F6k6dFSdoQa2tsia5spMXFCxWh4JJdA3OxSo3rM=,radio,Local playlist more,song,1
zYTm2T59lT+Z/hpoywdET+EGMcRhwi4rzL7WD09iRC0=,XUz4Z4wPPChz+OIwkwj7HJ8teIjW3rEMdEATM80rDxM=,radio,Local playlist more,song,1
OMy7VLQDDDlAqrp/YCl+BvzGIgZoWNejIDqSl8siqIM=,Wi0kjTBakpXIWBbaT++vmtjDSEo06lhfiVO4KMSF5jc=,search,Local playlist more,online-playlist,1
7xiBI5xU3P2/IiR9teB7jySfzWo96JGikGajteLd3Cs=,B4o9XjQJPJGGJr63sxzS4LUoQOrNhyVU1DersrYXRlI=,my library,Discover Feature,radio,0
QDvq4xn7ZSBkamVnc8nL672oxKVqcR2zdgRGQf0giXs=,1PR/lVwL4VeYcZjexwBJ2NOSTfgh8JoVxWCunnbJO/8=,discover,Explore,online-playlist,0
a89sofbsaFkpzn8/P10elgzbXDQokPTlsKc1uqi7Zco=,r5BnHxvuPlLjwr4MHf3dF3yUY+NVS6rHrkVG7wVZ1uE=,explore,My library,radio,1
cF/VJmBHwhcqdd016oPP1wXBdWSjxEHEzwlhEn4+/4A=,5Qh7YI03x2cbQFFv/e+faYhVpFAzjvnuE3YXkx2KgsQ=,radio,Radio,song,1
00qmlWC3H/cjf2Ig1li5xIO0VNDRgBX0f9ilouDBEZs=,DRWs2zLgDBAqLqyHsNZVPyiBed+Iutm+qsoWqvo6dkA=,explore,Radio,song,1
MxCUQ6tAD7LU1yR0gwRck91ZKE88gY8kD/rX9Hi9srQ=,yLoN4bFNhNb3LXZ4EdnptePHtj3Ztmrw/p13qGn3GTw=,discover,Local playlist more,online-playlist,0
OMy7VLQDDDlAqrp/YCl+BvzGIgZoWNejIDqSl8siqIM=,fvFw8C8/hBGjtRs+4+bPpo6Ytw9YG0pLOwWJf3YAVhY=,search,Explore,song-based-playlist,1
tnPUP8fJSxqSkuJZygxUzdvY2dVUyPxoKCGHmrwcKEM=,VEHQ9uyNfwMBFPtkLOFGSOnovTSfj6RlQbgYZYp1xZQ=,my library,Local playlist more,local-library,1
a89sofbsaFkpzn8/P10elgzbXDQokPTlsKc1uqi7Zco=,7vGvrf5l1XzNbeLZXzQgaNvc2VBmncarpN3LQpLUZiY=,explore,Local playlist more,song-based-playlist,0
gNqpBxDbTlhvjHhGUzkOXI7uwdcMfsUjThCFibPphkQ=,dKsoBHe5cVhyQSU8CimXs4ysaAky4RNgBwIafHaLkik=,my library,Explore,song,0
38LUs5mVWNKfyjL7ilf9JCnWZLjnno2obLXr69JJKcw=,Z+mhovcYbExPp66GnBecKttDRM5S5YCAw9vzJACsQAU=,radio,Explore,radio,1
uCDJmSDTzA5PpnYGqKvNmFbwBIoS3jIXFbO5YfoCv/Y=,6LdT9BiGIlQ3rJped7PACqnrzstFXz8dXD6MmmsA8uI=,discover,Radio,online-playlist,1
1wiu2UfN0BNhHfPTrDS3S/rQkX/vnwDoKH6ODTUdH9k=,BITuBuNyXQydJcjDL2BUnCu4/IXaJg5IPOuycc/4dtY=,my library,Explore,online-playlist,1
baemFqI4x+fpHweCJQeb64jdSmOWUKkJuwK5BrgcsX0=,TbrfWJpl81E4alsi2+b84oeUu+b5S/8n9yFlZDriNYs=,explore,Discover Feature,online-playlist,0
A6DJoTdyfFVxhngH62vlscx6pJsakhdeNs2vDEVTfH0=,A7Z2nDVASy04EpmfzOL9PRMN3hFVbWQ7ah4J+o9sLnE=,discover,My library,song-based-playlist,1
2LbejuZF550yFLDXLIBw3gd/c462BIJ+S/SOwneSXUM=,ajjUpdQjWCwzCHNd6C0hB3Fz8BIPGjSy6IT35+UWD1I=,discover,My library,local-library,0
rGbXmjKDOsBV9n2LJEPtx4GcJS00c7Bs9ZFo6icxVJM=,5Qh7YI03x2cbQFFv/e+faYhVpFAzjvnuE3YXkx2KgsQ=,my library,Explore,song,1
Tb5tCteFbk+G5Jyvq9SqD1eAzgZ98WR/xOCvvjkNCog=,B2jGIdcFp/C/jeFaJdOwrw72q0kEetFFo+fReLkd6o0=,my library,My library,song-based-playlist,0
z1IXxOkXP6uCWwFJLibRkXzU7USedggSWIfGJl/HFQg=,dBblcCblxZ/fqu94pTStU055+hRvF2oiyDEq0qHIfiA=,my library,Radio,radio,1
Tb5tCteFbk+G5Jyvq9SqD1eAzgZ98WR/xOCvvjkNCog=,U9kojfZSKaiWOW94PKh1Riyv/zUWxmBRmv0XInQWLGw=,radio,Radio,song,1
tlFGRF/TtrSwJA9XPHL4cajWghZCbAbhzif/6wJiN6Q=,gG8cycpwQak+/chDrTlk8CXXIw4ztVIO1OhbdJBTav8=,my library,My library,radio,0
2LbejuZF550yFLDXLIBw3gd/c462BIJ+S/SOwneSXUM=,1UHqpOyecqH+8NytyogNdQz/2zUDpmHzUF5lgH1gvyw=,my library,Local playlist more,radio,0
hYJpPvGod6vy09TnlXdQe3Q0vlxju5u5Ruf8V2XkTio=,Tp37bk/x3F8bFpANiXXKtuLaaNtHDeQwsNUxYHNE4VY=,search,Discover Feature,song,1
P+Sxa9gtP8P8IQcpPGbwWmEFdrF16hTrtfXyfa5aGoI=,f0Yvo22LVUbRIlICXcEEym7IYNVjUqghZryP6Vf103A=,radio,Local playlist more,song-based-playlist,0
SWoa4UvhuutHxhcRAxlfTc6Jr1j5tGw9cp3Kiq+ayKM=,Hum12fv82coQWytuQUP8K0cHEdJ9zz10RrGjsGqmDpw=,search,Radio,song,1
H1D92jYJ3GyJWLmt3ZAE3QgxgfCCit8WTsT7+KwS+vw=,DT35ri8FZuj7PGLxW/PhK5lt+CFVV85jDqPrBz6kixc=,explore,Radio,song-based-playlist,1
XkORogCcAwIoTSBptOED51tv9wXQ2WCEqGgvwqKsyU0=,VkDBgh89umc9m6uAEfD6LXngetyGhln4vh/ArCGO0nY=,radio,My library,radio,1
2+T8pswRgDmvZ6B4esKi3lWZyT4xqeVKmv19J0/y51w=,gG8cycpwQak+/chDrTlk8CXXIw4ztVIO1OhbdJBTav8=,radio,Radio,song,1
2yBzq7nUBV99ankkp7O46elZikHVB5BvqHcr2Lzetlc=,v/3onppBGoSpGsWb8iaCIO8eX5+iacbH5a4ZUhT7N54=,my library,Local playlist more,song-based-playlist,0
pJxMd9PL/N7CdwTwKu3YqiqYSRAJHuejlrTonaPfPfU=,cVHsClcaUfj3ZPoqihH1Rd6ZSaDpa6UbdMDcyx8FfVU=,discover,Discover Feature,online-playlist,1
a4aEMKA1bMIwfCarB0qN+Fjag8swMwFfXm6ri5KJvms=,uzU6ntNZT60j0CqFNXTpF6Oo8W3w5UwU/ANEODidW04=,my library,Local playlist more,song-based-playlist,0
p9Lk74DKfVohPHjTvzHSVQ3lRaqW2ofcBolP45FJgiQ=,fLcg1JwIF80DBi1D5gheP1WuO4IXt4HFSd19TZ6y61M=,search,Explore,song,1
A6DJoTdyfFVxhngH62vlscx6pJsakhdeNs2vDEVTfH0=,6HofPS0v2MVFsL10yCN7dXUL+gUOnvsD35vx3HmRbdE=,radio,Radio,radio,0
UTAElx4+rSh2QViTKHQhC40cphX7ZIYafAOMJOJCshY=,9zVQUtq/Uzlxk3X7BwI28CSY7FomzpmtsRc8f2bRyJE=,discover,My library,song,1
P3tJU/DjIEbh0ucnC1KT8wojenDDSwx+blB8pFp/KeE=,jZVQRajq2WbbIoSiF5MSCyJKgTt7tpITHayD3PYKg88=,explore,Local playlist more,local-library,1
FaH6rl69OOVwbsO30jjdjVXD9wJO8pcVZS6LGy5zTJM=,3W6VBSN09a/Vh9w1Fwmdus4H4xxmde/yu0RBgMcTtZM=,my library,Explore,song,0
yBXKYfcmQ+TtIEvkLQXabAY2uwudIGn21dEZYAwCDCg=,7EnDBkQYJpipCyRd9JBsug4iKnfAunUXc14/96cNotg=,search,Discover Feature,radio,1
JkQacE3rvmhh65R04eDLbu+M7MCkpzmHwMGrbZo0puc=,WDhQhhbq+bwhBY642Fx3e5eGBdvqzzXmwiouCaVI0R0=,my library,Discover Feature,song-based-playlist,1
1m91HsZUO53drOd2CmAT2nf4JnK4xxBfbzPNTu9pkjU=,ux6db2W4f9nhapYVkSg81Uzhxnw0vf44cFWHSd2EuJo=,search,Explore,song,0
H/MB+uttGlGIMr7qru4HYG4dVbh0e1mBuoryBOKz/RU=,bTlSHgnwaBMIKHseTFHanJ3Zr4x82ybrGkexpnxDhTY=,radio,Explore,radio,0
Wg1bSRX3JtJ9ElarOhpbEaV5pu9lgTeS33mARTV+Sl8=,JP0GJixHOHSNDsjKiQY2ttQKbDmWSk35JMMfPtR06BM=,explore,Explore,radio,0
KGXNZ/H3VxvET/+rGxlrAe7Gpz2eKMXyuSg3xh8Ij1M=,750RprmFfLV0bymtDH88g24pLZGVi5VpBAI300P6UOA=,discover,Radio,radio,1
38LUs5mVWNKfyjL7ilf9JCnWZLjnno2obLXr69JJKcw=,ze0+7p13wqB1hZ/KWd6OT42LBehKmYVQyGGzEv8Q4fA=,search,My library,song-based-playlist,1
sgT7F0PbR9/iCyzeSzcl//+E+fK3CeZmM1deeeJ5rZ8=,X96NEF2NcG6gyKVF0+U3H98CgAlgecjthmaqQe0nLPE=,my library,Local playlist more,song,0
PwnWgkloewAh6nr1MpRnSm6jbrltEb328ifDj7ccDZc=,pkKADcjPLFdP9kX40L8dlmbLWkgUTqUB0LhurVLSTME=,search,Discover Feature,local-library,1
4tuTIArXO3WO8/zS9y2CC34ywEfChjAKUchlKW00DMM=,WJyW1Eqg3hXHl2+JB/qMSAQ/3VxqSNVvPniD/ReCo2I=,search,Radio,radio,0
xQp8uu2ljPWqokw6Eg+4TCB/GUC/EZwFMcapcleGiDw=,YpeEDiJw4nf+dGvwJJqGWlFsbJp2cRxhmB3vioPeU0E=,my library,My library,online-playlist,0
9wwJC2y3YDYTilHnM+uYnPS7GCxV625Hs4VZ7sc6OKY=,zg6SzD3aqsnOqqyhFYTdbCNFrhSACbwefB/ZFi68AO0=,discover,Local playlist more,local-library,1
3nWFLb+IVt1+0JcM73g0wIG2AHtyhsI5RlG7gHziOFA=,Ujt3R5hAe0Pix2mURuC+CO6aazhCvEU2lByPzy3E90k=,search,Local playlist more,song-based-playlist,1
HVcWdf8CEo9s6qwt5V7TpoPYJfRlQSTA6b7kxEAImpc=,M0vkEMBlcbeVSWQQx/6FtXbJ57IiCw27TW8/vmSayk8=,my library,Local playlist more,song-based-playlist,0
T+FJrpYi77CWTUE5nO/vliojRaTPgt2bRUQHy5lhXrQ=,skehue/d/R59G71dXYpntDwdjRRPlweN3JE8g40TgZU=,discover,Radio,song-based-playlist,1
saNgxsUQwx4IXBRgFF0w3uJN6KzvQBEv3dI7dDaz97g=,o0kFgae9QtnYgRkVPqLJwa05zIhRlUjfF7O1tDw0ZDU=,my library,My library,online-playlist,1
9wwJC2y3YDYTilHnM+uYnPS7GCxV625Hs4VZ7sc6OKY=,z8xAhD/t0v/wUKZ8Rz0Pwojr5psdmUQn3/eu0Yw11zQ=,discover,Local playlist more,radio,1
Xbrr2Sbq8NuLG+1QZWm/Iu5P52fUTvgspCYNG8wmfPQ=,dNvkA285an/yeIMPT4VszEQlmwHsZHHSgDbDB5nEkmI=,explore,My library,song,0
Y8fGbgG4J6bpoXzljxRIp+hwVjk2ULHaLAfJatxHjg0=,WL4ipO3Mx9pxd4FMs69ha6o9541+fLeOow67Qkrfnro=,explore,Radio,local-library,0
SyBjgDUF6aV+1d17oV4XPDBkJLU//LAOwWdYh4DAUiU=,B4o9XjQJPJGGJr63sxzS4LUoQOrNhyVU1DersrYXRlI=,my library,Explore,local-library,1
J/KdXo5kGQs+dRxYam3/tZlwhl7ZX+sYvvCdjg8Tqzg=,eW1d3l1sSncU4sGM69MJtIG79wnXbdy8FZKpFVElS0g=,my library,Radio,radio,0
ZIThPCdbFdxx0T+qKaAnQprzkTcoMTJL66Of3nlFGLA=,s84FxzZB6F3J6VOD21RuFLngqi6nMsKA4txNXn+pbK8=,search,My library,song,1
H5DWyI7bujtol5aU1pzvLdfBAs45Ym/5jicdUlerf2s=,G21dv1ZiXpa7iO6UrKktIgqRdrvx7nLjRbRHGmtzGvQ=,explore,Discover Feature,radio,1
ZIThPCdbFdxx0T+qKaAnQprzkTcoMTJL66Of3nlFGLA=,LnbFBEyneTI7mID7Pw+s14Kf3o73LucRxwS3Wpfjsf4=,radio,Radio,online-playlist,0
Xbrr2Sbq8NuLG+1QZWm/Iu5P52fUTvgspCYNG8wmfPQ=,4brTUuIjK24sVlWzSLLL33b3JbwhNVfaDo7vvBt9FCQ=,search,My library,radio,0
xjA4Fs3CO4k3jQSXLFhn21zxTcYVRRRTzof3ZPn8KFg=,zQ42nV6yi4mJlCn/6KEjm+SP6pEwUsd3P9fpI8tDiWE=,radio,Explore,song-based-playlist,1
bEJvXhD1XWK8qi0Lhydk9nt30hOTCkxG0a70s9ZeCEk=,WDhQhhbq+bwhBY642Fx3e5eGBdvqzzXmwiouCaVI0R0=,explore,Explore,online-playlist,1
s8Oce1igq03hako2pQCfeXyPVkBs77ArjdrZEQAjpbk=,HbqkjwnnIt6BtfmvVyXTdPHAsFCYxU74sv8+s1lfIwE=,radio,Radio,radio,1
TxneOykZ/MOIbQmA/aJ4EUQUIR9r+Egt6TNQu0WgwpA=,kge3dyGXCTqgUbHpFPB0x8gy+cPAamtArhr4sghdRH0=,explore,Radio,online-playlist,1
K7obY5lUlZTd6a/byE9NG/e7Q/dlgHfppLbYk8OL7os=,3DU6F6k6dFSdoQa2tsia5spMXFCxWh4JJdA3OxSo3rM=,my library,Discover Feature,online-playlist,1
FaH6rl69OOVwbsO30jjdjVXD9wJO8pcVZS6LGy5zTJM=,5TKFWT9ivwAJiqRWz5apDsePXcJZ2b1RA/1gxTm6XoQ=,radio,My library,song,1
EDSn8rAs8qjUvqhhFG5diTbaVbJi8qkoKXeMzf2JGVQ=,hDaCYJApKdeZGK7HPAWppz+FfmRwNh9g1wBc/EkBfYE=,explore,Discover Feature,online-playlist,0
1d4acB2bhEZCFjSRwvO4ls8PrBtvNTlkcAcxYx8FcWE=,WOvHYkt7XUOtmMOTsgT+2vJKydJEVInZGliuLUXoV7o=,discover,Explore,song,0
JkQacE3rvmhh65R04eDLbu+M7MCkpzmHwMGrbZo0puc=,++QfzyM/LiFaCuvkDFK/wJe13ZEMgTgAaVCcolo7nnY=,search,Local playlist more,local-library,1
AXKTVBbdr2/z7m5WL1IXzlriNbun8B+7wM41MsWCYDw=,opfHqJ0Oz4KsSqM5/TqBERkLI9DFnMD0Jywzh7XSE6Y=,radio,Explore,song,0
YU6fAgCFgPkaJ1YSW2838KzGTxmBCfgousTO8jwuHYM=,8f/T4ohROj1wa25YHMItOW2/wJhRXZM0+T5/2p86COc=,discover,Local playlist more,local-library,1
1d4acB2bhEZCFjSRwvO4ls8PrBtvNTlkcAcxYx8FcWE=,eKCra1VJtznUJW/pya0TCpqHRxHxdQ51S3fspJmR2gs=,explore,Local playlist more,online-playlist,1
SZ5NNypqaTWljFO1HiVZwkw3713+rM9x/JNdJd8/fzc=,YKXNGyMdm+M370+YcJdqTDhPN1gJgBj+F5rmrdnPZT4=,explore,Local playlist more,song-based-playlist,1
s8Oce1igq03hako2pQCfeXyPVkBs77ArjdrZEQAjpbk=,9tNXaK/yKJfTcoWLRFw6HXplizDxq4bFvzs3scmesCU=,search,Radio,online-playlist,0
OyELWVNKZMJtqg+BFArzAokp8bn+pGhBWbCZaxyLIus=,2Y7NstzrTnCFlRel5m80hPDe9471QRU9oyqPIx1xIP0=,search,Discover Feature,song,0
ZIThPCdbFdxx0T+qKaAnQprzkTcoMTJL66Of3nlFGLA=,9W/H8tPBKQ7VWmBctuQ6RabciYdr1l+/kg1YPDcPOlU=,radio,My library,online-playlist,1
gNqpBxDbTlhvjHhGUzkOXI7uwdcMfsUjThCFibPphkQ=,Xpjwi8UAE2Vv9PZ6cZnhc58MCtl3cKZEO1sdAkqJ4mo=,my library,Explore,song-based-playlist,1
5LGtbWKwKifap3ECM6HO04gPY339RM0oF7D/MfWzUxg=,Hg9Bv1grz9a7lTp6HxpK//dV5AOqft4uk1fjIfPMJFE=,discover,Discover Feature,song-based-playlist,0
YU6fAgCFgPkaJ1YSW2838KzGTxmBCfgousTO8jwuHYM=,euRuXf+FKUosn295WoeqQbQJ4MQ7es1jJAQlmqZFA/I=,explore,Local playlist more,song-based-playlist,1
UjuPJCQo/YoGVR/yJ+CocmWUk2czJE0BBKqaPpVYV64=,9zVQUtq/Uzlxk3X7BwI28CSY7FomzpmtsRc8f2bRyJE=,discover,Explore,online-playlist,1
dU4RbzpIRRd/EkA9Xncpy9CglzDBZp7nKMfdnfr3Aj8=,338YQI2OhQDjVCbuAJ2t0PQtzDG8KRSFdB69kiwt3CM=,radio,Discover Feature,online-playlist,0
YQiox2a4tbRbNBaL+VfOLH8oea77HPJMPWRh8euXZqM=,T86YHdD4C9JSc274b1IlMkLuNdz4BQRB50fWWE7hx9g=,discover,Local playlist more,song,1
2LbejuZF550yFLDXLIBw3gd/c462BIJ+S/SOwneSXUM=,M9rAajz4dYuRhZ7jLvf9RRayVA3os61X/XXHEuW4giA=,radio,Radio,song-based-playlist,1
dZNojW/n4mqxR6RSZt4CMeCnJzzxBYi6n9qQCKbghvE=,VkILU0H1h3NMmk9MQrXouNudGk5n8Ls5cqRRuBxeTh4=,search,Local playlist more,radio,0
YkG93vvIFdFWVWsYqT5w6t0X4uw9/RS03jqzhBzxFlc=,qiF4WAvKyVZZIBi4oSntG2GrHa1+p3oMaiZBXUpeDT8=,explore,My library,song,1
2yBzq7nUBV99ankkp7O46elZikHVB5BvqHcr2Lzetlc=,wBTWuHbjdjxnG1lQcbqnK4FddV24rUhuyrYLd9c/hmk=,radio,Discover Feature,song-based-playlist,1
/mmecbnAd2Jrji3aonisktBko1/o+F68GqpV8X4gHiI=,4eWKqiadX4L+cYSy1VEcazqQDV1YxvYo1YHU5VR81pM=,search,Discover Feature,song,0
MxCUQ6tAD7LU1yR0gwRck91ZKE88gY8kD/rX9Hi9srQ=,L6w2d0w84FjTvFr+BhMfgu7dZAsGiOqUGmvvxIG3gvQ=,my library,Explore,online-playlist,1
Mn98O4X/zceMt9nswcoq08F16ciCqhuN7lQ951MAL2o=,kFx6IW7O34CiWxdfV61/cIjZs57ZasQBPjJQSJk2pk0=,my library,My library,online-playlist,1
XkORogCcAwIoTSBptOED51tv9wXQ2WCEqGgvwqKsyU0=,iiifj//EcKnociT6W3nBASJygGe/TyFB41UD1bTtnU0=,explore,Radio,radio,1
lfK5QUAaa28niDIyQ2oGkSntvSe7G5EmQ1N6nvnE8lY=,CXdtx7/QxePhjYwYFcXVv+lXjCDEGRJ9r/OC7IQXthw=,my library,Discover Feature,radio,0
yBXKYfcmQ+TtIEvkLQXabAY2uwudIGn21dEZYAwCDCg=,+LztcJcPEEwsikk6+K5udm06XJQMzR4+lzavKLUyE0k=,search,Local playlist more,song-based-playlist,0
akW+xn32y3X+ZisQokWwV8+caojTEpm3E8lV8E3yuBk=,Knq4ruFJI2OJlOtotwq3fuWueMlXcUeS3oxVEYlKoC4=,radio,Explore,online-playlist,0
xQp8uu2ljPWqokw6Eg+4TCB/GUC/EZwFMcapcleGiDw=,i7p594HsKb4cYynsE1a80PmSBL9bFI2dmBu16bwdke4=,explore,My library,local-library,1
Xbrr2Sbq8NuLG+1QZWm/Iu5P52fUTvgspCYNG8wmfPQ=,HTu0yj2OGmSKPV6I6ktmb6DnmnZY8ZSFrrzNFR/MOfQ=,my library,Explore,online-playlist,1
TxvdtN1Ehq4kbgU5J7lw+ik6Pc0NZjnQKARPiCCf0fk=,eaEPf0VwQhIvfAm8xzQucpa0/OnWo18Ig1cfMIUsZ3M=,radio,Local playlist more,radio,0
gxxBbzV3eE2XGjUrFVB2FzAve55Oe1s86HD+OEh36Gw=,DT35ri8FZuj7PGLxW/PhK5lt+CFVV85jDqPrBz6kixc=,discover,Radio,online-playlist,1
Xbrr2Sbq8NuLG+1QZWm/Iu5P52fUTvgspCYNG8wmfPQ=,G0rUz0kguI35yzj95LX2BXI30PqCcJJtPNfirR0BhIs=,radio,Local playlist more,online-playlist,0
KsjbiO2iw8TpMfu+9Bf2p8GI57Q53lsHXy1xWIMKH/E=,kHpEHXKwwG+dwmOR2NnvrXwsE24vqD7n40tcNQE/niQ=,explore,My library,online-playlist,1
Tb5tCteFbk+G5Jyvq9SqD1eAzgZ98WR/xOCvvjkNCog=,XVAiWjCX02nhNZ8t4bKfJOsVU51bG0YJXuOUl00tTgY=,explore,My library,song-based-playlist,1
n5v6IqRk4CZnELtP0Z2et7EZrdPicfyhvD2gIdq1Mcc=,YpeEDiJw4nf+dGvwJJqGWlFsbJp2cRxhmB3vioPeU0E=,my library,Local playlist more,radio,0
saNgxsUQwx4IXBRgFF0w3uJN6KzvQBEv3dI7dDaz97g=,B4o9XjQJPJGGJr63sxzS4LUoQOrNhyVU1DersrYXRlI=,my library,Explore,song,1
KsjbiO2iw8TpMfu+9Bf2p8GI57Q53lsHXy1xWIMKH/E=,80hnDqhSe9u2uIaLvDh1tCbwryzDrsf789zgDDF+k+s=,search,Radio,radio,1
2tmUzRCcD0l3et0ck9XfxZT6gT9LM3w8gwfckVNylIU=,jceXeAoNeYd3hRvbWRdqCUinjutJgWRyvPezTymyvTc=,explore,Explore,local-library,1
3yBpYWqEybBPazsqB5NIhrXKCFe1Djn5orPBvxz9ArE=,AyU+NHMfkl3i4KQlaVcu2Y5w4JS+yMgNapvCrDuQtmY=,explore,Radio,online-playlist,0
z1IXxOkXP6uCWwFJLibRkXzU7USedggSWIfGJl/HFQg=,PWxngjBL3gt2KhdKy8MwEYTgAw/lkL9F/lqqjciktFk=,explore,Radio,song-based-playlist,1
Tb5tCteFbk+G5Jyvq9SqD1eAzgZ98WR/xOCvvjkNCog=,9uDuRF+ToaleR51vHf8IEw4NEKDJXRo/rVRV2011aSM=,search,Local playlist more,radio,0
b5XWI+EhZTCGoQ6YK/SLu3tmCnKh8Z7wBK6Gztm49uA=,jZVQRajq2WbbIoSiF5MSCyJKgTt7tpITHayD3PYKg88=,search,Radio,song,0
x+k/zTEqdgYq6O+r1iDjKRaQnaCS5118gzBe8c12r1Y=,cQI8Uzy06tt/XJ59vDlifTQTl2qOiTFBkf5yVCUNoyg=,my library,My library,song,1
H5DWyI7bujtol5aU1pzvLdfBAs45Ym/5jicdUlerf2s=,rFLawM8j/vW78o/S3P2GTsmy6HwkTI15P7NF/i9CkX4=,radio,My library,radio,1
tnBf+t14y3vlNshUe1XQbIWYtTBMBYmVXIMWdNVRv/o=,Kpyp6PVaOaQz81TH4KYB59FJiO/GVgzDVyCmiyxHTxc=,search,Discover Feature,radio,1
x+k/zTEqdgYq6O+r1iDjKRaQnaCS5118gzBe8c12r1Y=,+WZeyJdxSPcag6xHLPjJOfJoc1haKiC4j0BcbZHG5ig=,search,Discover Feature,online-playlist,1
8Pvl/iQSa1A4J/op1WLFoj9PGFv5WHjDas6efapYoss=,h45pWoMzCvsq3e3rBIuHggNB/3NG06/SIVDPEPOF1Gc=,radio,Discover Feature,online-playlist,0
DqwB7smOAIbNnnQbWOpfsmy9znTwfDEQCW1I6ujFG48=,msJWKceAKkJe5FJDUUpnHBL8qS3QQUC2faxjiJrEw5w=,my library,Discover Feature,local-library,1
dZNojW/n4mqxR6RSZt4CMeCnJzzxBYi6n9qQCKbghvE=,msJWKceAKkJe5FJDUUpnHBL8qS3QQUC2faxjiJrEw5w=,search,Radio,online-playlist,0
jL7ukei/Kb4gDCfTG4+VhV4TzLaDecjji/aW+GqWvac=,S9Ceoq7vRyE9wVvIyi8dWYZ+9bN3W/hP8i6nFTM8y70=,explore,Discover Feature,song,1
dZNojW/n4mqxR6RSZt4CMeCnJzzxBYi6n9qQCKbghvE=,1UHqpOyecqH+8NytyogNdQz/2zUDpmHzUF5lgH1gvyw=,explore,Discover Feature,song-based-playlist,1
lFQM2AQ0IIifeOgmnRDSFEuWfh7XQZm0Z+O6K696CQk=,yPA+sQt5tJ3NgR6/L9BefmNpA2152zQQ+/Kvtt3iSUs=,radio,Radio,radio,0
WRwcfUKwDVQ46cylDQ1Tf8ayTojVYeh/00m0ubVNxQo=,bFbleyVHx6Nr9tHMr4OybO2i3A4FS2Be0/62K2+FSpY=,discover,Explore,song,1
YkG93vvIFdFWVWsYqT5w6t0X4uw9/RS03jqzhBzxFlc=,M9rAajz4dYuRhZ7jLvf9RRayVA3os61X/XXHEuW4giA=,my library,Radio,song-based-playlist,0
xEeMEDdDCvfLGt6eoayVgVh48nLdPvEm1XzwzY6lT58=,Knq4ruFJI2OJlOtotwq3fuWueMlXcUeS3oxVEYlKoC4=,search,Radio,song,1
1wiu2UfN0BNhHfPTrDS3S/rQkX/vnwDoKH6ODTUdH9k=,XA08z3r0wdQvY3CE0lFDTd/MuAgD7b0XKZnCvo+ylKE=,discover,Local playlist more,online-playlist,1
tiYOcOjJ0qgAJDL3hTboZye11uT8tBbNTscBDWxCWLw=,eW1d3l1sSncU4sGM69MJtIG79wnXbdy8FZKpFVElS0g=,search,Radio,online-playlist,1
x+k/zTEqdgYq6O+r1iDjKRaQnaCS5118gzBe8c12r1Y=,VRv9apZlj7gcyYq1zz2eZsYOnpnoNg+e4GG0b0b0Glo=,my library,Radio,song,1
tNvUsQwOJX5OgGsBBN9to3vI+DoUc6S1BFgNXUaYoo0=,G21dv1ZiXpa7iO6UrKktIgqRdrvx7nLjRbRHGmtzGvQ=,search,Discover Feature,online-playlist,1
LR9NLKme+aT6uoW3R5XlLu9gq7LQG6tt+bJTEPpcrGg=,XUz4Z4wPPChz+OIwkwj7HJ8teIjW3rEMdEATM80rDxM=,radio,Discover Feature,online-playlist,1
TDHfjwkLrnoorqjTUFtlzSL47Yl1oEBpHM8k7qHrIdI=,U8VgelI8G461f4FVJHnavdn4zx7XjmSFcNHZ3Hru3TU=,discover,Explore,radio,1
uCDJmSDTzA5PpnYGqKvNmFbwBIoS3jIXFbO5YfoCv/Y=,podlycp3c6tOEDw7q8iQBVgvFjiMpkWWXTlXljGdbTY=,radio,Local playlist more,song,1
fVZedYe9G51wW8jy3Ws7FuF5IKx7zxQYWvPAfCdIRJE=,XVAiWjCX02nhNZ8t4bKfJOsVU51bG0YJXuOUl00tTgY=,discover,My library,online-playlist,1
UvM0IMLJ11PTOjdjhqapNQmHcbttfsiyv5+dtIR2IK0=,tB7WW8fbj7VdrPYInjSGBfslYr2DKNIeeFKQsqqMZvc=,explore,Discover Feature,local-library,1
z1IXxOkXP6uCWwFJLibRkXzU7USedggSWIfGJl/HFQg=,VkILU0H1h3NMmk9MQrXouNudGk5n8Ls5cqRRuBxeTh4=,search,Discover Feature,song,1
OOETiYOFhuTowtgRUIiKommGv0eo6XUHLc1ofgwcJew=,g9qhCRIaFUnq4Z9HJcFQWHWRstWhK4NoB2sRPoD9iuc=,search,Explore,online-playlist,1
vSstkkQzt3KMmyvh0MGHpXpgzHO6kobAYipy6ik6HB8=,cR+VrCdZkNm/QM0WjQQip9AnOrT/auRDZboM1KpevS4=,discover,Explore,song,1
n7V1D5AuwLykWxCzsU1eNPSyxVbrSXs6IXiWF2zN0gY=,RxCEvZAXgnh1ZDlQBuVb/J9xpnopFSJBaBxLqGZIXSs=,explore,Radio,local-library,1
NwX1NaVlyw0jvfQNxLTcx9ztIUKVL/sjkccdAmMpfCA=,9Xxvd9J4SpEakcmoYTvt+ekTW15btrc+DKumBSTJZU0=,discover,Explore,online-playlist,1
5pr+x566HOsYLEv4ouZ5cEHFFwBB74xaFbExdPGJ6b0=,KxxFN09YQwSN0eAJSUf2xa5ZKjyZmX3nIVKM+zKxq6Q=,explore,Radio,song,1
yBXKYfcmQ+TtIEvkLQXabAY2uwudIGn21dEZYAwCDCg=,27vpOctGRDxfm4nJsYUfvNaoL8ayuXiYAYUH4H1mfJk=,search,Discover Feature,local-library,0
Z56mxjHqnR1FK1d5gkf5ARTxwZF8h0HPI+rHFGRrMHo=,GIDL+PW6bG3ZeBgOby6JNIQn82kPQ+MZjIybnyI3D6M=,discover,Discover Feature,online-playlist,1
YYdQJgjemCT/fAv8s+CwfmgDprAQOneJ2M2SdArq9V4=,GFWjz4apE8zMiXe6wc0qCjr+DbK9BFkwo/rr+FsNm+g=,radio,Radio,song,1
5pr+x566HOsYLEv4ouZ5cEHFFwBB74xaFbExdPGJ6b0=,dBblcCblxZ/fqu94pTStU055+hRvF2oiyDEq0qHIfiA=,search,Explore,song,1
J/KdXo5kGQs+dRxYam3/tZlwhl7ZX+sYvvCdjg8Tqzg=,iiifj//EcKnociT6W3nBASJygGe/TyFB41UD1bTtnU0=,search,Discover Feature,online-playlist,1
6aH1YAi5YwvZUHtpjEaMQwM0p4wP4XLrkWQSdXDF9L8=,8Ckw1wek5d6oEsNUoM4P5iag86TaEmyLwdtrckL0Re8=,explore,Local playlist more,local-library,1
Y4FvDsosFNoz4ZHIAbuwgUBSFK8qY2oE5p7V8wymc/Q=,XUz4Z4wPPChz+OIwkwj7HJ8teIjW3rEMdEATM80rDxM=,radio,Discover Feature,local-library,0
FrYc5vaJMygJR0CjtIqrigWOlEKURefFwGKvr0BlbMI=,DhuNF1B0GK4zzZ7U+v/vt/Y+3aQbTRmV2bd99TUAXzI=,my library,Discover Feature,radio,0
qd03y2Hs/0xCA/dPExadbY5XQdTHOcli3h8w4KTwhZ4=,M0vkEMBlcbeVSWQQx/6FtXbJ57IiCw27TW8/vmSayk8=,discover,Local playlist more,song,0
BqnomjS+KJtzWrGRkqLEoO3I7KapwN4B8H9in4Fsf+I=,WJyW1Eqg3hXHl2+JB/qMSAQ/3VxqSNVvPniD/ReCo2I=,explore,Local playlist more,radio,1
4MSFgArmrrq1abQEeuHkmNQjEkqn5r/Z6/LNObSm3xc=,WLWYK2ULyKhj/FAWvhEOVQuDlZmsmTkKscwahrXsoBM=,radio,Local playlist more,radio,0
JoGt+PgRGKHAhTQnaRqQygBWdDwGE6gdPbeGiGP4/Lc=,22wN6a2Q/qVQosA8OBfVg6AbwvI2KJnZ35DXLqpLHJg=,radio,Local playlist more,local-library,0
o6lVTGcU8lL0OI4fOMWc21THJHoOjqxxYlYACoyTN6g=,QZBm8SOwnEjNfCpgsKBBGPMGET6y6XaQgnJiirspW7I=,my library,Discover Feature,online-playlist,1
1d4acB2bhEZCFjSRwvO4ls8PrBtvNTlkcAcxYx8FcWE=,NO3PiEzofJglKjD8+biTGWkEVRDfE799y8c9wQS1XWo=,radio,Explore,local-library,0
xEeMEDdDCvfLGt6eoayVgVh48nLdPvEm1XzwzY6lT58=,22wN6a2Q/qVQosA8OBfVg6AbwvI2KJnZ35DXLqpLHJg=,radio,Explore,radio,0
yBXKYfcmQ+TtIEvkLQXabAY2uwudIGn21dEZYAwCDCg=,+yj1hcpU3QLGXS2iW9srqWCBV5NE73L9hHR3kbV2NQg=,explore,Explore,online-playlist,1
7xiBI5xU3P2/IiR9teB7jySfzWo96JGikGajteLd3Cs=,Hl6EBpUuCKh8k8Mzao5hml03O4q0syx+7atSC3vEvok=,explore,Local playlist more,local-library,1
2LbejuZF550yFLDXLIBw3gd/c462BIJ+S/SOwneSXUM=,GIDL+PW6bG3ZeBgOby6JNIQn82kPQ+MZjIybnyI3D6M=,search,Explore,song,1
/mmecbnAd2Jrji3aonisktBko1/o+F68GqpV8X4gHiI=,dNvkA285an/yeIMPT4VszEQlmwHsZHHSgDbDB5nEkmI=,search,My library,online-playlist,1
YU6fAgCFgPkaJ1YSW2838KzGTxmBCfgousTO8jwuHYM=,3Yz717mUtR+r4L0zzgDgWnYeFtY9g68ZjKlq1U72KNw=,discover,Radio,song-based-playlist,0
EBXSMA3gzTff0F01n56dHSBQR/IDWiwuw5S+ksPgTc0=,jHMqK5wu5C0txl0QCxpkSM1xbIev60ii+dc99LXu8EI=,radio,My library,radio,1
tnPUP8fJSxqSkuJZygxUzdvY2dVUyPxoKCGHmrwcKEM=,wJdog4OHtULqly94aQ/X2uud6ya+juDh25ay4sqoxuI=,discover,Explore,local-library,0
H5DWyI7bujtol5aU1pzvLdfBAs45Ym/5jicdUlerf2s=,l71bGvOgjZIJQHa+E1GW7L5QWYSliCUKy+Hg3SmxzOE=,search,Local playlist more,song,1
H1D92jYJ3GyJWLmt3ZAE3QgxgfCCit8WTsT7+KwS+vw=,Z+mhovcYbExPp66GnBecKttDRM5S5YCAw9vzJACsQAU=,my library,Local playlist more,song,1
XHJRZV5Xgcub4dNGuzRj5tVfDD1iwrtoXmdQOWtlc3U=,LnbFBEyneTI7mID7Pw+s14Kf3o73LucRxwS3Wpfjsf4=,radio,My library,song-based-playlist,1
a4aEMKA1bMIwfCarB0qN+Fjag8swMwFfXm6ri5KJvms=,VqOqrfMxAOMwJpyfUSyWuPmHpMtSuzvrCvHgahApvDU=,radio,Explore,song,1
UjuPJCQo/YoGVR/yJ+CocmWUk2czJE0BBKqaPpVYV64=,nnGh305rOmte1K/4D+qsL1LyY6P+jvDlzATIqwbCa/0=,radio,Discover Feature,online-playlist,1
+Y+wTRRkZ0QA3bV4+7nwu8qlN5Kb7ygMhqvB5L929YI=,4ZISq5iNKgBGGW2OvKBBzBsYXRohcJYFkqx3uVFCAuA=,explore,My library,song,1
uA7h005WTDJTwS1Tv1uzmWcWTpt/7x7Xx8JydbeMi2U=,opfHqJ0Oz4KsSqM5/TqBERkLI9DFnMD0Jywzh7XSE6Y=,search,My library,song,1
ZIThPCdbFdxx0T+qKaAnQprzkTcoMTJL66Of3nlFGLA=,KQkL3RbSia9p7I5H9wrdEFmQZSJEZc64kpnzDUUEe84=,my library,Discover Feature,radio,1
nAiRf+UmYT7ZWIOUF6Ig3D0FDVIVpSgUb+H40Vg1eQU=,750RprmFfLV0bymtDH88g24pLZGVi5VpBAI300P6UOA=,my library,My library,song,1
baemFqI4x+fpHweCJQeb64jdSmOWUKkJuwK5BrgcsX0=,M9rAajz4dYuRhZ7jLvf9RRayVA3os61X/XXHEuW4giA=,explore,Discover Feature,song-based-playlist,1
dU4RbzpIRRd/EkA9Xncpy9CglzDBZp7nKMfdnfr3Aj8=,66NCw1qHAROy0PiUC1tPNmGYqRvBSfvGUsO+46BooDc=,discover,My library,song,1
0gR6Hl63ExurTrvY9uEfmgDDgRj0nBaIse0DU199YT8=,DRWs2zLgDBAqLqyHsNZVPyiBed+Iutm+qsoWqvo6dkA=,my library,My library,radio,1
lq5Q5jIo2pNtn/bTBZy8e07jc4qcIhLI7PXeieo/EgI=,itxXLRAtaLyj+idcWIsuKB0AEzijUgPrMhAvAKUSE2k=,explore,Discover Feature,radio,0
WtuOpsYQ8St9zt7yySdryqDUCxeT4/v2rLRA7+lsahQ=,G21dv1ZiXpa7iO6UrKktIgqRdrvx7nLjRbRHGmtzGvQ=,radio,My library,song-based-playlist,0
crUeQ6DYDHHRNYmn+n5Kodfvu9ki0IdHfXHNlZEUPHs=,XVAiWjCX02nhNZ8t4bKfJOsVU51bG0YJXuOUl00tTgY=,explore,Discover Feature,song-based-playlist,0
E3yiQ2d5+KiGkm622V73IRgukx9qXPYJIpG6xWF/lF4=,HzCFc9gU/AuYNF1ld1ZlyeCpQvVLTonc8+ZrUAidmmY=,search,Explore,online-playlist,0
y3IT85vrzY2iBxFg6nsh4Cmg+mV3oqR73TPekK7x1Rc=,eSerI0GiRKmKVwhbY05QQi6DSRrCz4/vhiyvipqURDk=,radio,My library,local-library,0
qd03y2Hs/0xCA/dPExadbY5XQdTHOcli3h8w4KTwhZ4=,DT35ri8FZuj7PGLxW/PhK5lt+CFVV85jDqPrBz6kixc=,my library,Explore,song-based-playlist,0
UhqjLSMwLYzjZFDyYQF6A33phr0tPNXyu7+I08q/u8g=,gu/lHDjq6qqpU7r3CQkvRpGF9kqc2Mrn9CZhb7jrFvY=,radio,Radio,online-playlist,1
p9Lk74DKfVohPHjTvzHSVQ3lRaqW2ofcBolP45FJgiQ=,0PSoBhrpfwF09qQKvTiItwZNPjOuyL0uoTazKevG8ls=,radio,Radio,song-based-playlist,1
p9Lk74DKfVohPHjTvzHSVQ3lRaqW2ofcBolP45FJgiQ=,oAfWzsEYsibZUgmlL8NNYoO0aB4gSyU2tfsQvQp+7f4=,radio,Radio,local-library,0
8tSgHKzljg7TyPLYrU9L7CgHIdShVvyV/d6PccMRzhw=,XA08z3r0wdQvY3CE0lFDTd/MuAgD7b0XKZnCvo+ylKE=,my library,Discover Feature,song-based-playlist,1
SWoa4UvhuutHxhcRAxlfTc6Jr1j5tGw9cp3Kiq+ayKM=,M0vkEMBlcbeVSWQQx/6FtXbJ57IiCw27TW8/vmSayk8=,search,Discover Feature,song,1
OyELWVNKZMJtqg+BFArzAokp8bn+pGhBWbCZaxyLIus=,lUp9A0i6jbaMvGNlR0eaMwxd0Vlv5LZM6NHgDDBCqqI=,explore,Discover Feature,online-playlist,1
1m91HsZUO53drOd2CmAT2nf4JnK4xxBfbzPNTu9pkjU=,dKfxhaRKwvhiYOUQ5JlkxQrJ/dDksdFueybCIdG5dXI=,my library,Local playlist more,local-library,1
B4P1g6sGBILzGhelH/YKkfpkFgWfn/LgS4KgU+bEaD0=,F48LS/DqAt1EnPHRezspUgYaZcmiOoyOD75UFpHenEE=,explore,Local playlist more,song-based-playlist,0
EBXSMA3gzTff0F01n56dHSBQR/IDWiwuw5S+ksPgTc0=,gffrcQ9mFCfCwM4Gx7ArXpR8J749p3tfh/tM0chIODo=,my library,My library,local-library,1
wobMEyGx2iCkFu27/HPRJIky3S8tO/rS8Rr+tsvEe0k=,W4gOC3iBXV97C05qyVDGIKAJg76BJcrzWPnLwkKK6kQ=,search,Explore,local-library,1
FaH6rl69OOVwbsO30jjdjVXD9wJO8pcVZS6LGy5zTJM=,d9Flpsyq/y8CR3F213pnXUkrfK1fMClvhYH37pFSc7s=,radio,Discover Feature,song,1
1d4acB2bhEZCFjSRwvO4ls8PrBtvNTlkcAcxYx8FcWE=,fUGs+CNuo9R1M6NQbuyGVFMJmTf0TSFHjYDrBglyuVI=,explore,My library,song,0
2LbejuZF550yFLDXLIBw3gd/c462BIJ+S/SOwneSXUM=,YBrWf/Hac5La5V2HZ80Mi70NzUcTehVDWhkIp8h4Klg=,search,My library,local-library,0
Ty59+gs+lfVbfm1T/SDqLmbFhtkAP4Mm75uYiaKZ6kk=,jHMqK5wu5C0txl0QCxpkSM1xbIev60ii+dc99LXu8EI=,radio,My library,online-playlist,1
KXS4mDTuweetiTTxgkbg8uohB20KUXvkXz6g4l3r40c=,A8VVQOKrMDk0G8oU6z8qJ5Ggs5DneqlCpdoiKqKYIfY=,my library,Explore,song,0
BNSYbtaNNCYfKVig95LpQJArTEx/RN2FgivSohB8r8M=,NhQfOVnptpW5z5qsP/sN+hVS8TM2iYvdy/ZGVe7K+kM=,discover,Local playlist more,song,0
wv0o115CdKSsFlsV7VvHikjyxLG0LFc5qALhM8xkUZ4=,CfOyUSvBAIGhsUEcZ6hTnWLLaQrDtzVmoIdmIMXBOTA=,my library,Radio,online-playlist,0
J/KdXo5kGQs+dRxYam3/tZlwhl7ZX+sYvvCdjg8Tqzg=,8OsXpp32oqorzAN4NNkVouaV0I81ddPLZ8DxMRAGJdQ=,search,My library,radio,1
H5DWyI7bujtol5aU1pzvLdfBAs45Ym/5jicdUlerf2s=,qHD46j2HpNipwKHtoE0035AIr+FAdNYaSi1VNT3gACk=,my library,Radio,local-library,1
8tSgHKzljg7TyPLYrU9L7CgHIdShVvyV/d6PccMRzhw=,fvFw8C8/hBGjtRs+4+bPpo6Ytw9YG0pLOwWJf3YAVhY=,discover,Local playlist more,local-library,1
4MSFgArmrrq1abQEeuHkmNQjEkqn5r/Z6/LNObSm3xc=,/6kgyFt1nsLDNbZh0AHM4Pb3sbp3CZ0C4DbPa4++eVE=,discover,Discover Feature,song-based-playlist,1
TxvdtN1Ehq4kbgU5J7lw+ik6Pc0NZjnQKARPiCCf0fk=,+yj1hcpU3QLGXS2iW9srqWCBV5NE73L9hHR3kbV2NQg=,search,My library,online-playlist,1
R7AyK9ZUi5d21sCDumgghXW+TNacd/qN0dNMa0C22pA=,wp1gSQ4LlMEF6bzvEaJl8VdHlAj/EJMTJ0ASrXeddbo=,my library,Local playlist more,song-based-playlist,1
lq5Q5jIo2pNtn/bTBZy8e07jc4qcIhLI7PXeieo/EgI=,A0t3F/l/3A5UvyPnNQNkrwJuW4vH7f/ttZZ9ud7eWx8=,radio,Discover Feature,local-library,1
wv0o115CdKSsFlsV7VvHikjyxLG0LFc5qALhM8xkUZ4=,p/yR06j/RQ2J6yGCFL0K+1R06OeG+eXcwxRgOHDo/Tk=,explore,Discover Feature,song-based-playlist,1
tiYOcOjJ0qgAJDL3hTboZye11uT8tBbNTscBDWxCWLw=,Z+mhovcYbExPp66GnBecKttDRM5S5YCAw9vzJACsQAU=,discover,Explore,radio,0
3i0jlUKhqqUKqFsoJVgN2UcDOuri7fCiE33XUCnKHXo=,GQqErVwbH/YaifR6wl2S6prosRVHhwGO2/Aq5aIJLA8=,my library,Discover Feature,song-based-playlist,1
qljEWgpUDxIw7Lpc9mpZSYjpH+RmsE3T6s0x852lzRY=,x6u5YRNWfWRwBSupKIjHonX/pAAr4HtXW4ZUIh7/iPo=,radio,My library,song-based-playlist,0
Jc84woRFJuyMAC6hDcH/Rr84MGq9ucuxeZveZ00kI5o=,7dUiqNIuyM+aDRJEw3+ZSYydeZGAQ1AAI0eOd0Nzh8c=,explore,My library,online-playlist,1
1wiu2UfN0BNhHfPTrDS3S/rQkX/vnwDoKH6ODTUdH9k=,+cP03fE+hnJUB/v2PHLsD9UHBjmDIYvbuX+NrFqeudI=,radio,Explore,song,1
T+FJrpYi77CWTUE5nO/vliojRaTPgt2bRUQHy5lhXrQ=,hDaCYJApKdeZGK7HPAWppz+FfmRwNh9g1wBc/EkBfYE=,my library,Discover Feature,online-playlist,0
LThaiVqGGnVTPmTcmwN/LLo4fVb5dzkduzd7s1SgzIA=,XgLDH2I0dmKXQNQTMsNyGSy5oz+o6o6jPTqj0I8abFY=,explore,Discover Feature,song,0
3i0jlUKhqqUKqFsoJVgN2UcDOuri7fCiE33XUCnKHXo=,9tMmo3BI0ElPvI5O0DoVc4u12TzxgEdtwTadElAbc1U=,explore,Radio,song-based-playlist,1
MXIMDXO0j3UpaT7FvOSGW6Y5zfhlh+xYjTqGoUdMzEE=,L6w2d0w84FjTvFr+BhMfgu7dZAsGiOqUGmvvxIG3gvQ=,explore,Explore,song-based-playlist,1
8Pvl/iQSa1A4J/op1WLFoj9PGFv5WHjDas6efapYoss=,Wi0kjTBakpXIWBbaT++vmtjDSEo06lhfiVO4KMSF5jc=,explore,Discover Feature,song,0
mrjKYVskMUAksvPgRky/E2g/TiPdbpH1j5CCOzAC5RU=,PgRtmmESVNtWjoZHO5a1r21vIz9sVZmcJJpFCbRa1LI=,radio,My library,online-playlist,1
5wvbHjIY9vAARXRg82rOSUqfZlHLqJN88I8W8bwsiSc=,7NV5ZpaFlc7e3fjuxNiiuL0+HEr8qASFr+HHztIhwGY=,explore,Radio,local-library,1
lFQM2AQ0IIifeOgmnRDSFEuWfh7XQZm0Z+O6K696CQk=,1PR/lVwL4VeYcZjexwBJ2NOSTfgh8JoVxWCunnbJO/8=,radio,Discover Feature,radio,1
cF/VJmBHwhcqdd016oPP1wXBdWSjxEHEzwlhEn4+/4A=,O+azAuxxhTE27OXm23raLUOTey/RS3+sceZDO2iFXys=,explore,Radio,local-library,0
gNqpBxDbTlhvjHhGUzkOXI7uwdcMfsUjThCFibPphkQ=,IomyG8OwXU9lWvede4KdHxtUZ+eppEdusnOCDDok36g=,explore,My library,radio,1
0ut67E6+04VZ9RDX1nJYPmPARhbgYbsjEKl7K4dpjDw=,M9rAajz4dYuRhZ7jLvf9RRayVA3os61X/XXHEuW4giA=,search,Explore,song-based-playlist,0
SZ5NNypqaTWljFO1HiVZwkw3713+rM9x/JNdJd8/fzc=,Zks8Is+xdBwLuMg0lYynAU4FanLNf/tyuZ8d7IEvY9c=,search,My library,local-library,0
1wiu2UfN0BNhHfPTrDS3S/rQkX/vnwDoKH6ODTUdH9k=,5TKFWT9ivwAJiqRWz5apDsePXcJZ2b1RA/1gxTm6XoQ=,my library,Local playlist more,song-based-playlist,1
UvM0IMLJ11PTOjdjhqapNQmHcbttfsiyv5+dtIR2IK0=,eqxzfyc6kVOcYTDo7GCguRsfLEplxdlJ+umjJsB8gdY=,explore,My library,radio,1
aMB9nC9PVKXsk/K++qMMG0in0dvk2XiUFuAnr10qiac=,HRg8zzy3PcS4sBcZIFOcUL4uCqg7SurUslUQyF2op+o=,radio,Discover Feature,local-library,0
2tmUzRCcD0l3et0ck9XfxZT6gT9LM3w8gwfckVNylIU=,XA08z3r0wdQvY3CE0lFDTd/MuAgD7b0XKZnCvo+ylKE=,discover,Explore,song,1
2+T8pswRgDmvZ6B4esKi3lWZyT4xqeVKmv19J0/y51w=,yciKx3VagNk6RuCqe0KbTbwl+cWXKVYWAeI8UFe9Dfw=,my library,My library,local-library,1
6bwk5TTaA1YSOmPoxDgBBlV5CrZJEar2C6SxwT5nDrU=,KQkL3RbSia9p7I5H9wrdEFmQZSJEZc64kpnzDUUEe84=,my library,Radio,song,0
R7AyK9ZUi5d21sCDumgghXW+TNacd/qN0dNMa0C22pA=,XA08z3r0wdQvY3CE0lFDTd/MuAgD7b0XKZnCvo+ylKE=,radio,Discover Feature,radio,1
Xbrr2Sbq8NuLG+1QZWm/Iu5P52fUTvgspCYNG8wmfPQ=,QjRlzbxmVxusW6CP2Xr8GjX3BnPitUMFBxCWxd/5AKY=,discover,Explore,song,1
E9jsIxPWhebfnR8cbqPgS+FxCt0zBSXP+72mYRFg0+U=,wBTWuHbjdjxnG1lQcbqnK4FddV24rUhuyrYLd9c/hmk=,discover,My library,online-playlist,1
EErUQnZWpOhxSvs3UlAQ6Jme7r+DjJyvkqhEceArwBA=,NDtiB0N12yjIn9D9reqXF8NPPCq6vMNhOwd9A/c3qd8=,explore,Radio,local-library,1
ocQB699RoI5sBlRUfv8tu++vqupI35/95l3U507jdpw=,kTfvijj0YOM4LkNBb+6RCPKakz/8NEw5y2PMdmc9bc8=,discover,My library,online-playlist,0
Y4FvDsosFNoz4ZHIAbuwgUBSFK8qY2oE5p7V8wymc/Q=,Ot8WIXZXzvgZeZoCwcimfORgLbZJJdslmuvO1ufZB7k=,my library,My library,song,1
+boPBM5G5+vAfbO6zTy7A2FrVQyl91aBPGHkQ6ciNYc=,MtFK4NN8Kv1k/xPA3wb8SQaP/jWee52FAaC1s9NFsU4=,search,Explore,song-based-playlist,1
1m91HsZUO53drOd2CmAT2nf4JnK4xxBfbzPNTu9pkjU=,eaEPf0VwQhIvfAm8xzQucpa0/OnWo18Ig1cfMIUsZ3M=,explore,Discover Feature,online-playlist,0
YkG93vvIFdFWVWsYqT5w6t0X4uw9/RS03jqzhBzxFlc=,KQkL3RbSia9p7I5H9wrdEFmQZSJEZc64kpnzDUUEe84=,my library,My library,online-playlist,1
lfK5QUAaa28niDIyQ2oGkSntvSe7G5EmQ1N6nvnE8lY=,msJWKceAKkJe5FJDUUpnHBL8qS3QQUC2faxjiJrEw5w=,explore,My library,song-based-playlist,1
OOETiYOFhuTowtgRUIiKommGv0eo6XUHLc1ofgwcJew=,+WZeyJdxSPcag6xHLPjJOfJoc1haKiC4j0BcbZHG5ig=,discover,Local playlist more,online-playlist,1
3yBpYWqEybBPazsqB5NIhrXKCFe1Djn5orPBvxz9ArE=,7XjSvrL47/EJD2mNR0e2Ja+ed/Dm0j35tKPQLiO2Hjk=,radio,Local playlist more,online-playlist,1
2tmUzRCcD0l3et0ck9XfxZT6gT9LM3w8gwfckVNylIU=,IKMFuL0f5Y8c63Hg9BXkeNJjE0z8yf3gMt/tOxF4QNE=,explore,Explore,song-based-playlist,1
tlFGRF/TtrSwJA9XPHL4cajWghZCbAbhzif/6wJiN6Q=,Ce8Mui+yVruumWy9pKMDfSRBFg1m93m/+XR8FHlktaE=,my library,Local playlist more,radio,0
z1IXxOkXP6uCWwFJLibRkXzU7USedggSWIfGJl/HFQg=,JRa3KgSwWDyY17usXoi6jN8O6v6t6Tq4xcwjbUkbQFQ=,radio,Explore,radio,0
LR9NLKme+aT6uoW3R5XlLu9gq7LQG6tt+bJTEPpcrGg=,ZcKgNis1AP1LA0sdtIddrtk7P04iiJzJrXvwXdT/X3Q=,search,Local playlist more,radio,1
6bwk5TTaA1YSOmPoxDgBBlV5CrZJEar2C6SxwT5nDrU=,L6w2d0w84FjTvFr+BhMfgu7dZAsGiOqUGmvvxIG3gvQ=,discover,Discover Feature,song,1
08sWvzS2VVyKAVQRi6z4gxGxRQ0YQM0BXsXdVEKuzSQ=,cwzdOoAlwP2AgUSgePv+UwafMqm7v7gJeFARD3rw7gA=,my library,My library,online-playlist,1
YYdQJgjemCT/fAv8s+CwfmgDprAQOneJ2M2SdArq9V4=,rFLawM8j/vW78o/S3P2GTsmy6HwkTI15P7NF/i9CkX4=,search,Explore,song,1
3yBpYWqEybBPazsqB5NIhrXKCFe1Djn5orPBvxz9ArE=,OakhL7CLirelAGEP9sYyP6fmTa8HV1mD/qVdpM6o5uE=,my library,My library,online-playlist,1
8tSgHKzljg7TyPLYrU9L7CgHIdShVvyV/d6PccMRzhw=,LnbFBEyneTI7mID7Pw+s14Kf3o73LucRxwS3Wpfjsf4=,discover,Local playlist more,radio,0
uA7h005WTDJTwS1Tv1uzmWcWTpt/7x7Xx8JydbeMi2U=,8f/T4ohROj1wa25YHMItOW2/wJhRXZM0+T5/2p86COc=,explore,Radio,local-library,0
QDvq4xn7ZSBkamVnc8nL672oxKVqcR2zdgRGQf0giXs=,IgMar/mVrJQ+ODFPytDf7jwQMmR09+slyZUdVylRFLc=,radio,Explore,local-library,1
EBXSMA3gzTff0F01n56dHSBQR/IDWiwuw5S+ksPgTc0=,qiF4WAvKyVZZIBi4oSntG2GrHa1+p3oMaiZBXUpeDT8=,radio,Explore,radio,0
4aRFGkKzGUpqTbjojytAtRQNdx0egL02hjJhSqq0+NA=,wJdog4OHtULqly94aQ/X2uud6ya+juDh25ay4sqoxuI=,explore,Explore,local-library,1
tnPUP8fJSxqSkuJZygxUzdvY2dVUyPxoKCGHmrwcKEM=,DhuNF1B0GK4zzZ7U+v/vt/Y+3aQbTRmV2bd99TUAXzI=,discover,My library,song-based-playlist,1
rRUTKZAVxGBh5XRUk+Lk/b/gHcAOsbk1hiQiEfubDh4=,Wn5ltxI7NsFk4xGFHOFXv2ajWU9HmuEgDF+xs1EJpFo=,explore,Discover Feature,song-based-playlist,1
OOETiYOFhuTowtgRUIiKommGv0eo6XUHLc1ofgwcJew=,gZphe9aRvr0vVO/oEt23amqyDc+YabbIJ9WIzZTVjG0=,explore,My library,online-playlist,0
xQp8uu2ljPWqokw6Eg+4TCB/GUC/EZwFMcapcleGiDw=,Gew5+s/HwCSjQ6bX7/dZ0pXS6TB4ccOrOYcQg7FWDZI=,radio,Radio,online-playlist,1
qn0aqqC8dcshYsmcFmFYJtebwjMp6kLr8yanC5QC79o=,cy10N2j2sdY/X4BDUcMu2Iumfz7pV3tqE5iEaup2yGI=,search,My library,radio,1
JoGt+PgRGKHAhTQnaRqQygBWdDwGE6gdPbeGiGP4/Lc=,DT35ri8FZuj7PGLxW/PhK5lt+CFVV85jDqPrBz6kixc=,discover,Discover Feature,online-playlist,1
saNgxsUQwx4IXBRgFF0w3uJN6KzvQBEv3dI7dDaz97g=,41aDNLPNdJ8PZdNo46uAPDJ4yFTKrPYY1jeM4CucBGs=,radio,Local playlist more,song-based-playlist,1
2yBzq7nUBV99ankkp7O46elZikHVB5BvqHcr2Lzetlc=,p0vznXPDpqFXtJzcvx4f9NxqLDC+1PQ9/Prr8kUdSuc=,radio,Local playlist more,local-library,0
5LGtbWKwKifap3ECM6HO04gPY339RM0oF7D/MfWzUxg=,kge3dyGXCTqgUbHpFPB0x8gy+cPAamtArhr4sghdRH0=,radio,Explore,radio,0
xEeMEDdDCvfLGt6eoayVgVh48nLdPvEm1XzwzY6lT58=,1PR/lVwL4VeYcZjexwBJ2NOSTfgh8JoVxWCunnbJO/8=,search,Local playlist more,local-library,0
AEZNdJt0QGYpBlT97tdnNaNHW5SqpgJb70TFmeZBYbg=,9tMmo3BI0ElPvI5O0DoVc4u12TzxgEdtwTadElAbc1U=,discover,My library,song-based-playlist,0
o+5RNlSWrzvrphgBNGIo1FLkGxBgyICns6qXj3nS7Pk=,MwZaD94L4Wl4APdJSVQF5JPt+xH6hb2KtWpFsjwYUlo=,radio,Radio,local-library,1
AEZNdJt0QGYpBlT97tdnNaNHW5SqpgJb70TFmeZBYbg=,WOvHYkt7XUOtmMOTsgT+2vJKydJEVInZGliuLUXoV7o=,discover,Explore,radio,0
2+T8pswRgDmvZ6B4esKi3lWZyT4xqeVKmv19J0/y51w=,yn6Kt6+romPpZ1i6+hqI3WJ42G5SdsX3a+l59IaMcp4=,search,Explore,song-based-playlist,0
OyELWVNKZMJtqg+BFArzAokp8bn+pGhBWbCZaxyLIus=,7XjSvrL47/EJD2mNR0e2Ja+ed/Dm0j35tKPQLiO2Hjk=,my library,Explore,radio,0
P+Sxa9gtP8P8IQcpPGbwWmEFdrF16hTrtfXyfa5aGoI=,7zFV1bMlN//PbeZut5RL6SnRlZ7/9nBKIXf/dzhK9kM=,discover,Local playlist more,local-library,1
2yBzq7nUBV99ankkp7O46elZikHVB5BvqHcr2Lzetlc=,WWgB6GYGuyplhfw51plAbvpnixjsFA3XKSyEuTN42Tk=,radio,Local playlist more,local-library,1
UhqjLSMwLYzjZFDyYQF6A33phr0tPNXyu7+I08q/u8g=,b7yydI1iGdF/kFybrbVHHDXeI/9stzEWK1i77MLj4rU=,radio,My library,song,0
DqwB7smOAIbNnnQbWOpfsmy9znTwfDEQCW1I6ujFG48=,8qWeDv6RTv+hYJxW94e7n6HBzHPGPEZW9FuGhj6pPhQ=,my library,Explore,local-library,1
E9jsIxPWhebfnR8cbqPgS+FxCt0zBSXP+72mYRFg0+U=,wR+LLM957WfBdaXmUsdE9AiGzOVki7yjelGea+0Ze8E=,explore,Explore,online-playlist,0
hOyJGmY7tciqGf1EhDj5UT86IfSSnaTHP5JWAPxYN6s=,LBFRdBacp7Ob6Ada2N7uCQ47DhiNT2KjUtwOA7oSm7I=,discover,Discover Feature,song,0
R2FvE4x+hefwL4evbgNGNCng13c1MkP3PHocNtU91qU=,AyU+NHMfkl3i4KQlaVcu2Y5w4JS+yMgNapvCrDuQtmY=,search,Discover Feature,online-playlist,0
Wg1bSRX3JtJ9ElarOhpbEaV5pu9lgTeS33mARTV+Sl8=,jFUlstiDM/0JBpQz1N1Mr1uJj0H8kiQsJjfbnx45gHs=,discover,Discover Feature,song-based-playlist,1
a6uMxhS43vQ++TrVP3jdHT4lFfjw61SlIsCkvigQ5ro=,l71bGvOgjZIJQHa+E1GW7L5QWYSliCUKy+Hg3SmxzOE=,search,Explore,song,1
OyELWVNKZMJtqg+BFArzAokp8bn+pGhBWbCZaxyLIus=,uzU6ntNZT60j0CqFNXTpF6Oo8W3w5UwU/ANEODidW04=,my library,My library,local-library,1
KXS4mDTuweetiTTxgkbg8uohB20KUXvkXz6g4l3r40c=,3W6VBSN09a/Vh9w1Fwmdus4H4xxmde/yu0RBgMcTtZM=,radio,My library,song-based-playlist,1
XHJRZV5Xgcub4dNGuzRj5tVfDD1iwrtoXmdQOWtlc3U=,nwSpTQoTbubQRzCAjsWTemzjG0B36aa5Dqpi2py8jsU=,radio,Radio,song-based-playlist,1
tnPUP8fJSxqSkuJZygxUzdvY2dVUyPxoKCGHmrwcKEM=,n+FLlTL+LrNTa6xpoGkESEzlUMb/hPEM1nLq2U6fEp0=,search,Local playlist more,online-playlist,0
16fsOt7imefLSFsV7mWoP1AL+bpjP1NuWzQ5QP9tj8k=,RiJp0d9j7dfyZ/pyUPtWLXiVp77iitN5lUQTR6qjEOg=,discover,Local playlist more,online-playlist,1
Mn98O4X/zceMt9nswcoq08F16ciCqhuN7lQ951MAL2o=,JP0GJixHOHSNDsjKiQY2ttQKbDmWSk35JMMfPtR06BM=,search,Radio,online-playlist,1
/mmecbnAd2Jrji3aonisktBko1/o+F68GqpV8X4gHiI=,h90KlUZE/mlkkPjhbhz3hXY1zvOhqJXuiKBoFWnTDAo=,discover,Discover Feature,radio,0
E23IyF1NtT7IeesuDuHWR6g/yMpWrq3cN3U4qTjXE0A=,vLvRGCAj8JzTLygSB20eqIL6hSTzE7gf4hyYAguZp0k=,search,My library,radio,1
AXKTVBbdr2/z7m5WL1IXzlriNbun8B+7wM41MsWCYDw=,UksdvC4qcXmgOvmMSOPWh9sB2z7a+dT1CWlI58lq04U=,explore,Radio,song-based-playlist,0
yBXKYfcmQ+TtIEvkLQXabAY2uwudIGn21dEZYAwCDCg=,h90KlUZE/mlkkPjhbhz3hXY1zvOhqJXuiKBoFWnTDAo=,search,Local playlist more,song,1
AXKTVBbdr2/z7m5WL1IXzlriNbun8B+7wM41MsWCYDw=,fLcg1JwIF80DBi1D5gheP1WuO4IXt4HFSd19TZ6y61M=,discover,Explore,song-based-playlist,1
Mue3orxlJaHmK07bXWDrchFW1f/Or6TLVfMwx9fO9aA=,9W/H8tPBKQ7VWmBctuQ6RabciYdr1l+/kg1YPDcPOlU=,my library,My library,online-playlist,1
LR9NLKme+aT6uoW3R5XlLu9gq7LQG6tt+bJTEPpcrGg=,wJdog4OHtULqly94aQ/X2uud6ya+juDh25ay4sqoxuI=,my library,Radio,radio,1
5LGtbWKwKifap3ECM6HO04gPY339RM0oF7D/MfWzUxg=,ajjUpdQjWCwzCHNd6C0hB3Fz8BIPGjSy6IT35+UWD1I=,search,Explore,local-library,1
Tb5tCteFbk+G5Jyvq9SqD1eAzgZ98WR/xOCvvjkNCog=,oDG5WCyUlb9i/Sr34Fljeh0YsONZKxl+7jjUw27vm5U=,discover,Local playlist more,online-playlist,0
lq5Q5jIo2pNtn/bTBZy8e07jc4qcIhLI7PXeieo/EgI=,/SfOXDLarv4WeXEX6g9GfKgd1R+BnBG2+k/vanWU5FA=,discover,Discover Feature,radio,0
wIeuCRmznzwE6bVrKuo2QRfkztVfQVEYMNaugLCPTS4=,66NCw1qHAROy0PiUC1tPNmGYqRvBSfvGUsO+46BooDc=,radio,Explore,local-library,1
dU4RbzpIRRd/EkA9Xncpy9CglzDBZp7nKMfdnfr3Aj8=,CsgH03aRehnhVifHOPXwF4mfA2yHdqK/IWpwXMm73CU=,discover,My library,song-based-playlist,1
R2FvE4x+hefwL4evbgNGNCng13c1MkP3PHocNtU91qU=,Z+mhovcYbExPp66GnBecKttDRM5S5YCAw9vzJACsQAU=,radio,Local playlist more,online-playlist,1
2yBzq7nUBV99ankkp7O46elZikHVB5BvqHcr2Lzetlc=,s84FxzZB6F3J6VOD21RuFLngqi6nMsKA4txNXn+pbK8=,discover,Discover Feature,local-library,1
baemFqI4x+fpHweCJQeb64jdSmOWUKkJuwK5BrgcsX0=,nnGh305rOmte1K/4D+qsL1LyY6P+jvDlzATIqwbCa/0=,search,Explore,song,1
y3IT85vrzY2iBxFg6nsh4Cmg+mV3oqR73TPekK7x1Rc=,IhNTvk4edMSv0PCLIS6Ry23aEYtKEA/KwbJNi1OV84A=,my library,Discover Feature,local-library,1
lSkUSnCm60kDLdEsnAVp6jwr2HkyIhDCEZLX82djjHg=,ze0+7p13wqB1hZ/KWd6OT42LBehKmYVQyGGzEv8Q4fA=,search,My library,online-playlist,1
V39VxDdE9SgMQZnX58oQChm9W056pw2lC3TiifMfkKw=,wR+LLM957WfBdaXmUsdE9AiGzOVki7yjelGea+0Ze8E=,discover,Radio,local-library,1
rEVqJ3NIxC9LSUZYOj1ft5VSAvFo3AxNu2k36hKKtWc=,SHV52/0W8kZcf3uJZF9+ZP3S5vu2RO4WNGhZ8qQHulU=,explore,Discover Feature,song,1
3nWFLb+IVt1+0JcM73g0wIG2AHtyhsI5RlG7gHziOFA=,wH3O5bbWPKwaed4dTZHBx//gQ5BzAjdnyaHM8hozEiY=,my library,Explore,song-based-playlist,0
2yBzq7nUBV99ankkp7O46elZikHVB5BvqHcr2Lzetlc=,yL8VeuH6lYFA4hYVGX/1HmPogBfp1Ex4ZkL5PjWy11k=,discover,Radio,local-library,1
lfK5QUAaa28niDIyQ2oGkSntvSe7G5EmQ1N6nvnE8lY=,pCf4HI+z4rQsY9FF79m+Sojnl207qtHqtOWU2VFW1ZE=,discover,Radio,radio,1
2LbejuZF550yFLDXLIBw3gd/c462BIJ+S/SOwneSXUM=,DKGm2awf1TsLWeXqpDfVVQf5M2qPmcxI9Dwxz+45Qqs=,explore,My library,radio,0
SyBjgDUF6aV+1d17oV4XPDBkJLU//LAOwWdYh4DAUiU=,rqNd52MxQ+okfR61j2c7u36DLODO4d2Zt/hMm3jxncM=,radio,My library,song,1
a89sofbsaFkpzn8/P10elgzbXDQokPTlsKc1uqi7Zco=,x0AQuGp6SHvaD/fLkk+6JzAp6zOUgd30Tx4oL3YBz5Y=,radio,Radio,online-playlist,0
4aRFGkKzGUpqTbjojytAtRQNdx0egL02hjJhSqq0+NA=,Q+minHX51E+PXPs1VxkIlW+XhmV9ANm2rchEcZ8Wt9k=,discover,Explore,radio,1
H5DWyI7bujtol5aU1pzvLdfBAs45Ym/5jicdUlerf2s=,7zFV1bMlN//PbeZut5RL6SnRlZ7/9nBKIXf/dzhK9kM=,discover,Radio,radio,0
KsjbiO2iw8TpMfu+9Bf2p8GI57Q53lsHXy1xWIMKH/E=,IgMar/mVrJQ+ODFPytDf7jwQMmR09+slyZUdVylRFLc=,radio,Radio,local-library,1
H5DWyI7bujtol5aU1pzvLdfBAs45Ym/5jicdUlerf2s=,B+lDDFfdRD9WVY2vdfJX3DXLlKohkLJC+mxE+Hfnh/o=,explore,Explore,radio,1
OyELWVNKZMJtqg+BFArzAokp8bn+pGhBWbCZaxyLIus=,yBHK9ZzaYyeNaPr1ucAkD3RH7dKwaEY8dtplxwkxr44=,radio,Discover Feature,radio,1
HVcWdf8CEo9s6qwt5V7TpoPYJfRlQSTA6b7kxEAImpc=,k8DZF0FFuy2GydI7mnH1tH50pFcEQMPYVD/A7Y/T0QI=,explore,Local playlist more,song-based-playlist,1
mrjKYVskMUAksvPgRky/E2g/TiPdbpH1j5CCOzAC5RU=,k8DZF0FFuy2GydI7mnH1tH50pFcEQMPYVD/A7Y/T0QI=,explore,My library,radio,1
K7obY5lUlZTd6a/byE9NG/e7Q/dlgHfppLbYk8OL7os=,UksdvC4qcXmgOvmMSOPWh9sB2z7a+dT1CWlI58lq04U=,explore,Radio,song-based-playlist,1
A6DJoTdyfFVxhngH62vlscx6pJsakhdeNs2vDEVTfH0=,RxCEvZAXgnh1ZDlQBuVb/J9xpnopFSJBaBxLqGZIXSs=,explore,Discover Feature,online-playlist,1
TO253iXvHroemKYZ23M7YL7uu6Um4zEwByNl4wcpIYs=,QjRlzbxmVxusW6CP2Xr8GjX3BnPitUMFBxCWxd/5AKY=,radio,Explore,song,1
AXKTVBbdr2/z7m5WL1IXzlriNbun8B+7wM41MsWCYDw=,WTTcFYZNyqe1dL6Rm+jQMLx/tospfRR+PhD1OFix1mQ=,my library,My library,song-based-playlist,1
yBXKYfcmQ+TtIEvkLQXabAY2uwudIGn21dEZYAwCDCg=,XVAiWjCX02nhNZ8t4bKfJOsVU51bG0YJXuOUl00tTgY=,radio,Discover Feature,local-library,1
4tuTIArXO3WO8/zS9y2CC34ywEfChjAKUchlKW00DMM=,JTMsJNPcL2ambkp1Z/MeBEnFEzZEOKetdLPrJxHf7v8=,discover,My library,radio,1
EZmIP7zKgqKwpEHnuDjRIkzCmcLNlHn4hkiglZ5LxK8=,gG8cycpwQak+/chDrTlk8CXXIw4ztVIO1OhbdJBTav8=,my library,Explore,song-based-playlist,0
UTAElx4+rSh2QViTKHQhC40cphX7ZIYafAOMJOJCshY=,SKRQpz3EM5UIxT2LCGzK5k0aYg4QtyHWtr0L/EK6By8=,my library,Discover Feature,radio,0
3yBpYWqEybBPazsqB5NIhrXKCFe1Djn5orPBvxz9ArE=,zuyzUP11fbgoVp6IMfWK378GDToe59ZlK5gkf+7aKdg=,search,Explore,song-based-playlist,1
fVZedYe9G51wW8jy3Ws7FuF5IKx7zxQYWvPAfCdIRJE=,M0vkEMBlcbeVSWQQx/6FtXbJ57IiCw27TW8/vmSayk8=,my library,My library,radio,1
n7V1D5AuwLykWxCzsU1eNPSyxVbrSXs6IXiWF2zN0gY=,Rerp71vL127G1162T5Bwgk3D6r/ZtiXDfWvYz+3ljhE=,discover,Radio,song-based-playlist,1
HdnZZ4P0Vjxo2tgTvO1rsT/H3NkG7jvfrnCuF7TBK0A=,7Xxzo9Z584Z1AhkaLLWEcpzcEuxcquGE52Ztc4879YI=,radio,Discover Feature,song,0
cqjRBV/jWN2ujhc+z/4tz+Mj6xEfflAAt6qBXCqxKvw=,/RYwZD+IL/0YEgpu71HgW9q6c2A80gr/fC/j0BmYGvo=,discover,Local playlist more,radio,1
aMB9nC9PVKXsk/K++qMMG0in0dvk2XiUFuAnr10qiac=,cR+VrCdZkNm/QM0WjQQip9AnOrT/auRDZboM1KpevS4=,search,Explore,online-playlist,0
+3RfkckBHS0oQrrjJj7p69bdwJak+qzKq0fhFaeXUxA=,yciKx3VagNk6RuCqe0KbTbwl+cWXKVYWAeI8UFe9Dfw=,explore,My library,local-library,0
TDHfjwkLrnoorqjTUFtlzSL47Yl1oEBpHM8k7qHrIdI=,Ce8Mui+yVruumWy9pKMDfSRBFg1m93m/+XR8FHlktaE=,radio,My library,online-playlist,1
HdnZZ4P0Vjxo2tgTvO1rsT/H3NkG7jvfrnCuF7TBK0A=,zQ42nV6yi4mJlCn/6KEjm+SP6pEwUsd3P9fpI8tDiWE=,radio,Radio,song,0
00qmlWC3H/cjf2Ig1li5xIO0VNDRgBX0f9ilouDBEZs=,OaEbZ6TJ1NePtNUeEgWsvFLeopkSln9WQu8PBR5B3+A=,my library,Explore,radio,1
16pGH8W1JKJTrQSZDX3gQY57S3FiO4YJheGRiYbONsU=,66NCw1qHAROy0PiUC1tPNmGYqRvBSfvGUsO+46BooDc=,my library,Explore,online-playlist,0
Bljj9o7B1zgL0RIpZef1SlSigiTIMr0mDPv7aUyzuXo=,gG3/58uZyyOwaPT+eGWL81mwCzcDPW2EmwYcjWmvJSs=,discover,Explore,radio,1
3TZaybijIyaqU3P+moI/mzFWcAj6aR0p7bmxLT9iRq8=,kge3dyGXCTqgUbHpFPB0x8gy+cPAamtArhr4sghdRH0=,discover,My library,online-playlist,0
x+k/zTEqdgYq6O+r1iDjKRaQnaCS5118gzBe8c12r1Y=,p6vR55B6kN6DL6mkWo3Ndkzd1KEbmr38ndt04bYuzXo=,radio,Local playlist more,song-based-playlist,1
JkQacE3rvmhh65R04eDLbu+M7MCkpzmHwMGrbZo0puc=,IhNTvk4edMSv0PCLIS6Ry23aEYtKEA/KwbJNi1OV84A=,search,Discover Feature,online-playlist,1
FGtllVqz18RPiwJj/edr2gV78zirAiY/9SmYvia+kCg=,0PSoBhrpfwF09qQKvTiItwZNPjOuyL0uoTazKevG8ls=,search,Radio,radio,0
7xiBI5xU3P2/IiR9teB7jySfzWo96JGikGajteLd3Cs=,GRaVokpHF2Uk3hgKnyJ2mDSmHvie4lyE0i6l5rA2yWU=,explore,Discover Feature,radio,0
J/KdXo5kGQs+dRxYam3/tZlwhl7ZX+sYvvCdjg8Tqzg=,Kpyp6PVaOaQz81TH4KYB59FJiO/GVgzDVyCmiyxHTxc=,explore,Radio,song,1
5LGtbWKwKifap3ECM6HO04gPY339RM0oF7D/MfWzUxg=,GAWjH9Uns87Q1pcQTJZo+PaiJIsUj3DEWjtGqyMUZm4=,explore,Discover Feature,online-playlist,1
4aRFGkKzGUpqTbjojytAtRQNdx0egL02hjJhSqq0+NA=,o0kFgae9QtnYgRkVPqLJwa05zIhRlUjfF7O1tDw0ZDU=,radio,Local playlist more,local-library,1
cqjRBV/jWN2ujhc+z/4tz+Mj6xEfflAAt6qBXCqxKvw=,0ee/D6HjX0jSytUn3v58C0x6zEzN4bcPq3WlqvrG/Xo=,radio,Explore,song,1
cqjRBV/jWN2ujhc+z/4tz+Mj6xEfflAAt6qBXCqxKvw=,HsgJXv1C7iVZiP7CWwWTfsmMhia6Huc0MUccfj+D02o=,radio,My library,radio,1
uA7h005WTDJTwS1Tv1uzmWcWTpt/7x7Xx8JydbeMi2U=,jHMqK5wu5C0txl0QCxpkSM1xbIev60ii+dc99LXu8EI=,search,Local playlist more,song,1
UTAElx4+rSh2QViTKHQhC40cphX7ZIYafAOMJOJCshY=,yLoN4bFNhNb3LXZ4EdnptePHtj3Ztmrw/p13qGn3GTw=,explore,Explore,radio,1
YYdQJgjemCT/fAv8s+CwfmgDprAQOneJ2M2SdArq9V4=,Zks8Is+xdBwLuMg0lYynAU4FanLNf/tyuZ8d7IEvY9c=,radio,Local playlist more,radio,1
Ty59+gs+lfVbfm1T/SDqLmbFhtkAP4Mm75uYiaKZ6kk=,gvHR5iZ5GWVYZBMTQFo/k0LB3Hh2RDUNhDgOCzICosE=,my library,Radio,song-based-playlist,0
o6lVTGcU8lL0OI4fOMWc21THJHoOjqxxYlYACoyTN6g=,Kpyp6PVaOaQz81TH4KYB59FJiO/GVgzDVyCmiyxHTxc=,search,Explore,local-library,1
EZmIP7zKgqKwpEHnuDjRIkzCmcLNlHn4hkiglZ5LxK8=,z8xAhD/t0v/wUKZ8Rz0Pwojr5psdmUQn3/eu0Yw11zQ=,explore,Explore,local-library,0
H1D92jYJ3GyJWLmt3ZAE3QgxgfCCit8WTsT7+KwS+vw=,2uFTn3kDES2C3JeqzV4cpSAGQ756GFK0XajzEDLqER4=,discover,Discover Feature,song-based-playlist,0
BqnomjS+KJtzWrGRkqLEoO3I7KapwN4B8H9in4Fsf+I=,x0AQuGp6SHvaD/fLkk+6JzAp6zOUgd30Tx4oL3YBz5Y=,explore,My library,song-based-playlist,0
H1D92jYJ3GyJWLmt3ZAE3QgxgfCCit8WTsT7+KwS+vw=,Zks8Is+xdBwLuMg0lYynAU4FanLNf/tyuZ8d7IEvY9c=,radio,My library,radio,1
EDSn8rAs8qjUvqhhFG5diTbaVbJi8qkoKXeMzf2JGVQ=,IiO/4aXuzEtXpyd1A7LV2TlAdIS5Rzl3hwdtbKuNBQ4=,search,My library,radio,0
1d4acB2bhEZCFjSRwvO4ls8PrBtvNTlkcAcxYx8FcWE=,r4lUPUkz3tAgIWaEyrSYVCxX1yz8PnlVuQz+To0Pd+c=,search,Discover Feature,radio,0
tiYOcOjJ0qgAJDL3hTboZye11uT8tBbNTscBDWxCWLw=,bTlSHgnwaBMIKHseTFHanJ3Zr4x82ybrGkexpnxDhTY=,discover,My library,song-based-playlist,0
8ncKS6kWM+oSslEfrPcRMcHq5VVQqBcbWoQ0FHlDgPA=,Z+mhovcYbExPp66GnBecKttDRM5S5YCAw9vzJACsQAU=,my library,Radio,radio,0
EErUQnZWpOhxSvs3UlAQ6Jme7r+DjJyvkqhEceArwBA=,H9SPhwq9W0h/3XECeWOjmDRiVN7V5bxTLFlOqWDcqrI=,discover,Radio,song,1
Bljj9o7B1zgL0RIpZef1SlSigiTIMr0mDPv7aUyzuXo=,TVtxD8qAAl8KeA5CU+1c4Pg6+/PR3vK2vYMnY/eSGho=,explore,Radio,online-playlist,0
HVcWdf8CEo9s6qwt5V7TpoPYJfRlQSTA6b7kxEAImpc=,ufjl9/oJJRQx/0JUEBaIeyE82HP0CF7Fy2LwOIiNiYY=,search,Explore,online-playlist,1
FGtllVqz18RPiwJj/edr2gV78zirAiY/9SmYvia+kCg=,r4lUPUkz3tAgIWaEyrSYVCxX1yz8PnlVuQz+To0Pd+c=,search,My library,song,1
baemFqI4x+fpHweCJQeb64jdSmOWUKkJuwK5BrgcsX0=,80hnDqhSe9u2uIaLvDh1tCbwryzDrsf789zgDDF+k+s=,discover,Local playlist more,online-playlist,0
HdnZZ4P0Vjxo2tgTvO1rsT/H3NkG7jvfrnCuF7TBK0A=,limwLMOy3/jAQ5dOa3x7k/eJmA1ARXel99C337h+E34=,discover,Local playlist more,local-library,1
HfVrxfpxOJuQ4FofEFxdlwm9yvaoy8y0JOH3GaQ/RTs=,DLBDZhOoW7zd7GBV99bi92ZXYUS26lzV+jJKbHshP5c=,radio,Explore,local-library,1
Y8fGbgG4J6bpoXzljxRIp+hwVjk2ULHaLAfJatxHjg0=,f8/yxXLT8/hENDkcudzHhytnOwyUKJ+/JCY7Y+L/Gsw=,my library,My library,song-based-playlist,1
vSstkkQzt3KMmyvh0MGHpXpgzHO6kobAYipy6ik6HB8=,fvFw8C8/hBGjtRs+4+bPpo6Ytw9YG0pLOwWJf3YAVhY=,my library,Radio,online-playlist,0
baemFqI4x+fpHweCJQeb64jdSmOWUKkJuwK5BrgcsX0=,4ZISq5iNKgBGGW2OvKBBzBsYXRohcJYFkqx3uVFCAuA=,search,My library,local-library,1
JoGt+PgRGKHAhTQnaRqQygBWdDwGE6gdPbeGiGP4/Lc=,2yDSviY+pVsksCfkmh9SyW1ulVkGtYFRpITn6jjCcCA=,search,Radio,song-based-playlist,0
2tmUzRCcD0l3et0ck9XfxZT6gT9LM3w8gwfckVNylIU=,JTMsJNPcL2ambkp1Z/MeBEnFEzZEOKetdLPrJxHf7v8=,search,Radio,song-based-playlist,1
UGX+2jh3WO5XRuVOPuPCiIetzHlBjh0DPOLPeJSe36E=,fEAIgFRWmhXmo6m3ukQeqRksZCcO/7CjkqNckRHiVQo=,radio,Discover Feature,radio,0
Wg1bSRX3JtJ9ElarOhpbEaV5pu9lgTeS33mARTV+Sl8=,WJyW1Eqg3hXHl2+JB/qMSAQ/3VxqSNVvPniD/ReCo2I=,search,Radio,song,0
4aRFGkKzGUpqTbjojytAtRQNdx0egL02hjJhSqq0+NA=,shYcSF/8MpYMxMzLfRznBZjwoQIvd+RUH06UamCj8ks=,radio,Radio,song,0
16pGH8W1JKJTrQSZDX3gQY57S3FiO4YJheGRiYbONsU=,+WZeyJdxSPcag6xHLPjJOfJoc1haKiC4j0BcbZHG5ig=,search,Local playlist more,local-library,1
T+FJrpYi77CWTUE5nO/vliojRaTPgt2bRUQHy5lhXrQ=,MtFK4NN8Kv1k/xPA3wb8SQaP/jWee52FAaC1s9NFsU4=,my library,My library,online-playlist,1
UhqjLSMwLYzjZFDyYQF6A33phr0tPNXyu7+I08q/u8g=,N21RxItkM+DqGIdEWiPa5urFl3xvDUNVdhr2bFZvMeA=,discover,My library,radio,1
ocQB699RoI5sBlRUfv8tu++vqupI35/95l3U507jdpw=,jceXeAoNeYd3hRvbWRdqCUinjutJgWRyvPezTymyvTc=,search,My library,radio,1
PC0HTwpYB4UtDaA1s7qlkmktEzeiz57VXvIJijk6ChQ=,WDhQhhbq+bwhBY642Fx3e5eGBdvqzzXmwiouCaVI0R0=,search,Radio,online-playlist,1
SWoa4UvhuutHxhcRAxlfTc6Jr1j5tGw9cp3Kiq+ayKM=,KZ5hwP74wRO6kRapVIprwodtNdVD2EVD3hkZmmyXFPk=,explore,Discover Feature,local-library,1
tnBf+t14y3vlNshUe1XQbIWYtTBMBYmVXIMWdNVRv/o=,NO3PiEzofJglKjD8+biTGWkEVRDfE799y8c9wQS1XWo=,my library,Discover Feature,song-based-playlist,1
uQ6LOBwmu7lIjv+wFaq5+M4IcAZEha2J0uyDB6Y8aqY=,z8xAhD/t0v/wUKZ8Rz0Pwojr5psdmUQn3/eu0Yw11zQ=,my library,Explore,song,0
8tSgHKzljg7TyPLYrU9L7CgHIdShVvyV/d6PccMRzhw=,nnGh305rOmte1K/4D+qsL1LyY6P+jvDlzATIqwbCa/0=,radio,Local playlist more,song,1
4MSFgArmrrq1abQEeuHkmNQjEkqn5r/Z6/LNObSm3xc=,opfHqJ0Oz4KsSqM5/TqBERkLI9DFnMD0Jywzh7XSE6Y=,radio,Radio,radio,1
16fsOt7imefLSFsV7mWoP1AL+bpjP1NuWzQ5QP9tj8k=,3DU6F6k6dFSdoQa2tsia5spMXFCxWh4JJdA3OxSo3rM=,explore,My library,radio,1
J/KdXo5kGQs+dRxYam3/tZlwhl7ZX+sYvvCdjg8Tqzg=,22wN6a2Q/qVQosA8OBfVg6AbwvI2KJnZ35DXLqpLHJg=,search,Discover Feature,radio,1
P3tJU/DjIEbh0ucnC1KT8wojenDDSwx+blB8pFp/KeE=,i7p594HsKb4cYynsE1a80PmSBL9bFI2dmBu16bwdke4=,search,My library,radio,1
UjuPJCQo/YoGVR/yJ+CocmWUk2czJE0BBKqaPpVYV64=,2uFTn3kDES2C3JeqzV4cpSAGQ756GFK0XajzEDLqER4=,search,Local playlist more,song,0
QDvq4xn7ZSBkamVnc8nL672oxKVqcR2zdgRGQf0giXs=,Zks8Is+xdBwLuMg0lYynAU4FanLNf/tyuZ8d7IEvY9c=,my library,Explore,song-based-playlist,0
a4aEMKA1bMIwfCarB0qN+Fjag8swMwFfXm6ri5KJvms=,WWgB6GYGuyplhfw51plAbvpnixjsFA3XKSyEuTN42Tk=,discover,My library,song,0
tnPUP8fJSxqSkuJZygxUzdvY2dVUyPxoKCGHmrwcKEM=,M0vkEMBlcbeVSWQQx/6FtXbJ57IiCw27TW8/vmSayk8=,search,Explore,song,1
gNqpBxDbTlhvjHhGUzkOXI7uwdcMfsUjThCFibPphkQ=,y/rsZ9DC7FwK5F2PK2D5mj+aOBUJAjuu3dZ14NgE0vM=,discover,My library,local-library,1
frZtrrN1Y2ZqZX3VFiq7FpAvLth3kZJNovT9cmyn2O4=,x0AQuGp6SHvaD/fLkk+6JzAp6zOUgd30Tx4oL3YBz5Y=,discover,Discover Feature,radio,1
UTAElx4+rSh2QViTKHQhC40cphX7ZIYafAOMJOJCshY=,JVwoBKjxxE9L/IpNKsSCJJIYHcxvwxOKbFnM3TLwcTQ=,explore,Explore,song-based-playlist,1
f2c4l3mhW4SmXKRP+OfPUdbQ4U8afe+gqcX9Dmh03Xs=,TVtxD8qAAl8KeA5CU+1c4Pg6+/PR3vK2vYMnY/eSGho=,discover,Local playlist more,online-playlist,1
BNSYbtaNNCYfKVig95LpQJArTEx/RN2FgivSohB8r8M=,eaEPf0VwQhIvfAm8xzQucpa0/OnWo18Ig1cfMIUsZ3M=,radio,My library,radio,0
XkORogCcAwIoTSBptOED51tv9wXQ2WCEqGgvwqKsyU0=,pkKADcjPLFdP9kX40L8dlmbLWkgUTqUB0LhurVLSTME=,my library,Radio,online-playlist,1
QDvq4xn7ZSBkamVnc8nL672oxKVqcR2zdgRGQf0giXs=,s84FxzZB6F3J6VOD21RuFLngqi6nMsKA4txNXn+pbK8=,explore,Explore,local-library,1
KGXNZ/H3VxvET/+rGxlrAe7Gpz2eKMXyuSg3xh8Ij1M=,A5cw2rib82lWjtNFr3bxQysyjPVpiYlgmnULDQ8X0BQ=,discover,Radio,song,0
Y4FvDsosFNoz4ZHIAbuwgUBSFK8qY2oE5p7V8wymc/Q=,xK0clTH8TvjG6sKmJXZuMLzhikhlEsolLtx2AHBpmbQ=,explore,Radio,online-playlist,1
/mmecbnAd2Jrji3aonisktBko1/o+F68GqpV8X4gHiI=,Hum12fv82coQWytuQUP8K0cHEdJ9zz10RrGjsGqmDpw=,radio,Explore,radio,0
crUeQ6DYDHHRNYmn+n5Kodfvu9ki0IdHfXHNlZEUPHs=,JP0GJixHOHSNDsjKiQY2ttQKbDmWSk35JMMfPtR06BM=,radio,Discover Feature,radio,0
1m91HsZUO53drOd2CmAT2nf4JnK4xxBfbzPNTu9pkjU=,KxxFN09YQwSN0eAJSUf2xa5ZKjyZmX3nIVKM+zKxq6Q=,explore,Explore,song-based-playlist,1
z1IXxOkXP6uCWwFJLibRkXzU7USedggSWIfGJl/HFQg=,LnbFBEyneTI7mID7Pw+s14Kf3o73LucRxwS3Wpfjsf4=,discover,My library,song-based-playlist,0
Z56mxjHqnR1FK1d5gkf5ARTxwZF8h0HPI+rHFGRrMHo=,YmAISVdWO5T+OgcuVLr6qQ7OsqPzAbBO7BrEwfcxMSw=,my library,My library,radio,0
YQiox2a4tbRbNBaL+VfOLH8oea77HPJMPWRh8euXZqM=,WWgB6GYGuyplhfw51plAbvpnixjsFA3XKSyEuTN42Tk=,radio,My library,local-library,0
rGbXmjKDOsBV9n2LJEPtx4GcJS00c7Bs9ZFo6icxVJM=,4eWKqiadX4L+cYSy1VEcazqQDV1YxvYo1YHU5VR81pM=,discover,My library,radio,0
MxCUQ6tAD7LU1yR0gwRck91ZKE88gY8kD/rX9Hi9srQ=,/RYwZD+IL/0YEgpu71HgW9q6c2A80gr/fC/j0BmYGvo=,radio,Discover Feature,song-based-playlist,1
PwnWgkloewAh6nr1MpRnSm6jbrltEb328ifDj7ccDZc=,zx4aCmk+b/uPmvESsG8ekvi7qWmifSPNMXg1i8wyG8Q=,discover,Local playlist more,radio,0
tnPUP8fJSxqSkuJZygxUzdvY2dVUyPxoKCGHmrwcKEM=,pkKADcjPLFdP9kX40L8dlmbLWkgUTqUB0LhurVLSTME=,explore,Radio,radio,0
XkORogCcAwIoTSBptOED51tv9wXQ2WCEqGgvwqKsyU0=,gZphe9aRvr0vVO/oEt23amqyDc+YabbIJ9WIzZTVjG0=,radio,Explore,song,1
frZtrrN1Y2ZqZX3VFiq7FpAvLth3kZJNovT9cmyn2O4=,HRg8zzy3PcS4sBcZIFOcUL4uCqg7SurUslUQyF2op+o=,discover,Radio,radio,0
UTAElx4+rSh2QViTKHQhC40cphX7ZIYafAOMJOJCshY=,sgHKhG2d57U2o88razl9SyG1nuuMDf0J2BuDhzoI12Y=,explore,Discover Feature,radio,1
dO8vzPwqXvOjrPWDW++gVecwTNnzesp3zW1dtRc6KEk=,u67UjhgKuy5EciXXCkJvpAYxT+l8agXUqFuD5Hs3STc=,discover,Radio,radio,1
P3tJU/DjIEbh0ucnC1KT8wojenDDSwx+blB8pFp/KeE=,ze0+7p13wqB1hZ/KWd6OT42LBehKmYVQyGGzEv8Q4fA=,explore,My library,song-based-playlist,1
5pr+x566HOsYLEv4ouZ5cEHFFwBB74xaFbExdPGJ6b0=,edlow+cUeR+1RqGQ87VV7D3gqMw0amQYGEZZDm+sm7Q=,radio,My library,radio,1
B4P1g6sGBILzGhelH/YKkfpkFgWfn/LgS4KgU+bEaD0=,wfSboJwFBF6YyVmGO0wCeRtMdrqwkOgwPHV+YmSUl5Y=,explore,My library,online-playlist,1
FrYc5vaJMygJR0CjtIqrigWOlEKURefFwGKvr0BlbMI=,8ZT1ADO1qNipe/T41z8XASvyZRgdBUL5oung7zV5am4=,discover,Radio,radio,0
z1IXxOkXP6uCWwFJLibRkXzU7USedggSWIfGJl/HFQg=,gZphe9aRvr0vVO/oEt23amqyDc+YabbIJ9WIzZTVjG0=,explore,Explore,song,1
HdnZZ4P0Vjxo2tgTvO1rsT/H3NkG7jvfrnCuF7TBK0A=,cVHsClcaUfj3ZPoqihH1Rd6ZSaDpa6UbdMDcyx8FfVU=,discover,Discover Feature,song-based-playlist,1
OOUnJuX4SteRhUdJZ9B2DqtfiwsfcZVBefEhXLeBsFg=,tB7WW8fbj7VdrPYInjSGBfslYr2DKNIeeFKQsqqMZvc=,radio,Radio,song-based-playlist,1
dO8vzPwqXvOjrPWDW++gVecwTNnzesp3zW1dtRc6KEk=,AyU+NHMfkl3i4KQlaVcu2Y5w4JS+yMgNapvCrDuQtmY=,search,Discover Feature,song,1
tnPUP8fJSxqSkuJZygxUzdvY2dVUyPxoKCGHmrwcKEM=,7zFV1bMlN//PbeZut5RL6SnRlZ7/9nBKIXf/dzhK9kM=,discover,My library,song,1
3nWFLb+IVt1+0JcM73g0wIG2AHtyhsI5RlG7gHziOFA=,VEHQ9uyNfwMBFPtkLOFGSOnovTSfj6RlQbgYZYp1xZQ=,radio,Explore,radio,1
tiYOcOjJ0qgAJDL3hTboZye11uT8tBbNTscBDWxCWLw=,BgqjNqzsyCpEGvxyUmktvHC8WO5+FQO/pQTaZ4broMU=,explore,Radio,online-playlist,1
cNssc+2L1Fx77CzASou28E9qfWeJjQKZtfoADkl/xkQ=,pHaz1pjrzfa+p9u7Ga2ngsEhHUyUgT1Npouo+nP6e8s=,discover,Radio,radio,1
lfK5QUAaa28niDIyQ2oGkSntvSe7G5EmQ1N6nvnE8lY=,yL8VeuH6lYFA4hYVGX/1HmPogBfp1Ex4ZkL5PjWy11k=,radio,Local playlist more,song,0
y3IT85vrzY2iBxFg6nsh4Cmg+mV3oqR73TPekK7x1Rc=,YmAISVdWO5T+OgcuVLr6qQ7OsqPzAbBO7BrEwfcxMSw=,explore,Local playlist more,radio,0
HdnZZ4P0Vjxo2tgTvO1rsT/H3NkG7jvfrnCuF7TBK0A=,8ZT1ADO1qNipe/T41z8XASvyZRgdBUL5oung7zV5am4=,my library,Local playlist more,online-playlist,1
6aH1YAi5YwvZUHtpjEaMQwM0p4wP4XLrkWQSdXDF9L8=,plcKSDtGLCbnZbKxbsASN8Lz+EtSEkRW5WJ8eA8UA8g=,my library,Local playlist more,local-library,1
4abUL+lw0T5WFbdgeEyj8UHqyYxA7Exgw2tWiDJVSwY=,8Kn45Wt6j2eOQSYFai72rdxvmy6rXFGXCcbi92hzOAY=,my library,Radio,local-library,0
UvM0IMLJ11PTOjdjhqapNQmHcbttfsiyv5+dtIR2IK0=,oDG5WCyUlb9i/Sr34Fljeh0YsONZKxl+7jjUw27vm5U=,discover,Explore,radio,1
p9Lk74DKfVohPHjTvzHSVQ3lRaqW2ofcBolP45FJgiQ=,CivTL87a654wHFVt1BEZu+cryDKO8mYRsrxpEW8oVm8=,explore,Radio,song,1
/mmecbnAd2Jrji3aonisktBko1/o+F68GqpV8X4gHiI=,BITuBuNyXQydJcjDL2BUnCu4/IXaJg5IPOuycc/4dtY=,radio,My library,song,1
Wg1bSRX3JtJ9ElarOhpbEaV5pu9lgTeS33mARTV+Sl8=,yL8VeuH6lYFA4hYVGX/1HmPogBfp1Ex4ZkL5PjWy11k=,search,Radio,song-based-playlist,1
o6lVTGcU8lL0OI4fOMWc21THJHoOjqxxYlYACoyTN6g=,M0vkEMBlcbeVSWQQx/6FtXbJ57IiCw27TW8/vmSayk8=,discover,My library,song,0
p9Lk74DKfVohPHjTvzHSVQ3lRaqW2ofcBolP45FJgiQ=,qHD46j2HpNipwKHtoE0035AIr+FAdNYaSi1VNT3gACk=,my library,Radio,local-library,1
A6DJoTdyfFVxhngH62vlscx6pJsakhdeNs2vDEVTfH0=,CivTL87a654wHFVt1BEZu+cryDKO8mYRsrxpEW8oVm8=,search,Local playlist more,song-based-playlist,0
KGXNZ/H3VxvET/+rGxlrAe7Gpz2eKMXyuSg3xh8Ij1M=,eaEPf0VwQhIvfAm8xzQucpa0/OnWo18Ig1cfMIUsZ3M=,explore,Local playlist more,song-based-playlist,0
16fsOt7imefLSFsV7mWoP1AL+bpjP1NuWzQ5QP9tj8k=,eaEPf0VwQhIvfAm8xzQucpa0/OnWo18Ig1cfMIUsZ3M=,my library,Explore,song-based-playlist,0
J/KdXo5kGQs+dRxYam3/tZlwhl7ZX+sYvvCdjg8Tqzg=,yciKx3VagNk6RuCqe0KbTbwl+cWXKVYWAeI8UFe9Dfw=,search,Explore,radio,0
Ty59+gs+lfVbfm1T/SDqLmbFhtkAP4Mm75uYiaKZ6kk=,OE6pqPyTUHX2LrFokqXrAVv6VkRGadC8XQ8CZZpaa3g=,search,Discover Feature,online-playlist,0
tnBf+t14y3vlNshUe1XQbIWYtTBMBYmVXIMWdNVRv/o=,u6/Pb7X4u7KU4gXrBgGqt8RlRrNNFLn03tLAHyxRxwA=,radio,Explore,song-based-playlist,1
rEVqJ3NIxC9LSUZYOj1ft5VSAvFo3AxNu2k36hKKtWc=,MwZaD94L4Wl4APdJSVQF5JPt+xH6hb2KtWpFsjwYUlo=,radio,Radio,local-library,1
FGtllVqz18RPiwJj/edr2gV78zirAiY/9SmYvia+kCg=,x6u5YRNWfWRwBSupKIjHonX/pAAr4HtXW4ZUIh7/iPo=,radio,Radio,song,0
uQ6LOBwmu7lIjv+wFaq5+M4IcAZEha2J0uyDB6Y8aqY=,d5ayexvXscdzmuGxENyY8Uwb4AQaxt0dEcnkAgES7xw=,explore,My library,song-based-playlist,1
0gR6Hl63ExurTrvY9uEfmgDDgRj0nBaIse0DU199YT8=,jFUlstiDM/0JBpQz1N1Mr1uJj0H8kiQsJjfbnx45gHs=,search,Explore,song-based-playlist,1
rdNI0wgxmcsOgjH0akX2/zzW8qbDZc45D681Mpq45jI=,Zks8Is+xdBwLuMg0lYynAU4FanLNf/tyuZ8d7IEvY9c=,discover,Local playlist more,radio,1
9wwJC2y3YDYTilHnM+uYnPS7GCxV625Hs4VZ7sc6OKY=,gffrcQ9mFCfCwM4Gx7ArXpR8J749p3tfh/tM0chIODo=,discover,My library,song-based-playlist,1
ocQB699RoI5sBlRUfv8tu++vqupI35/95l3U507jdpw=,yCNGVHLlA+gdUm0RfeIm1xAYXFugchHvED5JVerYSWM=,radio,Discover Feature,song-based-playlist,1
LR9NLKme+aT6uoW3R5XlLu9gq7LQG6tt+bJTEPpcrGg=,u6/Pb7X4u7KU4gXrBgGqt8RlRrNNFLn03tLAHyxRxwA=,search,Radio,song-based-playlist,1
tlFGRF/TtrSwJA9XPHL4cajWghZCbAbhzif/6wJiN6Q=,d2k4F/IYpmudgfCxsRAXVHBdYHPfcWmhCYmjdXxigLE=,search,Radio,online-playlist,1
9wwJC2y3YDYTilHnM+uYnPS7GCxV625Hs4VZ7sc6OKY=,DRWs2zLgDBAqLqyHsNZVPyiBed+Iutm+qsoWqvo6dkA=,radio,Radio,song,1
a3O5che4tB5RTo8XoApn10uQ+FpVjTNwJfNrrQyaMXk=,iiifj//EcKnociT6W3nBASJygGe/TyFB41UD1bTtnU0=,explore,Discover Feature,song-based-playlist,0
n7V1D5AuwLykWxCzsU1eNPSyxVbrSXs6IXiWF2zN0gY=,7zFV1bMlN//PbeZut5RL6SnRlZ7/9nBKIXf/dzhK9kM=,explore,Radio,online-playlist,0
V8pNUizcKwTRuSQAtzXJBAJ7B8cyf0EegXkljvIvFqo=,vLvRGCAj8JzTLygSB20eqIL6hSTzE7gf4hyYAguZp0k=,my library,My library,online-playlist,0
jL7ukei/Kb4gDCfTG4+VhV4TzLaDecjji/aW+GqWvac=,h90KlUZE/mlkkPjhbhz3hXY1zvOhqJXuiKBoFWnTDAo=,explore,Local playlist more,online-playlist,1
gxxBbzV3eE2XGjUrFVB2FzAve55Oe1s86HD+OEh36Gw=,+LztcJcPEEwsikk6+K5udm06XJQMzR4+lzavKLUyE0k=,my library,Discover Feature,online-playlist,1
uA7h005WTDJTwS1Tv1uzmWcWTpt/7x7Xx8JydbeMi2U=,xK0clTH8TvjG6sKmJXZuMLzhikhlEsolLtx2AHBpmbQ=,discover,Local playlist more,song,1
JkQacE3rvmhh65R04eDLbu+M7MCkpzmHwMGrbZo0puc=,LBnwicJLcepb/l8c68qpMRJIaUcm1UvgtKEfQwITrpI=,explore,Explore,song-based-playlist,1
Z56mxjHqnR1FK1d5gkf5ARTxwZF8h0HPI+rHFGRrMHo=,0PSoBhrpfwF09qQKvTiItwZNPjOuyL0uoTazKevG8ls=,search,Radio,local-library,1
Mn98O4X/zceMt9nswcoq08F16ciCqhuN7lQ951MAL2o=,JiY2ckGkra5KGchu3Rh6KPH9FL2J0tTmAB3pGyVi4BQ=,radio,Explore,online-playlist,0
Z56mxjHqnR1FK1d5gkf5ARTxwZF8h0HPI+rHFGRrMHo=,GFWjz4apE8zMiXe6wc0qCjr+DbK9BFkwo/rr+FsNm+g=,discover,Explore,song-based-playlist,1
BNSYbtaNNCYfKVig95LpQJArTEx/RN2FgivSohB8r8M=,Q+minHX51E+PXPs1VxkIlW+XhmV9ANm2rchEcZ8Wt9k=,explore,Radio,radio,1
vBNHobQRQsofef7+9NZk4C6Y6T2PBXSGXUbn6c8UOcg=,GFWjz4apE8zMiXe6wc0qCjr+DbK9BFkwo/rr+FsNm+g=,explore,Discover Feature,online-playlist,1
2yBzq7nUBV99ankkp7O46elZikHVB5BvqHcr2Lzetlc=,fEAIgFRWmhXmo6m3ukQeqRksZCcO/7CjkqNckRHiVQo=,explore,Radio,song,1
uhEkft9Ht4TsUF5wBkmmZbtbaIVESVfiUnMlxHYl0HI=,SEXmGAIKrBLJvU2yqL7G0KUkKq81WgLwrzy/GHyPjYE=,radio,Radio,song-based-playlist,1
08sWvzS2VVyKAVQRi6z4gxGxRQ0YQM0BXsXdVEKuzSQ=,2uFTn3kDES2C3JeqzV4cpSAGQ756GFK0XajzEDLqER4=,search,Explore,online-playlist,0
2tmUzRCcD0l3et0ck9XfxZT6gT9LM3w8gwfckVNylIU=,h90KlUZE/mlkkPjhbhz3hXY1zvOhqJXuiKBoFWnTDAo=,radio,My library,radio,1
oqovZIlVcIUL0aIMGYtXxy3R+xJcxmJBJUXeIb+HJYA=,zg6SzD3aqsnOqqyhFYTdbCNFrhSACbwefB/ZFi68AO0=,my library,My library,song,1
wobMEyGx2iCkFu27/HPRJIky3S8tO/rS8Rr+tsvEe0k=,DRWs2zLgDBAqLqyHsNZVPyiBed+Iutm+qsoWqvo6dkA=,discover,Local playlist more,song-based-playlist,1
0ut67E6+04VZ9RDX1nJYPmPARhbgYbsjEKl7K4dpjDw=,r5BnHxvuPlLjwr4MHf3dF3yUY+NVS6rHrkVG7wVZ1uE=,discover,My library,radio,1
jL7ukei/Kb4gDCfTG4+VhV4TzLaDecjji/aW+GqWvac=,FynUyq0+drmIARmK1JZ/qcjNZ7DKkqTY6/0O0lTzNUI=,search,Discover Feature,song-based-playlist,1
akW+xn32y3X+ZisQokWwV8+caojTEpm3E8lV8E3yuBk=,PgRtmmESVNtWjoZHO5a1r21vIz9sVZmcJJpFCbRa1LI=,radio,Local playlist more,song,1
rRUTKZAVxGBh5XRUk+Lk/b/gHcAOsbk1hiQiEfubDh4=,JRa3KgSwWDyY17usXoi6jN8O6v6t6Tq4xcwjbUkbQFQ=,my library,Local playlist more,radio,0
qljEWgpUDxIw7Lpc9mpZSYjpH+RmsE3T6s0x852lzRY=,U9kojfZSKaiWOW94PKh1Riyv/zUWxmBRmv0XInQWLGw=,my library,Local playlist more,radio,1
uA7h005WTDJTwS1Tv1uzmWcWTpt/7x7Xx8JydbeMi2U=,rFLawM8j/vW78o/S3P2GTsmy6HwkTI15P7NF/i9CkX4=,search,Radio,song,1
MxCUQ6tAD7LU1yR0gwRck91ZKE88gY8kD/rX9Hi9srQ=,OE6pqPyTUHX2LrFokqXrAVv6VkRGadC8XQ8CZZpaa3g=,search,Radio,local-library,1
WtuOpsYQ8St9zt7yySdryqDUCxeT4/v2rLRA7+lsahQ=,+SstqMwhQPBQFTPBhLKPT642IiBDXzZFwlzsLl4cGXo=,discover,My library,online-playlist,0
UhqjLSMwLYzjZFDyYQF6A33phr0tPNXyu7+I08q/u8g=,d5ayexvXscdzmuGxENyY8Uwb4AQaxt0dEcnkAgES7xw=,explore,Local playlist more,online-playlist,1
rEVqJ3NIxC9LSUZYOj1ft5VSAvFo3AxNu2k36hKKtWc=,ayL6eLHKSrmX4smFi1KbGMYrWI9EwsiErGjWUJ9CTrQ=,discover,Local playlist more,song-based-playlist,0
crUeQ6DYDHHRNYmn+n5Kodfvu9ki0IdHfXHNlZEUPHs=,CsgH03aRehnhVifHOPXwF4mfA2yHdqK/IWpwXMm73CU=,explore,Discover Feature,song-based-playlist,1
H/MB+uttGlGIMr7qru4HYG4dVbh0e1mBuoryBOKz/RU=,yCNGVHLlA+gdUm0RfeIm1xAYXFugchHvED5JVerYSWM=,radio,Local playlist more,song-based-playlist,1
p9Lk74DKfVohPHjTvzHSVQ3lRaqW2ofcBolP45FJgiQ=,p0vznXPDpqFXtJzcvx4f9NxqLDC+1PQ9/Prr8kUdSuc=,explore,Explore,local-library,1
R7AyK9ZUi5d21sCDumgghXW+TNacd/qN0dNMa0C22pA=,VkDBgh89umc9m6uAEfD6LXngetyGhln4vh/ArCGO0nY=,discover,Radio,online-playlist,1
s8Oce1igq03hako2pQCfeXyPVkBs77ArjdrZEQAjpbk=,izWkEacMHX6lc+hEC3QnWwWd2LXiHZ9tacUNpfUz+aw=,my library,My library,online-playlist,1
gNqpBxDbTlhvjHhGUzkOXI7uwdcMfsUjThCFibPphkQ=,XUz4Z4wPPChz+OIwkwj7HJ8teIjW3rEMdEATM80rDxM=,my library,Radio,local-library,0
cqjRBV/jWN2ujhc+z/4tz+Mj6xEfflAAt6qBXCqxKvw=,UXK+xHZe1REiVRlOMS5gvqeUY+kLbVyiEdJRTLYoZkk=,radio,Radio,online-playlist,0
5wvbHjIY9vAARXRg82rOSUqfZlHLqJN88I8W8bwsiSc=,fDBtAj8rHHCQGeSsDEeT0WA3gSp6p7g3z71981gFuQA=,discover,Local playlist more,radio,0
R7AyK9ZUi5d21sCDumgghXW+TNacd/qN0dNMa0C22pA=,3W6VBSN09a/Vh9w1Fwmdus4H4xxmde/yu0RBgMcTtZM=,explore,Local playlist more,song-based-playlist,1
V39VxDdE9SgMQZnX58oQChm9W056pw2lC3TiifMfkKw=,OE6pqPyTUHX2LrFokqXrAVv6VkRGadC8XQ8CZZpaa3g=,radio,My library,local-library,0
a6uMxhS43vQ++TrVP3jdHT4lFfjw61SlIsCkvigQ5ro=,W4gOC3iBXV97C05qyVDGIKAJg76BJcrzWPnLwkKK6kQ=,radio,Local playlist more,song-based-playlist,0
1wiu2UfN0BNhHfPTrDS3S/rQkX/vnwDoKH6ODTUdH9k=,W4gOC3iBXV97C05qyVDGIKAJg76BJcrzWPnLwkKK6kQ=,search,Explore,song-based-playlist,1
rRUTKZAVxGBh5XRUk+Lk/b/gHcAOsbk1hiQiEfubDh4=,3VkD5ekIf5duJm1hmYTZlXjyl0zqV8wCzuAh3uocfCg=,search,My library,local-library,0
nAiRf+UmYT7ZWIOUF6Ig3D0FDVIVpSgUb+H40Vg1eQU=,limwLMOy3/jAQ5dOa3x7k/eJmA1ARXel99C337h+E34=,search,Local playlist more,online-playlist,1
HfVrxfpxOJuQ4FofEFxdlwm9yvaoy8y0JOH3GaQ/RTs=,IiO/4aXuzEtXpyd1A7LV2TlAdIS5Rzl3hwdtbKuNBQ4=,my library,Radio,radio,0
6bwk5TTaA1YSOmPoxDgBBlV5CrZJEar2C6SxwT5nDrU=,dBblcCblxZ/fqu94pTStU055+hRvF2oiyDEq0qHIfiA=,search,Explore,song-based-playlist,0
MxCUQ6tAD7LU1yR0gwRck91ZKE88gY8kD/rX9Hi9srQ=,zcieWa7/2VeVp0m0fa95RI3i6FIfNTMzVvYXm3X64Y8=,my library,Local playlist more,song,1
gNqpBxDbTlhvjHhGUzkOXI7uwdcMfsUjThCFibPphkQ=,6QMvPiMG6bKF5+C4fSsfeR/LGNMiwL55HNhd3BcvSKE=,search,Local playlist more,song-based-playlist,1
LThaiVqGGnVTPmTcmwN/LLo4fVb5dzkduzd7s1SgzIA=,NDtiB0N12yjIn9D9reqXF8NPPCq6vMNhOwd9A/c3qd8=,explore,Radio,online-playlist,1
1wiu2UfN0BNhHfPTrDS3S/rQkX/vnwDoKH6ODTUdH9k=,vkagi2Lrvjx/FxLWE6FHZFoDoOaSWI052fEQCwouDUs=,my library,Local playlist more,song-based-playlist,1
zYTm2T59lT+Z/hpoywdET+EGMcRhwi4rzL7WD09iRC0=,G/4+VCRLpfjQJ4SAwMDcf+W8PTw0eOBRgFvg4fHUOO8=,radio,Discover Feature,song-based-playlist,1
DqwB7smOAIbNnnQbWOpfsmy9znTwfDEQCW1I6ujFG48=,b7yydI1iGdF/kFybrbVHHDXeI/9stzEWK1i77MLj4rU=,explore,Explore,radio,1
16pGH8W1JKJTrQSZDX3gQY57S3FiO4YJheGRiYbONsU=,zcieWa7/2VeVp0m0fa95RI3i6FIfNTMzVvYXm3X64Y8=,discover,Radio,local-library,0
a6uMxhS43vQ++TrVP3jdHT4lFfjw61SlIsCkvigQ5ro=,JiY2ckGkra5KGchu3Rh6KPH9FL2J0tTmAB3pGyVi4BQ=,search,Explore,online-playlist,1
ocQB699RoI5sBlRUfv8tu++vqupI35/95l3U507jdpw=,kHpEHXKwwG+dwmOR2NnvrXwsE24vqD7n40tcNQE/niQ=,my library,Explore,local-library,1
TO253iXvHroemKYZ23M7YL7uu6Um4zEwByNl4wcpIYs=,qxDl7URNa8pfCbbdoMNE0cHrU1+hMSIdyqhOGvQo69M=,search,Discover Feature,song-based-playlist,0
V8pNUizcKwTRuSQAtzXJBAJ7B8cyf0EegXkljvIvFqo=,ufjl9/oJJRQx/0JUEBaIeyE82HP0CF7Fy2LwOIiNiYY=,explore,My library,online-playlist,1
E23IyF1NtT7IeesuDuHWR6g/yMpWrq3cN3U4qTjXE0A=,3DU6F6k6dFSdoQa2tsia5spMXFCxWh4JJdA3OxSo3rM=,search,Discover Feature,song,1
3i0jlUKhqqUKqFsoJVgN2UcDOuri7fCiE33XUCnKHXo=,h90KlUZE/mlkkPjhbhz3hXY1zvOhqJXuiKBoFWnTDAo=,radio,Explore,online-playlist,1
qd03y2Hs/0xCA/dPExadbY5XQdTHOcli3h8w4KTwhZ4=,0b8M2FLEH176y/ng1rK9ftUYDYnA+1NdoCOUeuyBMtU=,radio,My library,song-based-playlist,1
P3tJU/DjIEbh0ucnC1KT8wojenDDSwx+blB8pFp/KeE=,IXP1a2o3NL8WU4WK1X0WJAKaSW+LgGRpPDn4Gt1HrV8=,radio,Radio,song,1
p9Lk74DKfVohPHjTvzHSVQ3lRaqW2ofcBolP45FJgiQ=,ra6TLz6Y37OSFOqg4aCvjV7nalatCwZdQvoJRMwSNvk=,explore,Explore,online-playlist,1
FaH6rl69OOVwbsO30jjdjVXD9wJO8pcVZS6LGy5zTJM=,DKGm2awf1TsLWeXqpDfVVQf5M2qPmcxI9Dwxz+45Qqs=,search,Explore,radio,1
00qmlWC3H/cjf2Ig1li5xIO0VNDRgBX0f9ilouDBEZs=,o0kFgae9QtnYgRkVPqLJwa05zIhRlUjfF7O1tDw0ZDU=,search,Discover Feature,local-library,1
LThaiVqGGnVTPmTcmwN/LLo4fVb5dzkduzd7s1SgzIA=,oDG5WCyUlb9i/Sr34Fljeh0YsONZKxl+7jjUw27vm5U=,radio,Local playlist more,local-library,1
FrYc5vaJMygJR0CjtIqrigWOlEKURefFwGKvr0BlbMI=,tB7WW8fbj7VdrPYInjSGBfslYr2DKNIeeFKQsqqMZvc=,search,Radio,song-based-playlist,1
1m91HsZUO53drOd2CmAT2nf4JnK4xxBfbzPNTu9pkjU=,Ce8Mui+yVruumWy9pKMDfSRBFg1m93m/+XR8FHlktaE=,search,Explore,song-based-playlist,1
AXKTVBbdr2/z7m5WL1IXzlriNbun8B+7wM41MsWCYDw=,3W6VBSN09a/Vh9w1Fwmdus4H4xxmde/yu0RBgMcTtZM=,radio,Explore,song-based-playlist,0
crUeQ6DYDHHRNYmn+n5Kodfvu9ki0IdHfXHNlZEUPHs=,zx4aCmk+b/uPmvESsG8ekvi7qWmifSPNMXg1i8wyG8Q=,my library,Explore,song,1
2tmUzRCcD0l3et0ck9XfxZT6gT9LM3w8gwfckVNylIU=,35dx60z4m4+Lg+qIS0l2A8vspbthqnpTylWUu51jW+4=,search,Radio,online-playlist,1
tiYOcOjJ0qgAJDL3hTboZye11uT8tBbNTscBDWxCWLw=,1UHqpOyecqH+8NytyogNdQz/2zUDpmHzUF5lgH1gvyw=,discover,Local playlist more,local-library,1
YU6fAgCFgPkaJ1YSW2838KzGTxmBCfgousTO8jwuHYM=,wBTWuHbjdjxnG1lQcbqnK4FddV24rUhuyrYLd9c/hmk=,my library,My library,song,1
BqnomjS+KJtzWrGRkqLEoO3I7KapwN4B8H9in4Fsf+I=,r5BnHxvuPlLjwr4MHf3dF3yUY+NVS6rHrkVG7wVZ1uE=,search,My library,online-playlist,1
BqnomjS+KJtzWrGRkqLEoO3I7KapwN4B8H9in4Fsf+I=,01dMXfqYr3EWV8V4ccmHMNy45+7YG8TBmGJ4IVWOduc=,search,My library,local-library,1
DqwB7smOAIbNnnQbWOpfsmy9znTwfDEQCW1I6ujFG48=,+h+uIXLQyXHuCdwAY5oT3T302vt0IdQJtux0APXhriw=,explore,Local playlist more,local-library,0
vSstkkQzt3KMmyvh0MGHpXpgzHO6kobAYipy6ik6HB8=,F48LS/DqAt1EnPHRezspUgYaZcmiOoyOD75UFpHenEE=,discover,Local playlist more,radio,1
H/MB+uttGlGIMr7qru4HYG4dVbh0e1mBuoryBOKz/RU=,kFx6IW7O34CiWxdfV61/cIjZs57ZasQBPjJQSJk2pk0=,explore,Local playlist more,song-based-playlist,1
1d4acB2bhEZCFjSRwvO4ls8PrBtvNTlkcAcxYx8FcWE=,rqNd52MxQ+okfR61j2c7u36DLODO4d2Zt/hMm3jxncM=,search,Discover Feature,online-playlist,1
vBNHobQRQsofef7+9NZk4C6Y6T2PBXSGXUbn6c8UOcg=,WWgB6GYGuyplhfw51plAbvpnixjsFA3XKSyEuTN42Tk=,my library,Local playlist more,song-based-playlist,1
P3tJU/DjIEbh0ucnC1KT8wojenDDSwx+blB8pFp/KeE=,yL8VeuH6lYFA4hYVGX/1HmPogBfp1Ex4ZkL5PjWy11k=,discover,Radio,online-playlist,1
xEeMEDdDCvfLGt6eoayVgVh48nLdPvEm1XzwzY6lT58=,rFLawM8j/vW78o/S3P2GTsmy6HwkTI15P7NF/i9CkX4=,discover,Discover Feature,song,1
xEeMEDdDCvfLGt6eoayVgVh48nLdPvEm1XzwzY6lT58=,JiY2ckGkra5KGchu3Rh6KPH9FL2J0tTmAB3pGyVi4BQ=,explore,Radio,online-playlist,1
T+FJrpYi77CWTUE5nO/vliojRaTPgt2bRUQHy5lhXrQ=,B4o9XjQJPJGGJr63sxzS4LUoQOrNhyVU1DersrYXRlI=,explore,Local playlist more,song,1
OOETiYOFhuTowtgRUIiKommGv0eo6XUHLc1ofgwcJew=,izWkEacMHX6lc+hEC3QnWwWd2LXiHZ9tacUNpfUz+aw=,discover,Explore,online-playlist,0
wv0o115CdKSsFlsV7VvHikjyxLG0LFc5qALhM8xkUZ4=,31Tp9mUO5cVc8fEd67bI5GTrfev3MiXPUokaum1m3K8=,my library,Discover Feature,song,1
vSstkkQzt3KMmyvh0MGHpXpgzHO6kobAYipy6ik6HB8=,UZ3dBhXYs3u2VWiwH9VQYBWnp1hi25EmxuK8JISoSZU=,my library,My library,radio,0
hYJpPvGod6vy09TnlXdQe3Q0vlxju5u5Ruf8V2XkTio=,6pe6XOKc+06NhkgrFitOb/EKMj910AlS34LdhP510LE=,discover,Discover Feature,local-library,1
uA7h005WTDJTwS1Tv1uzmWcWTpt/7x7Xx8JydbeMi2U=,c2bp6xlq7o3Pj6x95ddX67S/wGsP6qPN/8PqM1DL0a8=,explore,Local playlist more,online-playlist,1
gNqpBxDbTlhvjHhGUzkOXI7uwdcMfsUjThCFibPphkQ=,27vpOctGRDxfm4nJsYUfvNaoL8ayuXiYAYUH4H1mfJk=,radio,Discover Feature,online-playlist,0
MxCUQ6tAD7LU1yR0gwRck91ZKE88gY8kD/rX9Hi9srQ=,6HofPS0v2MVFsL10yCN7dXUL+gUOnvsD35vx3HmRbdE=,search,Radio,radio,0
+3RfkckBHS0oQrrjJj7p69bdwJak+qzKq0fhFaeXUxA=,EELIvnP5lcFg+W/XGvKrKj06DhzWRoowEHGGvBGlDkk=,search,Discover Feature,online-playlist,1
b5XWI+EhZTCGoQ6YK/SLu3tmCnKh8Z7wBK6Gztm49uA=,80hnDqhSe9u2uIaLvDh1tCbwryzDrsf789zgDDF+k+s=,my library,Radio,radio,0
dU4RbzpIRRd/EkA9Xncpy9CglzDBZp7nKMfdnfr3Aj8=,vLvRGCAj8JzTLygSB20eqIL6hSTzE7gf4hyYAguZp0k=,discover,Local playlist more,song-based-playlist,0
yBXKYfcmQ+TtIEvkLQXabAY2uwudIGn21dEZYAwCDCg=,lUp9A0i6jbaMvGNlR0eaMwxd0Vlv5LZM6NHgDDBCqqI=,search,Discover Feature,song,1
8ncKS6kWM+oSslEfrPcRMcHq5VVQqBcbWoQ0FHlDgPA=,jWx64JroBecZQXiaNU1toeSiTyhqdtsj38JTLS2TEhQ=,search,My library,online-playlist,1
tnBf+t14y3vlNshUe1XQbIWYtTBMBYmVXIMWdNVRv/o=,A+RNE+nwHzzYdQliLcF1YcaMpmDL91TAbz8xALp4FEM=,explore,Radio,song,0
qn0aqqC8dcshYsmcFmFYJtebwjMp6kLr8yanC5QC79o=,5Qh7YI03x2cbQFFv/e+faYhVpFAzjvnuE3YXkx2KgsQ=,my library,Explore,song-based-playlist,0
tNvUsQwOJX5OgGsBBN9to3vI+DoUc6S1BFgNXUaYoo0=,UQeOwfhcqgEcIwp3cgNiLGW1237Qjpvqzt/asQimVp0=,discover,Radio,online-playlist,1
K7obY5lUlZTd6a/byE9NG/e7Q/dlgHfppLbYk8OL7os=,d2k4F/IYpmudgfCxsRAXVHBdYHPfcWmhCYmjdXxigLE=,search,My library,online-playlist,1
mGDObQQojFOJfK2rJKcme282huuk0qDxBzWL22/qYbc=,Xpjwi8UAE2Vv9PZ6cZnhc58MCtl3cKZEO1sdAkqJ4mo=,radio,My library,local-library,1
f2c4l3mhW4SmXKRP+OfPUdbQ4U8afe+gqcX9Dmh03Xs=,YJKHI4Asj1oM5vJftbISis2QYliVSExtWiWnwb7TOgo=,discover,Explore,song-based-playlist,1
38LUs5mVWNKfyjL7ilf9JCnWZLjnno2obLXr69JJKcw=,5TKFWT9ivwAJiqRWz5apDsePXcJZ2b1RA/1gxTm6XoQ=,radio,Discover Feature,song-based-playlist,1
x+k/zTEqdgYq6O+r1iDjKRaQnaCS5118gzBe8c12r1Y=,YJKHI4Asj1oM5vJftbISis2QYliVSExtWiWnwb7TOgo=,my library,Local playlist more,radio,0
/2A361q3cuoEFZ0FoMEWj8SIVRJyPpHZQ5ni6Oud88M=,Sb2AlcokNNB8/NfoJjK+C/N5lmET1mY6HAd781MxQy0=,my library,Radio,song-based-playlist,1
NwX1NaVlyw0jvfQNxLTcx9ztIUKVL/sjkccdAmMpfCA=,Wn5ltxI7NsFk4xGFHOFXv2ajWU9HmuEgDF+xs1EJpFo=,explore,Local playlist more,song,1
T+FJrpYi77CWTUE5nO/vliojRaTPgt2bRUQHy5lhXrQ=,kHpEHXKwwG+dwmOR2NnvrXwsE24vqD7n40tcNQE/niQ=,search,My library,song-based-playlist,1
w4SNbHDAMuMbulkgcHGYOl/datijVua3CR5D73DylLs=,CfOyUSvBAIGhsUEcZ6hTnWLLaQrDtzVmoIdmIMXBOTA=,my library,My library,song-based-playlist,1
2tmUzRCcD0l3et0ck9XfxZT6gT9LM3w8gwfckVNylIU=,Q+minHX51E+PXPs1VxkIlW+XhmV9ANm2rchEcZ8Wt9k=,search,Explore,song-based-playlist,1
K7obY5lUlZTd6a/byE9NG/e7Q/dlgHfppLbYk8OL7os=,WJyW1Eqg3hXHl2+JB/qMSAQ/3VxqSNVvPniD/ReCo2I=,discover,Discover Feature,online-playlist,1
x+k/zTEqdgYq6O+r1iDjKRaQnaCS5118gzBe8c12r1Y=,Wi0kjTBakpXIWBbaT++vmtjDSEo06lhfiVO4KMSF5jc=,my library,Radio,song,1
s8Oce1igq03hako2pQCfeXyPVkBs77ArjdrZEQAjpbk=,eBme/h4Z4eP7BZY3tifu5Lr/dRB9NQJVIl36jZ5DZGQ=,explore,My library,local-library,0
frZtrrN1Y2ZqZX3VFiq7FpAvLth3kZJNovT9cmyn2O4=,U8VgelI8G461f4FVJHnavdn4zx7XjmSFcNHZ3Hru3TU=,search,Local playlist more,song-based-playlist,1
crUeQ6DYDHHRNYmn+n5Kodfvu9ki0IdHfXHNlZEUPHs=,w4Zku7HxtkAKl/BB8H81ZfWOXwnnmVbZBvFZeRPuRUU=,my library,Local playlist more,online-playlist,1
OOETiYOFhuTowtgRUIiKommGv0eo6XUHLc1ofgwcJew=,8Kn45Wt6j2eOQSYFai72rdxvmy6rXFGXCcbi92hzOAY=,radio,Radio,radio,1
tiYOcOjJ0qgAJDL3hTboZye11uT8tBbNTscBDWxCWLw=,+Sm75wnBf/sjm/QMUAFx8N+Ae04kWCXGlgH50tTeM6c=,discover,My library,radio,0
6aH1YAi5YwvZUHtpjEaMQwM0p4wP4XLrkWQSdXDF9L8=,eBme/h4Z4eP7BZY3tifu5Lr/dRB9NQJVIl36jZ5DZGQ=,radio,My library,song,1
WRwcfUKwDVQ46cylDQ1Tf8ayTojVYeh/00m0ubVNxQo=,WLWYK2ULyKhj/FAWvhEOVQuDlZmsmTkKscwahrXsoBM=,discover,My library,song,1
H1D92jYJ3GyJWLmt3ZAE3QgxgfCCit8WTsT7+KwS+vw=,a4TbK5V15pj3YZUOGa9h2U3t0OsE+3aiFw41mNlcgcw=,explore,Explore,song-based-playlist,1
FrYc5vaJMygJR0CjtIqrigWOlEKURefFwGKvr0BlbMI=,Knq4ruFJI2OJlOtotwq3fuWueMlXcUeS3oxVEYlKoC4=,explore,My library,song,1
lfK5QUAaa28niDIyQ2oGkSntvSe7G5EmQ1N6nvnE8lY=,ux6db2W4f9nhapYVkSg81Uzhxnw0vf44cFWHSd2EuJo=,discover,Radio,song,0
crUeQ6DYDHHRNYmn+n5Kodfvu9ki0IdHfXHNlZEUPHs=,fEAIgFRWmhXmo6m3ukQeqRksZCcO/7CjkqNckRHiVQo=,my library,Explore,radio,0
MxCUQ6tAD7LU1yR0gwRck91ZKE88gY8kD/rX9Hi9srQ=,ajjUpdQjWCwzCHNd6C0hB3Fz8BIPGjSy6IT35+UWD1I=,explore,Local playlist more,radio,0
wIeuCRmznzwE6bVrKuo2QRfkztVfQVEYMNaugLCPTS4=,1GI0GC3w9c0tDD2s0qP15DxrLUs9JX9XW6fKbY0rBZ8=,my library,My library,song-based-playlist,0
3TZaybijIyaqU3P+moI/mzFWcAj6aR0p7bmxLT9iRq8=,kge3dyGXCTqgUbHpFPB0x8gy+cPAamtArhr4sghdRH0=,radio,Local playlist more,online-playlist,0
Jc84woRFJuyMAC6hDcH/Rr84MGq9ucuxeZveZ00kI5o=,qHD46j2HpNipwKHtoE0035AIr+FAdNYaSi1VNT3gACk=,discover,Radio,song,0
SZ5NNypqaTWljFO1HiVZwkw3713+rM9x/JNdJd8/fzc=,SEXmGAIKrBLJvU2yqL7G0KUkKq81WgLwrzy/GHyPjYE=,radio,Local playlist more,online-playlist,1
x+k/zTEqdgYq6O+r1iDjKRaQnaCS5118gzBe8c12r1Y=,yPA+sQt5tJ3NgR6/L9BefmNpA2152zQQ+/Kvtt3iSUs=,explore,Explore,radio,1
Z56mxjHqnR1FK1d5gkf5ARTxwZF8h0HPI+rHFGRrMHo=,CTwL9Gnx6QsaZ6+ygo/VHirN/XZKxlUJEB2VGQX8yjg=,explore,Discover Feature,online-playlist,1
YkG93vvIFdFWVWsYqT5w6t0X4uw9/RS03jqzhBzxFlc=,31Tp9mUO5cVc8fEd67bI5GTrfev3MiXPUokaum1m3K8=,my library,Radio,online-playlist,1
pJxMd9PL/N7CdwTwKu3YqiqYSRAJHuejlrTonaPfPfU=,GIDL+PW6bG3ZeBgOby6JNIQn82kPQ+MZjIybnyI3D6M=,radio,My library,song-based-playlist,0
Y4FvDsosFNoz4ZHIAbuwgUBSFK8qY2oE5p7V8wymc/Q=,yL8VeuH6lYFA4hYVGX/1HmPogBfp1Ex4ZkL5PjWy11k=,radio,Local playlist more,song,0
tNvUsQwOJX5OgGsBBN9to3vI+DoUc6S1BFgNXUaYoo0=,3W6VBSN09a/Vh9w1Fwmdus4H4xxmde/yu0RBgMcTtZM=,discover,Local playlist more,song,1
3yBpYWqEybBPazsqB5NIhrXKCFe1Djn5orPBvxz9ArE=,JRa3KgSwWDyY17usXoi6jN8O6v6t6Tq4xcwjbUkbQFQ=,my library,Local playlist more,local-library,0
2+T8pswRgDmvZ6B4esKi3lWZyT4xqeVKmv19J0/y51w=,YBrWf/Hac5La5V2HZ80Mi70NzUcTehVDWhkIp8h4Klg=,explore,Radio,online-playlist,1
lfK5QUAaa28niDIyQ2oGkSntvSe7G5EmQ1N6nvnE8lY=,++QfzyM/LiFaCuvkDFK/wJe13ZEMgTgAaVCcolo7nnY=,explore,My library,online-playlist,1
FGtllVqz18RPiwJj/edr2gV78zirAiY/9SmYvia+kCg=,Zks8Is+xdBwLuMg0lYynAU4FanLNf/tyuZ8d7IEvY9c=,search,Radio,song,0
tiYOcOjJ0qgAJDL3hTboZye11uT8tBbNTscBDWxCWLw=,CXdtx7/QxePhjYwYFcXVv+lXjCDEGRJ9r/OC7IQXthw=,discover,Radio,song-based-playlist,1
z1IXxOkXP6uCWwFJLibRkXzU7USedggSWIfGJl/HFQg=,YmAISVdWO5T+OgcuVLr6qQ7OsqPzAbBO7BrEwfcxMSw=,my library,My library,online-playlist,1
vSstkkQzt3KMmyvh0MGHpXpgzHO6kobAYipy6ik6HB8=,JTMsJNPcL2ambkp1Z/MeBEnFEzZEOKetdLPrJxHf7v8=,my library,Local playlist more,online-playlist,1
O3ElkgfVd3DoJysnWAIgIPF4N3Y9LPmlm+aC5G+UXGY=,nwSpTQoTbubQRzCAjsWTemzjG0B36aa5Dqpi2py8jsU=,explore,Explore,radio,0
R2FvE4x+hefwL4evbgNGNCng13c1MkP3PHocNtU91qU=,PQ60bLYQn4lnOqNp2pmsUziCKclqLai5pemA9rWWQko=,radio,My library,song-based-playlist,1
FG+WikEK8x1GZIB4E2keTq2SJX4bXjFjG5gkjc8qbcw=,GQqErVwbH/YaifR6wl2S6prosRVHhwGO2/Aq5aIJLA8=,my library,My library,online-playlist,1
0gR6Hl63ExurTrvY9uEfmgDDgRj0nBaIse0DU199YT8=,4eWKqiadX4L+cYSy1VEcazqQDV1YxvYo1YHU5VR81pM=,radio,Local playlist more,online-playlist,0
PwnWgkloewAh6nr1MpRnSm6jbrltEb328ifDj7ccDZc=,RiJp0d9j7dfyZ/pyUPtWLXiVp77iitN5lUQTR6qjEOg=,explore,Discover Feature,radio,0
o+5RNlSWrzvrphgBNGIo1FLkGxBgyICns6qXj3nS7Pk=,KQkL3RbSia9p7I5H9wrdEFmQZSJEZc64kpnzDUUEe84=,search,Radio,song-based-playlist,1
a6uMxhS43vQ++TrVP3jdHT4lFfjw61SlIsCkvigQ5ro=,s84FxzZB6F3J6VOD21RuFLngqi6nMsKA4txNXn+pbK8=,radio,Radio,song,1
uA7h005WTDJTwS1Tv1uzmWcWTpt/7x7Xx8JydbeMi2U=,ZcKgNis1AP1LA0sdtIddrtk7P04iiJzJrXvwXdT/X3Q=,explore,Explore,radio,1
A6DJoTdyfFVxhngH62vlscx6pJsakhdeNs2vDEVTfH0=,kTfvijj0YOM4LkNBb+6RCPKakz/8NEw5y2PMdmc9bc8=,search,Local playlist more,song,1
WRwcfUKwDVQ46cylDQ1Tf8ayTojVYeh/00m0ubVNxQo=,DH9SXL888u6VtOCkF/nqFbmtHlEkYgh9atVYPHfSfo4=,search,Discover Feature,local-library,1
HfVrxfpxOJuQ4FofEFxdlwm9yvaoy8y0JOH3GaQ/RTs=,J4qKkLIoW7aYACuTupHLAPZYmRp08en1AEux+GSUzdw=,my library,Radio,song,1
T+FJrpYi77CWTUE5nO/vliojRaTPgt2bRUQHy5lhXrQ=,7EnDBkQYJpipCyRd9JBsug4iKnfAunUXc14/96cNotg=,discover,Explore,local-library,1
cqjRBV/jWN2ujhc+z/4tz+Mj6xEfflAAt6qBXCqxKvw=,wBTWuHbjdjxnG1lQcbqnK4FddV24rUhuyrYLd9c/hmk=,my library,Explore,online-playlist,1
YQiox2a4tbRbNBaL+VfOLH8oea77HPJMPWRh8euXZqM=,7sD/47OK7UjsdmBjtLCUTIdX9Df8TjpHyOOeA0Koxy8=,radio,Local playlist more,online-playlist,1
Ty59+gs+lfVbfm1T/SDqLmbFhtkAP4Mm75uYiaKZ6kk=,7sD/47OK7UjsdmBjtLCUTIdX9Df8TjpHyOOeA0Koxy8=,explore,Explore,song,0
3yBpYWqEybBPazsqB5NIhrXKCFe1Djn5orPBvxz9ArE=,fCCmIa0Y5m+MCGbQga31MOLTIqi7ddgXvkjFPmfslGw=,discover,My library,online-playlist,1
P+Sxa9gtP8P8IQcpPGbwWmEFdrF16hTrtfXyfa5aGoI=,8Ckw1wek5d6oEsNUoM4P5iag86TaEmyLwdtrckL0Re8=,my library,Radio,online-playlist,1
TO253iXvHroemKYZ23M7YL7uu6Um4zEwByNl4wcpIYs=,u67UjhgKuy5EciXXCkJvpAYxT+l8agXUqFuD5Hs3STc=,search,Radio,song-based-playlist,1
KsjbiO2iw8TpMfu+9Bf2p8GI57Q53lsHXy1xWIMKH/E=,7Xxzo9Z584Z1AhkaLLWEcpzcEuxcquGE52Ztc4879YI=,explore,Local playlist more,radio,0
wobMEyGx2iCkFu27/HPRJIky3S8tO/rS8Rr+tsvEe0k=,G0rUz0kguI35yzj95LX2BXI30PqCcJJtPNfirR0BhIs=,my library,Discover Feature,song,0
UTAElx4+rSh2QViTKHQhC40cphX7ZIYafAOMJOJCshY=,Gew5+s/HwCSjQ6bX7/dZ0pXS6TB4ccOrOYcQg7FWDZI=,discover,Radio,radio,1
LThaiVqGGnVTPmTcmwN/LLo4fVb5dzkduzd7s1SgzIA=,DRWs2zLgDBAqLqyHsNZVPyiBed+Iutm+qsoWqvo6dkA=,radio,Explore,song,1
n5v6IqRk4CZnELtP0Z2et7EZrdPicfyhvD2gIdq1Mcc=,IXP1a2o3NL8WU4WK1X0WJAKaSW+LgGRpPDn4Gt1HrV8=,search,Radio,song,0
XHJRZV5Xgcub4dNGuzRj5tVfDD1iwrtoXmdQOWtlc3U=,f0Yvo22LVUbRIlICXcEEym7IYNVjUqghZryP6Vf103A=,radio,Explore,song,0
6bwk5TTaA1YSOmPoxDgBBlV5CrZJEar2C6SxwT5nDrU=,uWfF+7Tl/V+phd01+33EDRjMiRZz4adW0bI/Mh194L8=,my library,Local playlist more,song-based-playlist,0
R2FvE4x+hefwL4evbgNGNCng13c1MkP3PHocNtU91qU=,A+RNE+nwHzzYdQliLcF1YcaMpmDL91TAbz8xALp4FEM=,discover,Local playlist more,song,1
cqjRBV/jWN2ujhc+z/4tz+Mj6xEfflAAt6qBXCqxKvw=,y/rsZ9DC7FwK5F2PK2D5mj+aOBUJAjuu3dZ14NgE0vM=,my library,Local playlist more,online-playlist,1
aMB9nC9PVKXsk/K++qMMG0in0dvk2XiUFuAnr10qiac=,nW7czLK5LBcCT/uAo+03SyWAbaEEaSnXI5uxhC7QiBM=,search,Discover Feature,local-library,1
B4P1g6sGBILzGhelH/YKkfpkFgWfn/LgS4KgU+bEaD0=,yLoN4bFNhNb3LXZ4EdnptePHtj3Ztmrw/p13qGn3GTw=,discover,Local playlist more,song-based-playlist,0
z1IXxOkXP6uCWwFJLibRkXzU7USedggSWIfGJl/HFQg=,9uDuRF+ToaleR51vHf8IEw4NEKDJXRo/rVRV2011aSM=,explore,Local playlist more,online-playlist,1
0gR6Hl63ExurTrvY9uEfmgDDgRj0nBaIse0DU199YT8=,xeyouM+hIjUtImV20of0p7SrDY4UnejP5Q/BnCHYG00=,search,Radio,online-playlist,1
Y8fGbgG4J6bpoXzljxRIp+hwVjk2ULHaLAfJatxHjg0=,IgMar/mVrJQ+ODFPytDf7jwQMmR09+slyZUdVylRFLc=,my library,Local playlist more,local-library,1
NwX1NaVlyw0jvfQNxLTcx9ztIUKVL/sjkccdAmMpfCA=,W+akwEPQhC1OugUaQlo0DR9xVs49UbJDZbiGvgN6ZyY=,discover,Radio,radio,1
lFQM2AQ0IIifeOgmnRDSFEuWfh7XQZm0Z+O6K696CQk=,80hnDqhSe9u2uIaLvDh1tCbwryzDrsf789zgDDF+k+s=,discover,Explore,radio,0
V8pNUizcKwTRuSQAtzXJBAJ7B8cyf0EegXkljvIvFqo=,EL5DbsSvhAFtMBBoOjs4aipOjC3Xj4syX/l/wlK+kdM=,my library,Explore,song-based-playlist,1
08sWvzS2VVyKAVQRi6z4gxGxRQ0YQM0BXsXdVEKuzSQ=,7dUiqNIuyM+aDRJEw3+ZSYydeZGAQ1AAI0eOd0Nzh8c=,my library,Discover Feature,song,0
YQiox2a4tbRbNBaL+VfOLH8oea77HPJMPWRh8euXZqM=,XUz4Z4wPPChz+OIwkwj7HJ8teIjW3rEMdEATM80rDxM=,search,My library,song,1
wIeuCRmznzwE6bVrKuo2QRfkztVfQVEYMNaugLCPTS4=,XlkjAJe0dfNZGVXs98X/tteFpStvXboU0MegqWJt36U=,search,Discover Feature,radio,1
p9Lk74DKfVohPHjTvzHSVQ3lRaqW2ofcBolP45FJgiQ=,AyU+NHMfkl3i4KQlaVcu2Y5w4JS+yMgNapvCrDuQtmY=,my library,Explore,song-based-playlist,1
fVZedYe9G51wW8jy3Ws7FuF5IKx7zxQYWvPAfCdIRJE=,etnpvFVFCKje9Br8nB2pWWlaMRVwN6euSQc9+7ZnXR4=,my library,Radio,song-based-playlist,1
fVZedYe9G51wW8jy3Ws7FuF5IKx7zxQYWvPAfCdIRJE=,pHaz1pjrzfa+p9u7Ga2ngsEhHUyUgT1Npouo+nP6e8s=,search,My library,song-based-playlist,1
wobMEyGx2iCkFu27/HPRJIky3S8tO/rS8Rr+tsvEe0k=,EL5DbsSvhAFtMBBoOjs4aipOjC3Xj4syX/l/wlK+kdM=,radio,Local playlist more,online-playlist,0
OOUnJuX4SteRhUdJZ9B2DqtfiwsfcZVBefEhXLeBsFg=,XVAiWjCX02nhNZ8t4bKfJOsVU51bG0YJXuOUl00tTgY=,explore,Radio,online-playlist,1
5wvbHjIY9vAARXRg82rOSUqfZlHLqJN88I8W8bwsiSc=,wR+LLM957WfBdaXmUsdE9AiGzOVki7yjelGea+0Ze8E=,radio,My library,local-library,1
H1D92jYJ3GyJWLmt3ZAE3QgxgfCCit8WTsT7+KwS+vw=,u6/Pb7X4u7KU4gXrBgGqt8RlRrNNFLn03tLAHyxRxwA=,radio,Radio,song-based-playlist,0
SWoa4UvhuutHxhcRAxlfTc6Jr1j5tGw9cp3Kiq+ayKM=,p0vznXPDpqFXtJzcvx4f9NxqLDC+1PQ9/Prr8kUdSuc=,explore,My library,song,1
baemFqI4x+fpHweCJQeb64jdSmOWUKkJuwK5BrgcsX0=,yBHK9ZzaYyeNaPr1ucAkD3RH7dKwaEY8dtplxwkxr44=,search,Local playlist more,song-based-playlist,1
cF/VJmBHwhcqdd016oPP1wXBdWSjxEHEzwlhEn4+/4A=,PWxngjBL3gt2KhdKy8MwEYTgAw/lkL9F/lqqjciktFk=,explore,Discover Feature,song,1
mDJCU+fKu/mbdk9l4SmPYiJwpeMyK44o9wmG1X3735A=,GFWjz4apE8zMiXe6wc0qCjr+DbK9BFkwo/rr+FsNm+g=,my library,Explore,radio,1
IU4XmahhntFf39v7Xzd/Nk6fjzZCCpAjOU8xW2TWHGk=,5Qh7YI03x2cbQFFv/e+faYhVpFAzjvnuE3YXkx2KgsQ=,my library,My library,local-library,1
vSstkkQzt3KMmyvh0MGHpXpgzHO6kobAYipy6ik6HB8=,gffrcQ9mFCfCwM4Gx7ArXpR8J749p3tfh/tM0chIODo=,radio,Explore,local-library,1
TxneOykZ/MOIbQmA/aJ4EUQUIR9r+Egt6TNQu0WgwpA=,cwzdOoAlwP2AgUSgePv+UwafMqm7v7gJeFARD3rw7gA=,search,My library,song,1
AXKTVBbdr2/z7m5WL1IXzlriNbun8B+7wM41MsWCYDw=,gG8cycpwQak+/chDrTlk8CXXIw4ztVIO1OhbdJBTav8=,explore,Discover Feature,online-playlist,1
a3O5che4tB5RTo8XoApn10uQ+FpVjTNwJfNrrQyaMXk=,uaU3VI7KA2xoQkGkSC4NNOMFmHL9R85kdR7eyY5Pc9M=,explore,Discover Feature,online-playlist,1
KGXNZ/H3VxvET/+rGxlrAe7Gpz2eKMXyuSg3xh8Ij1M=,etnpvFVFCKje9Br8nB2pWWlaMRVwN6euSQc9+7ZnXR4=,radio,Explore,song-based-playlist,1
jL7ukei/Kb4gDCfTG4+VhV4TzLaDecjji/aW+GqWvac=,kFx6IW7O34CiWxdfV61/cIjZs57ZasQBPjJQSJk2pk0=,search,Explore,radio,0
tiYOcOjJ0qgAJDL3hTboZye11uT8tBbNTscBDWxCWLw=,9Xxvd9J4SpEakcmoYTvt+ekTW15btrc+DKumBSTJZU0=,search,Radio,song-based-playlist,1
UTAElx4+rSh2QViTKHQhC40cphX7ZIYafAOMJOJCshY=,HTu0yj2OGmSKPV6I6ktmb6DnmnZY8ZSFrrzNFR/MOfQ=,radio,Explore,radio,0
b5XWI+EhZTCGoQ6YK/SLu3tmCnKh8Z7wBK6Gztm49uA=,r4lUPUkz3tAgIWaEyrSYVCxX1yz8PnlVuQz+To0Pd+c=,radio,Local playlist more,song-based-playlist,1
wv0o115CdKSsFlsV7VvHikjyxLG0LFc5qALhM8xkUZ4=,ih58jIWgit7qPy3VpvbM6E7AIvs57ylCHMVpIl1T+Io=,radio,Local playlist more,local-library,0
R2FvE4x+hefwL4evbgNGNCng13c1MkP3PHocNtU91qU=,bFbleyVHx6Nr9tHMr4OybO2i3A4FS2Be0/62K2+FSpY=,search,Explore,online-playlist,1
MXIMDXO0j3UpaT7FvOSGW6Y5zfhlh+xYjTqGoUdMzEE=,2Y7NstzrTnCFlRel5m80hPDe9471QRU9oyqPIx1xIP0=,discover,Radio,local-library,1
P3tJU/DjIEbh0ucnC1KT8wojenDDSwx+blB8pFp/KeE=,XA08z3r0wdQvY3CE0lFDTd/MuAgD7b0XKZnCvo+ylKE=,my library,My library,local-library,1
2tmUzRCcD0l3et0ck9XfxZT6gT9LM3w8gwfckVNylIU=,OaEbZ6TJ1NePtNUeEgWsvFLeopkSln9WQu8PBR5B3+A=,discover,Discover Feature,song-based-playlist,1
aMB9nC9PVKXsk/K++qMMG0in0dvk2XiUFuAnr10qiac=,2Y7NstzrTnCFlRel5m80hPDe9471QRU9oyqPIx1xIP0=,my library,Explore,radio,1
xjA4Fs3CO4k3jQSXLFhn21zxTcYVRRRTzof3ZPn8KFg=,F48LS/DqAt1EnPHRezspUgYaZcmiOoyOD75UFpHenEE=,explore,Discover Feature,online-playlist,1
WtuOpsYQ8St9zt7yySdryqDUCxeT4/v2rLRA7+lsahQ=,2Y7NstzrTnCFlRel5m80hPDe9471QRU9oyqPIx1xIP0=,explore,Explore,online-playlist,1
KGXNZ/H3VxvET/+rGxlrAe7Gpz2eKMXyuSg3xh8Ij1M=,jpq9yBIzCyyWbLcrGFWHYyXpFZ8N4b9FgKC4qFj04gk=,search,My library,online-playlist,1
s8Oce1igq03hako2pQCfeXyPVkBs77ArjdrZEQAjpbk=,DKGm2awf1TsLWeXqpDfVVQf5M2qPmcxI9Dwxz+45Qqs=,radio,Radio,local-library,1
WRwcfUKwDVQ46cylDQ1Tf8ayTojVYeh/00m0ubVNxQo=,VqOqrfMxAOMwJpyfUSyWuPmHpMtSuzvrCvHgahApvDU=,my library,Local playlist more,song-based-playlist,0
7xiBI5xU3P2/IiR9teB7jySfzWo96JGikGajteLd3Cs=,OaEbZ6TJ1NePtNUeEgWsvFLeopkSln9WQu8PBR5B3+A=,search,Discover Feature,local-library,1
rRUTKZAVxGBh5XRUk+Lk/b/gHcAOsbk1hiQiEfubDh4=,9Xxvd9J4SpEakcmoYTvt+ekTW15btrc+DKumBSTJZU0=,discover,Discover Feature,online-playlist,1
zYTm2T59lT+Z/hpoywdET+EGMcRhwi4rzL7WD09iRC0=,izWkEacMHX6lc+hEC3QnWwWd2LXiHZ9tacUNpfUz+aw=,radio,Local playlist more,local-library,1
AXKTVBbdr2/z7m5WL1IXzlriNbun8B+7wM41MsWCYDw=,wfSboJwFBF6YyVmGO0wCeRtMdrqwkOgwPHV+YmSUl5Y=,discover,Explore,song-based-playlist,0
wIeuCRmznzwE6bVrKuo2QRfkztVfQVEYMNaugLCPTS4=,3DU6F6k6dFSdoQa2tsia5spMXFCxWh4JJdA3OxSo3rM=,explore,Local playlist more,online-playlist,1
V8pNUizcKwTRuSQAtzXJBAJ7B8cyf0EegXkljvIvFqo=,9YRkIrpN2f9PtHpeYsE03vYy9X7RpIR9XmGtxuyO5iY=,discover,Discover Feature,online-playlist,1
08sWvzS2VVyKAVQRi6z4gxGxRQ0YQM0BXsXdVEKuzSQ=,NDtiB0N12yjIn9D9reqXF8NPPCq6vMNhOwd9A/c3qd8=,my library,Explore,song,0
frZtrrN1Y2ZqZX3VFiq7FpAvLth3kZJNovT9cmyn2O4=,RiJp0d9j7dfyZ/pyUPtWLXiVp77iitN5lUQTR6qjEOg=,radio,Local playlist more,radio,1
TxneOykZ/MOIbQmA/aJ4EUQUIR9r+Egt6TNQu0WgwpA=,q5/Vwifgv0SGdEIyiMU2F0pIXkeCIW3w2xB8n4iMoS0=,radio,Explore,online-playlist,1
baemFqI4x+fpHweCJQeb64jdSmOWUKkJuwK5BrgcsX0=,zg6SzD3aqsnOqqyhFYTdbCNFrhSACbwefB/ZFi68AO0=,my library,Explore,radio,1
KsjbiO2iw8TpMfu+9Bf2p8GI57Q53lsHXy1xWIMKH/E=,WDhQhhbq+bwhBY642Fx3e5eGBdvqzzXmwiouCaVI0R0=,search,Explore,radio,1
o+5RNlSWrzvrphgBNGIo1FLkGxBgyICns6qXj3nS7Pk=,MwZaD94L4Wl4APdJSVQF5JPt+xH6hb2KtWpFsjwYUlo=,explore,Discover Feature,online-playlist,1
hOyJGmY7tciqGf1EhDj5UT86IfSSnaTHP5JWAPxYN6s=,IiO/4aXuzEtXpyd1A7LV2TlAdIS5Rzl3hwdtbKuNBQ4=,discover,Explore,radio,1
gNqpBxDbTlhvjHhGUzkOXI7uwdcMfsUjThCFibPphkQ=,gffrcQ9mFCfCwM4Gx7ArXpR8J749p3tfh/tM0chIODo=,discover,Explore,online-playlist,0
08sWvzS2VVyKAVQRi6z4gxGxRQ0YQM0BXsXdVEKuzSQ=,p6vR55B6kN6DL6mkWo3Ndkzd1KEbmr38ndt04bYuzXo=,discover,Radio,song-based-playlist,1
AXKTVBbdr2/z7m5WL1IXzlriNbun8B+7wM41MsWCYDw=,p/yR06j/RQ2J6yGCFL0K+1R06OeG+eXcwxRgOHDo/Tk=,my library,Radio,radio,1
9wwJC2y3YDYTilHnM+uYnPS7GCxV625Hs4VZ7sc6OKY=,rqNd52MxQ+okfR61j2c7u36DLODO4d2Zt/hMm3jxncM=,my library,Local playlist more,song,0
9wwJC2y3YDYTilHnM+uYnPS7GCxV625Hs4VZ7sc6OKY=,f8/yxXLT8/hENDkcudzHhytnOwyUKJ+/JCY7Y+L/Gsw=,search,Explore,online-playlist,0
00qmlWC3H/cjf2Ig1li5xIO0VNDRgBX0f9ilouDBEZs=,i7p594HsKb4cYynsE1a80PmSBL9bFI2dmBu16bwdke4=,discover,Local playlist more,song,0
dZNojW/n4mqxR6RSZt4CMeCnJzzxBYi6n9qQCKbghvE=,W+akwEPQhC1OugUaQlo0DR9xVs49UbJDZbiGvgN6ZyY=,explore,My library,radio,1
08sWvzS2VVyKAVQRi6z4gxGxRQ0YQM0BXsXdVEKuzSQ=,4brTUuIjK24sVlWzSLLL33b3JbwhNVfaDo7vvBt9FCQ=,search,Explore,song,0
rRUTKZAVxGBh5XRUk+Lk/b/gHcAOsbk1hiQiEfubDh4=,dKfxhaRKwvhiYOUQ5JlkxQrJ/dDksdFueybCIdG5dXI=,discover,My library,radio,0
DqwB7smOAIbNnnQbWOpfsmy9znTwfDEQCW1I6ujFG48=,LBFRdBacp7Ob6Ada2N7uCQ47DhiNT2KjUtwOA7oSm7I=,my library,Radio,song,0
cNssc+2L1Fx77CzASou28E9qfWeJjQKZtfoADkl/xkQ=,NhQfOVnptpW5z5qsP/sN+hVS8TM2iYvdy/ZGVe7K+kM=,discover,Local playlist more,local-library,1
yBXKYfcmQ+TtIEvkLQXabAY2uwudIGn21dEZYAwCDCg=,r5BnHxvuPlLjwr4MHf3dF3yUY+NVS6rHrkVG7wVZ1uE=,my library,Discover Feature,song,0
HVcWdf8CEo9s6qwt5V7TpoPYJfRlQSTA6b7kxEAImpc=,u6/Pb7X4u7KU4gXrBgGqt8RlRrNNFLn03tLAHyxRxwA=,search,Discover Feature,song,0
3TZaybijIyaqU3P+moI/mzFWcAj6aR0p7bmxLT9iRq8=,1UHqpOyecqH+8NytyogNdQz/2zUDpmHzUF5lgH1gvyw=,explore,Radio,radio,0
lfK5QUAaa28niDIyQ2oGkSntvSe7G5EmQ1N6nvnE8lY=,4ZISq5iNKgBGGW2OvKBBzBsYXRohcJYFkqx3uVFCAuA=,explore,Local playlist more,local-library,0
DqwB7smOAIbNnnQbWOpfsmy9znTwfDEQCW1I6ujFG48=,kge3dyGXCTqgUbHpFPB0x8gy+cPAamtArhr4sghdRH0=,my library,Explore,radio,0
dO8vzPwqXvOjrPWDW++gVecwTNnzesp3zW1dtRc6KEk=,wR+LLM957WfBdaXmUsdE9AiGzOVki7yjelGea+0Ze8E=,radio,My library,song,1
NzxFYmHEK32NaephTO2QGtxiR93Cf7U/Tp6jkoY25WE=,8ZT1ADO1qNipe/T41z8XASvyZRgdBUL5oung7zV5am4=,search,Radio,radio,0
Y4FvDsosFNoz4ZHIAbuwgUBSFK8qY2oE5p7V8wymc/Q=,Gew5+s/HwCSjQ6bX7/dZ0pXS6TB4ccOrOYcQg7FWDZI=,discover,Local playlist more,local-library,1
A6DJoTdyfFVxhngH62vlscx6pJsakhdeNs2vDEVTfH0=,JiY2ckGkra5KGchu3Rh6KPH9FL2J0tTmAB3pGyVi4BQ=,my library,Explore,online-playlist,0
pRHIP4XdwWx7YpREsLN4sD0gb2BUEbhKytDXlwUAO+k=,AyU+NHMfkl3i4KQlaVcu2Y5w4JS+yMgNapvCrDuQtmY=,radio,Radio,song-based-playlist,1
aMB9nC9PVKXsk/K++qMMG0in0dvk2XiUFuAnr10qiac=,kFx6IW7O34CiWxdfV61/cIjZs57ZasQBPjJQSJk2pk0=,discover,Discover Feature,online-playlist,0
EZmIP7zKgqKwpEHnuDjRIkzCmcLNlHn4hkiglZ5LxK8=,M0vkEMBlcbeVSWQQx/6FtXbJ57IiCw27TW8/vmSayk8=,search,Radio,radio,0
K7obY5lUlZTd6a/byE9NG/e7Q/dlgHfppLbYk8OL7os=,SHV52/0W8kZcf3uJZF9+ZP3S5vu2RO4WNGhZ8qQHulU=,explore,Local playlist more,online-playlist,0
0ut67E6+04VZ9RDX1nJYPmPARhbgYbsjEKl7K4dpjDw=,G/4+VCRLpfjQJ4SAwMDcf+W8PTw0eOBRgFvg4fHUOO8=,my library,Discover Feature,song,1
16fsOt7imefLSFsV7mWoP1AL+bpjP1NuWzQ5QP9tj8k=,n+FLlTL+LrNTa6xpoGkESEzlUMb/hPEM1nLq2U6fEp0=,search,Explore,radio,0
ocQB699RoI5sBlRUfv8tu++vqupI35/95l3U507jdpw=,vkagi2Lrvjx/FxLWE6FHZFoDoOaSWI052fEQCwouDUs=,radio,My library,online-playlist,1
SZ5NNypqaTWljFO1HiVZwkw3713+rM9x/JNdJd8/fzc=,A5cw2rib82lWjtNFr3bxQysyjPVpiYlgmnULDQ8X0BQ=,search,My library,radio,1
E9jsIxPWhebfnR8cbqPgS+FxCt0zBSXP+72mYRFg0+U=,CfOyUSvBAIGhsUEcZ6hTnWLLaQrDtzVmoIdmIMXBOTA=,radio,Discover Feature,radio,1
FG+WikEK8x1GZIB4E2keTq2SJX4bXjFjG5gkjc8qbcw=,oTGg75yjTAP0grXmGld3EUD0b/b9u7lW2JyUX/mBiXI=,explore,My library,radio,0
lSkUSnCm60kDLdEsnAVp6jwr2HkyIhDCEZLX82djjHg=,NhQfOVnptpW5z5qsP/sN+hVS8TM2iYvdy/ZGVe7K+kM=,radio,Radio,online-playlist,1
Wg1bSRX3JtJ9ElarOhpbEaV5pu9lgTeS33mARTV+Sl8=,OE6pqPyTUHX2LrFokqXrAVv6VkRGadC8XQ8CZZpaa3g=,radio,My library,local-library,1
XkORogCcAwIoTSBptOED51tv9wXQ2WCEqGgvwqKsyU0=,RiJp0d9j7dfyZ/pyUPtWLXiVp77iitN5lUQTR6qjEOg=,explore,My library,song,0
JoGt+PgRGKHAhTQnaRqQygBWdDwGE6gdPbeGiGP4/Lc=,skehue/d/R59G71dXYpntDwdjRRPlweN3JE8g40TgZU=,discover,Discover Feature,online-playlist,1
nAiRf+UmYT7ZWIOUF6Ig3D0FDVIVpSgUb+H40Vg1eQU=,gu/lHDjq6qqpU7r3CQkvRpGF9kqc2Mrn9CZhb7jrFvY=,radio,My library,song,0
qljEWgpUDxIw7Lpc9mpZSYjpH+RmsE3T6s0x852lzRY=,n+pMhj/jpCnpiUcSDl4k3i9FJODDddEXmpE48/HczTI=,my library,My library,online-playlist,1
rEVqJ3NIxC9LSUZYOj1ft5VSAvFo3AxNu2k36hKKtWc=,1GI0GC3w9c0tDD2s0qP15DxrLUs9JX9XW6fKbY0rBZ8=,radio,Discover Feature,song-based-playlist,0
BqnomjS+KJtzWrGRkqLEoO3I7KapwN4B8H9in4Fsf+I=,plcKSDtGLCbnZbKxbsASN8Lz+EtSEkRW5WJ8eA8UA8g=,discover,Explore,song,1
pJxMd9PL/N7CdwTwKu3YqiqYSRAJHuejlrTonaPfPfU=,+LztcJcPEEwsikk6+K5udm06XJQMzR4+lzavKLUyE0k=,my library,Radio,radio,0
saNgxsUQwx4IXBRgFF0w3uJN6KzvQBEv3dI7dDaz97g=,NhQfOVnptpW5z5qsP/sN+hVS8TM2iYvdy/ZGVe7K+kM=,search,Radio,online-playlist,1
rEVqJ3NIxC9LSUZYOj1ft5VSAvFo3AxNu2k36hKKtWc=,wJdog4OHtULqly94aQ/X2uud6ya+juDh25ay4sqoxuI=,search,Discover Feature,song,1
QDvq4xn7ZSBkamVnc8nL672oxKVqcR2zdgRGQf0giXs=,qHD46j2HpNipwKHtoE0035AIr+FAdNYaSi1VNT3gACk=,search,My library,local-library,1
E9jsIxPWhebfnR8cbqPgS+FxCt0zBSXP+72mYRFg0+U=,gG3/58uZyyOwaPT+eGWL81mwCzcDPW2EmwYcjWmvJSs=,explore,Local playlist more,local-library,0
xQp8uu2ljPWqokw6Eg+4TCB/GUC/EZwFMcapcleGiDw=,skehue/d/R59G71dXYpntDwdjRRPlweN3JE8g40TgZU=,discover,Local playlist more,local-library,1
16fsOt7imefLSFsV7mWoP1AL+bpjP1NuWzQ5QP9tj8k=,+WZeyJdxSPcag6xHLPjJOfJoc1haKiC4j0BcbZHG5ig=,my library,Local playlist more,online-playlist,0
rdNI0wgxmcsOgjH0akX2/zzW8qbDZc45D681Mpq45jI=,yn6Kt6+romPpZ1i6+hqI3WJ42G5SdsX3a+l59IaMcp4=,my library,Radio,radio,0
nAiRf+UmYT7ZWIOUF6Ig3D0FDVIVpSgUb+H40Vg1eQU=,yBHK9ZzaYyeNaPr1ucAkD3RH7dKwaEY8dtplxwkxr44=,explore,Local playlist more,online-playlist,0
TxvdtN1Ehq4kbgU5J7lw+ik6Pc0NZjnQKARPiCCf0fk=,ajjUpdQjWCwzCHNd6C0hB3Fz8BIPGjSy6IT35+UWD1I=,discover,Local playlist more,local-library,1
tNvUsQwOJX5OgGsBBN9to3vI+DoUc6S1BFgNXUaYoo0=,bFbleyVHx6Nr9tHMr4OybO2i3A4FS2Be0/62K2+FSpY=,discover,My library,online-playlist,1
4DlS5LiANEKlMTQD08dakyV1JWwPYI/n1wyjx4ImjPc=,W4gOC3iBXV97C05qyVDGIKAJg76BJcrzWPnLwkKK6kQ=,explore,Local playlist more,radio,1
UTAElx4+rSh2QViTKHQhC40cphX7ZIYafAOMJOJCshY=,U9kojfZSKaiWOW94PKh1Riyv/zUWxmBRmv0XInQWLGw=,radio,Radio,online-playlist,1
TO253iXvHroemKYZ23M7YL7uu6Um4zEwByNl4wcpIYs=,KxxFN09YQwSN0eAJSUf2xa5ZKjyZmX3nIVKM+zKxq6Q=,discover,Explore,radio,1
4tuTIArXO3WO8/zS9y2CC34ywEfChjAKUchlKW00DMM=,rcPNzl8xjj74tjZDop961+ugDVJKx4mdgh7L1xJ85FI=,discover,Radio,online-playlist,0
uhEkft9Ht4TsUF5wBkmmZbtbaIVESVfiUnMlxHYl0HI=,r5BnHxvuPlLjwr4MHf3dF3yUY+NVS6rHrkVG7wVZ1uE=,explore,My library,song-based-playlist,0
wIeuCRmznzwE6bVrKuo2QRfkztVfQVEYMNaugLCPTS4=,WRuHbl8CJbAuzUb4f/88Ly6IXif+IVVWolkp33Nm8wI=,search,Radio,song-based-playlist,0
bEJvXhD1XWK8qi0Lhydk9nt30hOTCkxG0a70s9ZeCEk=,ze0+7p13wqB1hZ/KWd6OT42LBehKmYVQyGGzEv8Q4fA=,search,Explore,song,0
OOUnJuX4SteRhUdJZ9B2DqtfiwsfcZVBefEhXLeBsFg=,8qWeDv6RTv+hYJxW94e7n6HBzHPGPEZW9FuGhj6pPhQ=,my library,Local playlist more,radio,1
Y8fGbgG4J6bpoXzljxRIp+hwVjk2ULHaLAfJatxHjg0=,2xoPPf/RyHAxRqSSP41itnzRofW3noLzFLGfmvREFQQ=,discover,Discover Feature,local-library,1
Jc84woRFJuyMAC6hDcH/Rr84MGq9ucuxeZveZ00kI5o=,cy10N2j2sdY/X4BDUcMu2Iumfz7pV3tqE5iEaup2yGI=,discover,Radio,song,0
P+Sxa9gtP8P8IQcpPGbwWmEFdrF16hTrtfXyfa5aGoI=,XlkjAJe0dfNZGVXs98X/tteFpStvXboU0MegqWJt36U=,search,Radio,online-playlist,1
a4aEMKA1bMIwfCarB0qN+Fjag8swMwFfXm6ri5KJvms=,YN4T/yvvXtYrBVN8KTnieiQohHL3T9fnzUkbLWcgLro=,my library,Explore,online-playlist,1
dU4RbzpIRRd/EkA9Xncpy9CglzDBZp7nKMfdnfr3Aj8=,UXK+xHZe1REiVRlOMS5gvqeUY+kLbVyiEdJRTLYoZkk=,discover,Discover Feature,song,0
lSkUSnCm60kDLdEsnAVp6jwr2HkyIhDCEZLX82djjHg=,J3iRhTSYqG12XgzsbOSJYdIFWZ39JaYoP3XSWM/pcHM=,search,My library,local-library,0
8tSgHKzljg7TyPLYrU9L7CgHIdShVvyV/d6PccMRzhw=,Hg9Bv1grz9a7lTp6HxpK//dV5AOqft4uk1fjIfPMJFE=,my library,My library,online-playlist,1
n7V1D5AuwLykWxCzsU1eNPSyxVbrSXs6IXiWF2zN0gY=,IIPVkO6EB8ymcuxkuxkum1N5gowLdTzy9sYF9luyhVk=,explore,Local playlist more,song,1
FaH6rl69OOVwbsO30jjdjVXD9wJO8pcVZS6LGy5zTJM=,HbqkjwnnIt6BtfmvVyXTdPHAsFCYxU74sv8+s1lfIwE=,my library,Discover Feature,song-based-playlist,1
tnBf+t14y3vlNshUe1XQbIWYtTBMBYmVXIMWdNVRv/o=,A8VVQOKrMDk0G8oU6z8qJ5Ggs5DneqlCpdoiKqKYIfY=,explore,Radio,radio,1
+Y+wTRRkZ0QA3bV4+7nwu8qlN5Kb7ygMhqvB5L929YI=,BxDBwZ9N4vb18iY72TA2T1VROqz00TpBvOVeefkm9KM=,search,Local playlist more,radio,1
SyBjgDUF6aV+1d17oV4XPDBkJLU//LAOwWdYh4DAUiU=,nW60n6qAGoytY/yX4w0r1IT462C9Xs/ZxbV6MLDSpUk=,radio,My library,song-based-playlist,0
a89sofbsaFkpzn8/P10elgzbXDQokPTlsKc1uqi7Zco=,6uCt0I6XmmXX7fta96XlZyxtSWXlTa2ZviRbxnDUa/w=,discover,Radio,local-library,1
P+Sxa9gtP8P8IQcpPGbwWmEFdrF16hTrtfXyfa5aGoI=,7NV5ZpaFlc7e3fjuxNiiuL0+HEr8qASFr+HHztIhwGY=,radio,Local playlist more,radio,1
s8Oce1igq03hako2pQCfeXyPVkBs77ArjdrZEQAjpbk=,LBFRdBacp7Ob6Ada2N7uCQ47DhiNT2KjUtwOA7oSm7I=,discover,Discover Feature,online-playlist,1
uCDJmSDTzA5PpnYGqKvNmFbwBIoS3jIXFbO5YfoCv/Y=,hDaCYJApKdeZGK7HPAWppz+FfmRwNh9g1wBc/EkBfYE=,my library,Radio,radio,0
4aRFGkKzGUpqTbjojytAtRQNdx0egL02hjJhSqq0+NA=,cy10N2j2sdY/X4BDUcMu2Iumfz7pV3tqE5iEaup2yGI=,radio,My library,song-based-playlist,1
LR9NLKme+aT6uoW3R5XlLu9gq7LQG6tt+bJTEPpcrGg=,edlow+cUeR+1RqGQ87VV7D3gqMw0amQYGEZZDm+sm7Q=,discover,Radio,radio,0
Mn98O4X/zceMt9nswcoq08F16ciCqhuN7lQ951MAL2o=,Gew5+s/HwCSjQ6bX7/dZ0pXS6TB4ccOrOYcQg7FWDZI=,radio,My library,song-based-playlist,0
EZmIP7zKgqKwpEHnuDjRIkzCmcLNlHn4hkiglZ5LxK8=,aliCzBpL9zzI8nFr83ElP3cL4bdEPejIRtT7HY09fEs=,explore,Radio,radio,0
o6lVTGcU8lL0OI4fOMWc21THJHoOjqxxYlYACoyTN6g=,XgLDH2I0dmKXQNQTMsNyGSy5oz+o6o6jPTqj0I8abFY=,radio,Radio,song-based-playlist,0
2tmUzRCcD0l3et0ck9XfxZT6gT9LM3w8gwfckVNylIU=,80hnDqhSe9u2uIaLvDh1tCbwryzDrsf789zgDDF+k+s=,my library,Explore,local-library,1
XkORogCcAwIoTSBptOED51tv9wXQ2WCEqGgvwqKsyU0=,WRuHbl8CJbAuzUb4f/88Ly6IXif+IVVWolkp33Nm8wI=,discover,Discover Feature,online-playlist,1
vBNHobQRQsofef7+9NZk4C6Y6T2PBXSGXUbn6c8UOcg=,7zFV1bMlN//PbeZut5RL6SnRlZ7/9nBKIXf/dzhK9kM=,radio,Discover Feature,online-playlist,0
XkORogCcAwIoTSBptOED51tv9wXQ2WCEqGgvwqKsyU0=,cQI8Uzy06tt/XJ59vDlifTQTl2qOiTFBkf5yVCUNoyg=,explore,My library,song,1
x+k/zTEqdgYq6O+r1iDjKRaQnaCS5118gzBe8c12r1Y=,O+azAuxxhTE27OXm23raLUOTey/RS3+sceZDO2iFXys=,search,Explore,radio,1
AEZNdJt0QGYpBlT97tdnNaNHW5SqpgJb70TFmeZBYbg=,0ee/D6HjX0jSytUn3v58C0x6zEzN4bcPq3WlqvrG/Xo=,search,Local playlist more,online-playlist,0
/2A361q3cuoEFZ0FoMEWj8SIVRJyPpHZQ5ni6Oud88M=,TYhx9eqWklddkLQlApQ5MS9jJCO4H3JHdpISZ3kZSRE=,discover,My library,local-library,0
P+Sxa9gtP8P8IQcpPGbwWmEFdrF16hTrtfXyfa5aGoI=,VqOqrfMxAOMwJpyfUSyWuPmHpMtSuzvrCvHgahApvDU=,radio,Local playlist more,online-playlist,0
OyELWVNKZMJtqg+BFArzAokp8bn+pGhBWbCZaxyLIus=,Wn5ltxI7NsFk4xGFHOFXv2ajWU9HmuEgDF+xs1EJpFo=,explore,Discover Feature,local-library,0
cNssc+2L1Fx77CzASou28E9qfWeJjQKZtfoADkl/xkQ=,rcPNzl8xjj74tjZDop961+ugDVJKx4mdgh7L1xJ85FI=,radio,Explore,song,1
TDHfjwkLrnoorqjTUFtlzSL47Yl1oEBpHM8k7qHrIdI=,n+FLlTL+LrNTa6xpoGkESEzlUMb/hPEM1nLq2U6fEp0=,my library,Discover Feature,song-based-playlist,1
Ty59+gs+lfVbfm1T/SDqLmbFhtkAP4Mm75uYiaKZ6kk=,e/upMhPFcXl3Rxq0Us1abr0FcThlZOeqKJhBobmltBU=,explore,Explore,song-based-playlist,1
ZIThPCdbFdxx0T+qKaAnQprzkTcoMTJL66Of3nlFGLA=,eqxzfyc6kVOcYTDo7GCguRsfLEplxdlJ+umjJsB8gdY=,radio,My library,online-playlist,1
A6DJoTdyfFVxhngH62vlscx6pJsakhdeNs2vDEVTfH0=,w4Zku7HxtkAKl/BB8H81ZfWOXwnnmVbZBvFZeRPuRUU=,explore,Local playlist more,radio,1
n5v6IqRk4CZnELtP0Z2et7EZrdPicfyhvD2gIdq1Mcc=,Z2Y3t/lsoBgA/2HAfy3UP+QWfdckt9BK2u6n8xwqkng=,search,My library,radio,1
HdnZZ4P0Vjxo2tgTvO1rsT/H3NkG7jvfrnCuF7TBK0A=,Knq4ruFJI2OJlOtotwq3fuWueMlXcUeS3oxVEYlKoC4=,search,Discover Feature,radio,1
yBXKYfcmQ+TtIEvkLQXabAY2uwudIGn21dEZYAwCDCg=,EELIvnP5lcFg+W/XGvKrKj06DhzWRoowEHGGvBGlDkk=,discover,My library,radio,1
Z56mxjHqnR1FK1d5gkf5ARTxwZF8h0HPI+rHFGRrMHo=,yn6Kt6+romPpZ1i6+hqI3WJ42G5SdsX3a+l59IaMcp4=,radio,Local playlist more,online-playlist,1
xQp8uu2ljPWqokw6Eg+4TCB/GUC/EZwFMcapcleGiDw=,THqGcrzQyUhBn1NI/+Iptc1vKtxBIEg0uA8iaoJnO1Q=,search,Explore,local-library,1
FGtllVqz18RPiwJj/edr2gV78zirAiY/9SmYvia+kCg=,8qWeDv6RTv+hYJxW94e7n6HBzHPGPEZW9FuGhj6pPhQ=,discover,My library,radio,1
1d4acB2bhEZCFjSRwvO4ls8PrBtvNTlkcAcxYx8FcWE=,cy10N2j2sdY/X4BDUcMu2Iumfz7pV3tqE5iEaup2yGI=,radio,Discover Feature,local-library,1
p9Lk74DKfVohPHjTvzHSVQ3lRaqW2ofcBolP45FJgiQ=,wH3O5bbWPKwaed4dTZHBx//gQ5BzAjdnyaHM8hozEiY=,search,Local playlist more,local-library,0
o6lVTGcU8lL0OI4fOMWc21THJHoOjqxxYlYACoyTN6g=,podlycp3c6tOEDw7q8iQBVgvFjiMpkWWXTlXljGdbTY=,explore,Local playlist more,radio,1
saNgxsUQwx4IXBRgFF0w3uJN6KzvQBEv3dI7dDaz97g=,CTwL9Gnx6QsaZ6+ygo/VHirN/XZKxlUJEB2VGQX8yjg=,my library,Discover Feature,song-based-playlist,0
00qmlWC3H/cjf2Ig1li5xIO0VNDRgBX0f9ilouDBEZs=,WJyW1Eqg3hXHl2+JB/qMSAQ/3VxqSNVvPniD/ReCo2I=,radio,Radio,radio,0
dU4RbzpIRRd/EkA9Xncpy9CglzDBZp7nKMfdnfr3Aj8=,A+RNE+nwHzzYdQliLcF1YcaMpmDL91TAbz8xALp4FEM=,explore,Explore,local-library,1
6bwk5TTaA1YSOmPoxDgBBlV5CrZJEar2C6SxwT5nDrU=,qiF4WAvKyVZZIBi4oSntG2GrHa1+p3oMaiZBXUpeDT8=,explore,Discover Feature,song-based-playlist,0
2+T8pswRgDmvZ6B4esKi3lWZyT4xqeVKmv19J0/y51w=,BgqjNqzsyCpEGvxyUmktvHC8WO5+FQO/pQTaZ4broMU=,explore,Local playlist more,song,1
3yBpYWqEybBPazsqB5NIhrXKCFe1Djn5orPBvxz9ArE=,dNvkA285an/yeIMPT4VszEQlmwHsZHHSgDbDB5nEkmI=,explore,Radio,online-playlist,1
E23IyF1NtT7IeesuDuHWR6g/yMpWrq3cN3U4qTjXE0A=,kge3dyGXCTqgUbHpFPB0x8gy+cPAamtArhr4sghdRH0=,radio,My library,online-playlist,1
vSstkkQzt3KMmyvh0MGHpXpgzHO6kobAYipy6ik6HB8=,UksdvC4qcXmgOvmMSOPWh9sB2z7a+dT1CWlI58lq04U=,explore,My library,song-based-playlist,1
w4SNbHDAMuMbulkgcHGYOl/datijVua3CR5D73DylLs=,p6vR55B6kN6DL6mkWo3Ndkzd1KEbmr38ndt04bYuzXo=,explore,Radio,radio,0
4abUL+lw0T5WFbdgeEyj8UHqyYxA7Exgw2tWiDJVSwY=,9Xxvd9J4SpEakcmoYTvt+ekTW15btrc+DKumBSTJZU0=,search,Discover Feature,local-library,1
SZ5NNypqaTWljFO1HiVZwkw3713+rM9x/JNdJd8/fzc=,0b8M2FLEH176y/ng1rK9ftUYDYnA+1NdoCOUeuyBMtU=,my library,Local playlist more,online-playlist,0
f2c4l3mhW4SmXKRP+OfPUdbQ4U8afe+gqcX9Dmh03Xs=,G/4+VCRLpfjQJ4SAwMDcf+W8PTw0eOBRgFvg4fHUOO8=,search,Explore,online-playlist,1
3TZaybijIyaqU3P+moI/mzFWcAj6aR0p7bmxLT9iRq8=,iiifj//EcKnociT6W3nBASJygGe/TyFB41UD1bTtnU0=,radio,My library,radio,1
w4SNbHDAMuMbulkgcHGYOl/datijVua3CR5D73DylLs=,euRuXf+FKUosn295WoeqQbQJ4MQ7es1jJAQlmqZFA/I=,search,Radio,online-playlist,1
a3O5che4tB5RTo8XoApn10uQ+FpVjTNwJfNrrQyaMXk=,oDG5WCyUlb9i/Sr34Fljeh0YsONZKxl+7jjUw27vm5U=,discover,Discover Feature,radio,1
pRHIP4XdwWx7YpREsLN4sD0gb2BUEbhKytDXlwUAO+k=,/vRMwxfCQC55cFGMLtxZlAqhDFW/aPQMGdkRnykeWyc=,search,Discover Feature,online-playlist,0
a6uMxhS43vQ++TrVP3jdHT4lFfjw61SlIsCkvigQ5ro=,oDG5WCyUlb9i/Sr34Fljeh0YsONZKxl+7jjUw27vm5U=,search,Radio,song,1
vBNHobQRQsofef7+9NZk4C6Y6T2PBXSGXUbn6c8UOcg=,fLcg1JwIF80DBi1D5gheP1WuO4IXt4HFSd19TZ6y61M=,discover,Local playlist more,radio,1
NzxFYmHEK32NaephTO2QGtxiR93Cf7U/Tp6jkoY25WE=,p/yR06j/RQ2J6yGCFL0K+1R06OeG+eXcwxRgOHDo/Tk=,explore,Explore,song-based-playlist,1
fVZedYe9G51wW8jy3Ws7FuF5IKx7zxQYWvPAfCdIRJE=,Hg9Bv1grz9a7lTp6HxpK//dV5AOqft4uk1fjIfPMJFE=,my library,Discover Feature,song-based-playlist,1
vSstkkQzt3KMmyvh0MGHpXpgzHO6kobAYipy6ik6HB8=,5TKFWT9ivwAJiqRWz5apDsePXcJZ2b1RA/1gxTm6XoQ=,my library,Explore,online-playlist,1
P+Sxa9gtP8P8IQcpPGbwWmEFdrF16hTrtfXyfa5aGoI=,1PR/lVwL4VeYcZjexwBJ2NOSTfgh8JoVxWCunnbJO/8=,radio,Discover Feature,local-library,1
Y4FvDsosFNoz4ZHIAbuwgUBSFK8qY2oE5p7V8wymc/Q=,9tNXaK/yKJfTcoWLRFw6HXplizDxq4bFvzs3scmesCU=,radio,Explore,radio,1
Y4FvDsosFNoz4ZHIAbuwgUBSFK8qY2oE5p7V8wymc/Q=,u67UjhgKuy5EciXXCkJvpAYxT+l8agXUqFuD5Hs3STc=,explore,Discover Feature,online-playlist,1
YU6fAgCFgPkaJ1YSW2838KzGTxmBCfgousTO8jwuHYM=,B4o9XjQJPJGGJr63sxzS4LUoQOrNhyVU1DersrYXRlI=,radio,Discover Feature,song-based-playlist,1
B4P1g6sGBILzGhelH/YKkfpkFgWfn/LgS4KgU+bEaD0=,VqOqrfMxAOMwJpyfUSyWuPmHpMtSuzvrCvHgahApvDU=,search,Radio,radio,0
hYJpPvGod6vy09TnlXdQe3Q0vlxju5u5Ruf8V2XkTio=,LFxbY1lvAdJXl0Pa/SRc0GrBc6js3NobwKR2qsm1T/o=,my library,My library,online-playlist,1
EZmIP7zKgqKwpEHnuDjRIkzCmcLNlHn4hkiglZ5LxK8=,podlycp3c6tOEDw7q8iQBVgvFjiMpkWWXTlXljGdbTY=,search,Radio,online-playlist,1
Wg1bSRX3JtJ9ElarOhpbEaV5pu9lgTeS33mARTV+Sl8=,A0t3F/l/3A5UvyPnNQNkrwJuW4vH7f/ttZZ9ud7eWx8=,radio,Explore,song-based-playlist,1
xjA4Fs3CO4k3jQSXLFhn21zxTcYVRRRTzof3ZPn8KFg=,eW1d3l1sSncU4sGM69MJtIG79wnXbdy8FZKpFVElS0g=,search,Explore,local-library,1
3yBpYWqEybBPazsqB5NIhrXKCFe1Djn5orPBvxz9ArE=,7dUiqNIuyM+aDRJEw3+ZSYydeZGAQ1AAI0eOd0Nzh8c=,search,Explore,song-based-playlist,1
PC0HTwpYB4UtDaA1s7qlkmktEzeiz57VXvIJijk6ChQ=,opfHqJ0Oz4KsSqM5/TqBERkLI9DFnMD0Jywzh7XSE6Y=,discover,Local playlist more,online-playlist,1
AEZNdJt0QGYpBlT97tdnNaNHW5SqpgJb70TFmeZBYbg=,80hnDqhSe9u2uIaLvDh1tCbwryzDrsf789zgDDF+k+s=,search,Discover Feature,song-based-playlist,0
f2c4l3mhW4SmXKRP+OfPUdbQ4U8afe+gqcX9Dmh03Xs=,+cP03fE+hnJUB/v2PHLsD9UHBjmDIYvbuX+NrFqeudI=,discover,Explore,radio,0
p9Lk74DKfVohPHjTvzHSVQ3lRaqW2ofcBolP45FJgiQ=,g9qhCRIaFUnq4Z9HJcFQWHWRstWhK4NoB2sRPoD9iuc=,search,Radio,radio,1
OOUnJuX4SteRhUdJZ9B2DqtfiwsfcZVBefEhXLeBsFg=,gu/lHDjq6qqpU7r3CQkvRpGF9kqc2Mrn9CZhb7jrFvY=,search,Explore,online-playlist,1
08sWvzS2VVyKAVQRi6z4gxGxRQ0YQM0BXsXdVEKuzSQ=,fDBtAj8rHHCQGeSsDEeT0WA3gSp6p7g3z71981gFuQA=,explore,My library,song,1
Tb5tCteFbk+G5Jyvq9SqD1eAzgZ98WR/xOCvvjkNCog=,A8VVQOKrMDk0G8oU6z8qJ5Ggs5DneqlCpdoiKqKYIfY=,discover,Explore,song,0
A6DJoTdyfFVxhngH62vlscx6pJsakhdeNs2vDEVTfH0=,G21dv1ZiXpa7iO6UrKktIgqRdrvx7nLjRbRHGmtzGvQ=,my library,Radio,radio,1
hOyJGmY7tciqGf1EhDj5UT86IfSSnaTHP5JWAPxYN6s=,cVHsClcaUfj3ZPoqihH1Rd6ZSaDpa6UbdMDcyx8FfVU=,explore,My library,radio,1
H/MB+uttGlGIMr7qru4HYG4dVbh0e1mBuoryBOKz/RU=,OaEbZ6TJ1NePtNUeEgWsvFLeopkSln9WQu8PBR5B3+A=,my library,Radio,radio,1
SZ5NNypqaTWljFO1HiVZwkw3713+rM9x/JNdJd8/fzc=,U8VgelI8G461f4FVJHnavdn4zx7XjmSFcNHZ3Hru3TU=,discover,Local playlist more,radio,1
UjuPJCQo/YoGVR/yJ+CocmWUk2czJE0BBKqaPpVYV64=,DLBDZhOoW7zd7GBV99bi92ZXYUS26lzV+jJKbHshP5c=,discover,Radio,song-based-playlist,1
gxxBbzV3eE2XGjUrFVB2FzAve55Oe1s86HD+OEh36Gw=,1GI0GC3w9c0tDD2s0qP15DxrLUs9JX9XW6fKbY0rBZ8=,my library,Explore,local-library,1
0gR6Hl63ExurTrvY9uEfmgDDgRj0nBaIse0DU199YT8=,gG8cycpwQak+/chDrTlk8CXXIw4ztVIO1OhbdJBTav8=,radio,Local playlist more,online-playlist,1
gNqpBxDbTlhvjHhGUzkOXI7uwdcMfsUjThCFibPphkQ=,x0AQuGp6SHvaD/fLkk+6JzAp6zOUgd30Tx4oL3YBz5Y=,explore,Discover Feature,song-based-playlist,1
b5XWI+EhZTCGoQ6YK/SLu3tmCnKh8Z7wBK6Gztm49uA=,RxCEvZAXgnh1ZDlQBuVb/J9xpnopFSJBaBxLqGZIXSs=,explore,Discover Feature,song,0
P3tJU/DjIEbh0ucnC1KT8wojenDDSwx+blB8pFp/KeE=,0PSoBhrpfwF09qQKvTiItwZNPjOuyL0uoTazKevG8ls=,discover,My library,online-playlist,1
UGX+2jh3WO5XRuVOPuPCiIetzHlBjh0DPOLPeJSe36E=,ayL6eLHKSrmX4smFi1KbGMYrWI9EwsiErGjWUJ9CTrQ=,explore,Explore,radio,0
Xbrr2Sbq8NuLG+1QZWm/Iu5P52fUTvgspCYNG8wmfPQ=,DLBDZhOoW7zd7GBV99bi92ZXYUS26lzV+jJKbHshP5c=,explore,Discover Feature,local-library,1
mrjKYVskMUAksvPgRky/E2g/TiPdbpH1j5CCOzAC5RU=,6uCt0I6XmmXX7fta96XlZyxtSWXlTa2ZviRbxnDUa/w=,explore,Explore,local-library,1
FaH6rl69OOVwbsO30jjdjVXD9wJO8pcVZS6LGy5zTJM=,nW7czLK5LBcCT/uAo+03SyWAbaEEaSnXI5uxhC7QiBM=,explore,Explore,song-based-playlist,1
lFQM2AQ0IIifeOgmnRDSFEuWfh7XQZm0Z+O6K696CQk=,rFLawM8j/vW78o/S3P2GTsmy6HwkTI15P7NF/i9CkX4=,explore,My library,song,0
XkORogCcAwIoTSBptOED51tv9wXQ2WCEqGgvwqKsyU0=,aliCzBpL9zzI8nFr83ElP3cL4bdEPejIRtT7HY09fEs=,radio,Discover Feature,local-library,0
4aRFGkKzGUpqTbjojytAtRQNdx0egL02hjJhSqq0+NA=,VdVi5NKMJeRDsz4+3xvrpu66FNVTcQ4G26TXoUxW8bU=,explore,Discover Feature,song,1
0gR6Hl63ExurTrvY9uEfmgDDgRj0nBaIse0DU199YT8=,euRuXf+FKUosn295WoeqQbQJ4MQ7es1jJAQlmqZFA/I=,radio,My library,radio,1
YkG93vvIFdFWVWsYqT5w6t0X4uw9/RS03jqzhBzxFlc=,+cP03fE+hnJUB/v2PHLsD9UHBjmDIYvbuX+NrFqeudI=,radio,Discover Feature,radio,1
gxxBbzV3eE2XGjUrFVB2FzAve55Oe1s86HD+OEh36Gw=,s84FxzZB6F3J6VOD21RuFLngqi6nMsKA4txNXn+pbK8=,radio,Local playlist more,song-based-playlist,1
p9Lk74DKfVohPHjTvzHSVQ3lRaqW2ofcBolP45FJgiQ=,GKgBgCnz9R8OWDdGeYgQS0TPHe8no8VWvxj4+4PSjao=,my library,My library,song-based-playlist,0
8tSgHKzljg7TyPLYrU9L7CgHIdShVvyV/d6PccMRzhw=,QZBm8SOwnEjNfCpgsKBBGPMGET6y6XaQgnJiirspW7I=,search,Local playlist more,local-library,1
TxneOykZ/MOIbQmA/aJ4EUQUIR9r+Egt6TNQu0WgwpA=,uWfF+7Tl/V+phd01+33EDRjMiRZz4adW0bI/Mh194L8=,explore,Discover Feature,online-playlist,1
p9Lk74DKfVohPHjTvzHSVQ3lRaqW2ofcBolP45FJgiQ=,7XjSvrL47/EJD2mNR0e2Ja+ed/Dm0j35tKPQLiO2Hjk=,search,My library,online-playlist,1
AEZNdJt0QGYpBlT97tdnNaNHW5SqpgJb70TFmeZBYbg=,pkKADcjPLFdP9kX40L8dlmbLWkgUTqUB0LhurVLSTME=,explore,Discover Feature,song-based-playlist,1
yBXKYfcmQ+TtIEvkLQXabAY2uwudIGn21dEZYAwCDCg=,fLcg1JwIF80DBi1D5gheP1WuO4IXt4HFSd19TZ6y61M=,discover,Explore,song,1
UjuPJCQo/YoGVR/yJ+CocmWUk2czJE0BBKqaPpVYV64=,uaU3VI7KA2xoQkGkSC4NNOMFmHL9R85kdR7eyY5Pc9M=,search,Discover Feature,song,0
dU4RbzpIRRd/EkA9Xncpy9CglzDBZp7nKMfdnfr3Aj8=,zcieWa7/2VeVp0m0fa95RI3i6FIfNTMzVvYXm3X64Y8=,search,Local playlist more,local-library,1
TxneOykZ/MOIbQmA/aJ4EUQUIR9r+Egt6TNQu0WgwpA=,i7p594HsKb4cYynsE1a80PmSBL9bFI2dmBu16bwdke4=,discover,My library,song-based-playlist,0
3TZaybijIyaqU3P+moI/mzFWcAj6aR0p7bmxLT9iRq8=,n+pMhj/jpCnpiUcSDl4k3i9FJODDddEXmpE48/HczTI=,my library,My library,radio,0
16pGH8W1JKJTrQSZDX3gQY57S3FiO4YJheGRiYbONsU=,opfHqJ0Oz4KsSqM5/TqBERkLI9DFnMD0Jywzh7XSE6Y=,my library,Discover Feature,online-playlist,0
s8Oce1igq03hako2pQCfeXyPVkBs77ArjdrZEQAjpbk=,EH+nzRuSscqbP1Xd8ulzTMCGLEjqdzdxCaR8Fgyh6VY=,explore,Explore,radio,0
SZ5NNypqaTWljFO1HiVZwkw3713+rM9x/JNdJd8/fzc=,ClazTFnk6r0Bnuie44bocdNMM3rdlrq0bCGAsGUWcHE=,my library,Discover Feature,radio,0
KXS4mDTuweetiTTxgkbg8uohB20KUXvkXz6g4l3r40c=,gffrcQ9mFCfCwM4Gx7ArXpR8J749p3tfh/tM0chIODo=,radio,Explore,online-playlist,0
UjuPJCQo/YoGVR/yJ+CocmWUk2czJE0BBKqaPpVYV64=,M0vkEMBlcbeVSWQQx/6FtXbJ57IiCw27TW8/vmSayk8=,my library,Explore,song-based-playlist,1
wobMEyGx2iCkFu27/HPRJIky3S8tO/rS8Rr+tsvEe0k=,kHpEHXKwwG+dwmOR2NnvrXwsE24vqD7n40tcNQE/niQ=,my library,My library,song-based-playlist,1
Tb5tCteFbk+G5Jyvq9SqD1eAzgZ98WR/xOCvvjkNCog=,TVtxD8qAAl8KeA5CU+1c4Pg6+/PR3vK2vYMnY/eSGho=,search,My library,local-library,1
8ncKS6kWM+oSslEfrPcRMcHq5VVQqBcbWoQ0FHlDgPA=,KZ5hwP74wRO6kRapVIprwodtNdVD2EVD3hkZmmyXFPk=,explore,Radio,song-based-playlist,1
B4P1g6sGBILzGhelH/YKkfpkFgWfn/LgS4KgU+bEaD0=,fEAIgFRWmhXmo6m3ukQeqRksZCcO/7CjkqNckRHiVQo=,radio,Explore,radio,0
Ty59+gs+lfVbfm1T/SDqLmbFhtkAP4Mm75uYiaKZ6kk=,c2bp6xlq7o3Pj6x95ddX67S/wGsP6qPN/8PqM1DL0a8=,explore,Discover Feature,song,1
DqwB7smOAIbNnnQbWOpfsmy9znTwfDEQCW1I6ujFG48=,T86YHdD4C9JSc274b1IlMkLuNdz4BQRB50fWWE7hx9g=,search,Discover Feature,song,0
xQp8uu2ljPWqokw6Eg+4TCB/GUC/EZwFMcapcleGiDw=,etnpvFVFCKje9Br8nB2pWWlaMRVwN6euSQc9+7ZnXR4=,explore,Radio,radio,1
LThaiVqGGnVTPmTcmwN/LLo4fVb5dzkduzd7s1SgzIA=,JTMsJNPcL2ambkp1Z/MeBEnFEzZEOKetdLPrJxHf7v8=,search,Radio,song,1
xEeMEDdDCvfLGt6eoayVgVh48nLdPvEm1XzwzY6lT58=,cVHsClcaUfj3ZPoqihH1Rd6ZSaDpa6UbdMDcyx8FfVU=,radio,Explore,song,1
3TZaybijIyaqU3P+moI/mzFWcAj6aR0p7bmxLT9iRq8=,B2jGIdcFp/C/jeFaJdOwrw72q0kEetFFo+fReLkd6o0=,explore,Radio,song-based-playlist,1
aMB9nC9PVKXsk/K++qMMG0in0dvk2XiUFuAnr10qiac=,G0rUz0kguI35yzj95LX2BXI30PqCcJJtPNfirR0BhIs=,radio,Local playlist more,radio,1
lfK5QUAaa28niDIyQ2oGkSntvSe7G5EmQ1N6nvnE8lY=,H9SPhwq9W0h/3XECeWOjmDRiVN7V5bxTLFlOqWDcqrI=,explore,Discover Feature,song,1
TO253iXvHroemKYZ23M7YL7uu6Um4zEwByNl4wcpIYs=,QZBm8SOwnEjNfCpgsKBBGPMGET6y6XaQgnJiirspW7I=,explore,Explore,song-based-playlist,1
OOUnJuX4SteRhUdJZ9B2DqtfiwsfcZVBefEhXLeBsFg=,NDtiB0N12yjIn9D9reqXF8NPPCq6vMNhOwd9A/c3qd8=,explore,Explore,song-based-playlist,1
16pGH8W1JKJTrQSZDX3gQY57S3FiO4YJheGRiYbONsU=,jpq9yBIzCyyWbLcrGFWHYyXpFZ8N4b9FgKC4qFj04gk=,radio,My library,local-library,1
yBXKYfcmQ+TtIEvkLQXabAY2uwudIGn21dEZYAwCDCg=,SKRQpz3EM5UIxT2LCGzK5k0aYg4QtyHWtr0L/EK6By8=,explore,Discover Feature,radio,1
nAiRf+UmYT7ZWIOUF6Ig3D0FDVIVpSgUb+H40Vg1eQU=,SEXmGAIKrBLJvU2yqL7G0KUkKq81WgLwrzy/GHyPjYE=,my library,Discover Feature,radio,1
wIeuCRmznzwE6bVrKuo2QRfkztVfQVEYMNaugLCPTS4=,d2k4F/IYpmudgfCxsRAXVHBdYHPfcWmhCYmjdXxigLE=,my library,My library,song,1
9wwJC2y3YDYTilHnM+uYnPS7GCxV625Hs4VZ7sc6OKY=,G21dv1ZiXpa7iO6UrKktIgqRdrvx7nLjRbRHGmtzGvQ=,discover,Explore,song,0
FG+WikEK8x1GZIB4E2keTq2SJX4bXjFjG5gkjc8qbcw=,OakhL7CLirelAGEP9sYyP6fmTa8HV1mD/qVdpM6o5uE=,explore,Explore,song-based-playlist,1
TO253iXvHroemKYZ23M7YL7uu6Um4zEwByNl4wcpIYs=,jZVQRajq2WbbIoSiF5MSCyJKgTt7tpITHayD3PYKg88=,explore,Radio,radio,1
Jc84woRFJuyMAC6hDcH/Rr84MGq9ucuxeZveZ00kI5o=,skehue/d/R59G71dXYpntDwdjRRPlweN3JE8g40TgZU=,explore,Radio,song,1
frZtrrN1Y2ZqZX3VFiq7FpAvLth3kZJNovT9cmyn2O4=,w4Zku7HxtkAKl/BB8H81ZfWOXwnnmVbZBvFZeRPuRUU=,search,Local playlist more,song-based-playlist,1
hzy7RwzEVDm4JmC0X2qLUvnoE1+2zNTEea4fOe/o6ms=,338YQI2OhQDjVCbuAJ2t0PQtzDG8KRSFdB69kiwt3CM=,explore,Radio,local-library,0
K7obY5lUlZTd6a/byE9NG/e7Q/dlgHfppLbYk8OL7os=,G0rUz0kguI35yzj95LX2BXI30PqCcJJtPNfirR0BhIs=,my library,Radio,song,0
w4SNbHDAMuMbulkgcHGYOl/datijVua3CR5D73DylLs=,95c7DAPEYsXPp72TZ4teA4ErdV1TNjajZcdk/if6AVM=,radio,Local playlist more,online-playlist,0
dO8vzPwqXvOjrPWDW++gVecwTNnzesp3zW1dtRc6KEk=,G21dv1ZiXpa7iO6UrKktIgqRdrvx7nLjRbRHGmtzGvQ=,radio,Radio,song-based-playlist,0
Bljj9o7B1zgL0RIpZef1SlSigiTIMr0mDPv7aUyzuXo=,f0Yvo22LVUbRIlICXcEEym7IYNVjUqghZryP6Vf103A=,radio,Discover Feature,radio,1
Mue3orxlJaHmK07bXWDrchFW1f/Or6TLVfMwx9fO9aA=,A0t3F/l/3A5UvyPnNQNkrwJuW4vH7f/ttZZ9ud7eWx8=,my library,Discover Feature,song,1
Jc84woRFJuyMAC6hDcH/Rr84MGq9ucuxeZveZ00kI5o=,7vGvrf5l1XzNbeLZXzQgaNvc2VBmncarpN3LQpLUZiY=,search,Radio,song,1
3yBpYWqEybBPazsqB5NIhrXKCFe1Djn5orPBvxz9ArE=,bTlSHgnwaBMIKHseTFHanJ3Zr4x82ybrGkexpnxDhTY=,search,Discover Feature,online-playlist,0
Y4FvDsosFNoz4ZHIAbuwgUBSFK8qY2oE5p7V8wymc/Q=,1PR/lVwL4VeYcZjexwBJ2NOSTfgh8JoVxWCunnbJO/8=,explore,My library,radio,0
a4aEMKA1bMIwfCarB0qN+Fjag8swMwFfXm6ri5KJvms=,JgOfPnluwAsKhpdLQgbfoSHpaZ74zcWYPqhhvhmFAtY=,discover,Local playlist more,song,0
08sWvzS2VVyKAVQRi6z4gxGxRQ0YQM0BXsXdVEKuzSQ=,+cP03fE+hnJUB/v2PHLsD9UHBjmDIYvbuX+NrFqeudI=,explore,My library,song,0
7xiBI5xU3P2/IiR9teB7jySfzWo96JGikGajteLd3Cs=,WTTcFYZNyqe1dL6Rm+jQMLx/tospfRR+PhD1OFix1mQ=,search,My library,online-playlist,1
vBNHobQRQsofef7+9NZk4C6Y6T2PBXSGXUbn6c8UOcg=,A5cw2rib82lWjtNFr3bxQysyjPVpiYlgmnULDQ8X0BQ=,search,Discover Feature,song-based-playlist,1
TxvdtN1Ehq4kbgU5J7lw+ik6Pc0NZjnQKARPiCCf0fk=,YBrWf/Hac5La5V2HZ80Mi70NzUcTehVDWhkIp8h4Klg=,radio,Explore,local-library,1
00qmlWC3H/cjf2Ig1li5xIO0VNDRgBX0f9ilouDBEZs=,yCNGVHLlA+gdUm0RfeIm1xAYXFugchHvED5JVerYSWM=,radio,My library,online-playlist,0
pJxMd9PL/N7CdwTwKu3YqiqYSRAJHuejlrTonaPfPfU=,9W/H8tPBKQ7VWmBctuQ6RabciYdr1l+/kg1YPDcPOlU=,explore,Radio,song-based-playlist,0
08sWvzS2VVyKAVQRi6z4gxGxRQ0YQM0BXsXdVEKuzSQ=,rcPNzl8xjj74tjZDop961+ugDVJKx4mdgh7L1xJ85FI=,my library,Radio,song,1
frZtrrN1Y2ZqZX3VFiq7FpAvLth3kZJNovT9cmyn2O4=,FaTUlIiCh/6sEOasPm1vgIk9XqavgSGgRGYuOkzTF0o=,discover,Radio,radio,1
2tmUzRCcD0l3et0ck9XfxZT6gT9LM3w8gwfckVNylIU=,8Ckw1wek5d6oEsNUoM4P5iag86TaEmyLwdtrckL0Re8=,my library,Radio,radio,1
lFQM2AQ0IIifeOgmnRDSFEuWfh7XQZm0Z+O6K696CQk=,aliCzBpL9zzI8nFr83ElP3cL4bdEPejIRtT7HY09fEs=,discover,Radio,song-based-playlist,0
f2c4l3mhW4SmXKRP+OfPUdbQ4U8afe+gqcX9Dmh03Xs=,oTGg75yjTAP0grXmGld3EUD0b/b9u7lW2JyUX/mBiXI=,discover,Local playlist more,online-playlist,0
o6lVTGcU8lL0OI4fOMWc21THJHoOjqxxYlYACoyTN6g=,HsgJXv1C7iVZiP7CWwWTfsmMhia6Huc0MUccfj+D02o=,search,Explore,online-playlist,1
UvM0IMLJ11PTOjdjhqapNQmHcbttfsiyv5+dtIR2IK0=,BITuBuNyXQydJcjDL2BUnCu4/IXaJg5IPOuycc/4dtY=,search,Local playlist more,radio,1
n7V1D5AuwLykWxCzsU1eNPSyxVbrSXs6IXiWF2zN0gY=,pHaz1pjrzfa+p9u7Ga2ngsEhHUyUgT1Npouo+nP6e8s=,radio,My library,song-based-playlist,1
lfK5QUAaa28niDIyQ2oGkSntvSe7G5EmQ1N6nvnE8lY=,y/rsZ9DC7FwK5F2PK2D5mj+aOBUJAjuu3dZ14NgE0vM=,radio,Local playlist more,radio,1
BNSYbtaNNCYfKVig95LpQJArTEx/RN2FgivSohB8r8M=,DKGm2awf1TsLWeXqpDfVVQf5M2qPmcxI9Dwxz+45Qqs=,explore,Radio,song,0
4abUL+lw0T5WFbdgeEyj8UHqyYxA7Exgw2tWiDJVSwY=,T86YHdD4C9JSc274b1IlMkLuNdz4BQRB50fWWE7hx9g=,my library,My library,song-based-playlist,1
R7AyK9ZUi5d21sCDumgghXW+TNacd/qN0dNMa0C22pA=,M9rAajz4dYuRhZ7jLvf9RRayVA3os61X/XXHEuW4giA=,radio,Explore,song-based-playlist,1
00qmlWC3H/cjf2Ig1li5xIO0VNDRgBX0f9ilouDBEZs=,4brTUuIjK24sVlWzSLLL33b3JbwhNVfaDo7vvBt9FCQ=,my library,Radio,radio,0
KXS4mDTuweetiTTxgkbg8uohB20KUXvkXz6g4l3r40c=,wxghAK3cq1rb0Kkyx6dSxzKGYadE8TQWF9L6dq9B1Is=,explore,Radio,radio,1
R7AyK9ZUi5d21sCDumgghXW+TNacd/qN0dNMa0C22pA=,JP0GJixHOHSNDsjKiQY2ttQKbDmWSk35JMMfPtR06BM=,explore,Local playlist more,local-library,1
o+5RNlSWrzvrphgBNGIo1FLkGxBgyICns6qXj3nS7Pk=,VkILU0H1h3NMmk9MQrXouNudGk5n8Ls5cqRRuBxeTh4=,search,Discover Feature,local-library,0
n5v6IqRk4CZnELtP0Z2et7EZrdPicfyhvD2gIdq1Mcc=,opfHqJ0Oz4KsSqM5/TqBERkLI9DFnMD0Jywzh7XSE6Y=,explore,Explore,radio,0
E3yiQ2d5+KiGkm622V73IRgukx9qXPYJIpG6xWF/lF4=,DT35ri8FZuj7PGLxW/PhK5lt+CFVV85jDqPrBz6kixc=,search,Radio,song,1
R7AyK9ZUi5d21sCDumgghXW+TNacd/qN0dNMa0C22pA=,un97bVjGL490RQbl8kr/58qbzkeuFBGMnXFRst9RArs=,radio,Discover Feature,song-based-playlist,1
3nWFLb+IVt1+0JcM73g0wIG2AHtyhsI5RlG7gHziOFA=,B2jGIdcFp/C/jeFaJdOwrw72q0kEetFFo+fReLkd6o0=,search,Local playlist more,radio,1
sgT7F0PbR9/iCyzeSzcl//+E+fK3CeZmM1deeeJ5rZ8=,T86YHdD4C9JSc274b1IlMkLuNdz4BQRB50fWWE7hx9g=,my library,My library,radio,0
Xbrr2Sbq8NuLG+1QZWm/Iu5P52fUTvgspCYNG8wmfPQ=,h90KlUZE/mlkkPjhbhz3hXY1zvOhqJXuiKBoFWnTDAo=,explore,Explore,song-based-playlist,1
T+FJrpYi77CWTUE5nO/vliojRaTPgt2bRUQHy5lhXrQ=,hme5eV1flIR0iLiRc0XRKQHssHaz7palP92OutFelak=,discover,Radio,online-playlist,0
p9Lk74DKfVohPHjTvzHSVQ3lRaqW2ofcBolP45FJgiQ=,x0AQuGp6SHvaD/fLkk+6JzAp6zOUgd30Tx4oL3YBz5Y=,my library,Local playlist more,local-library,0
OyELWVNKZMJtqg+BFArzAokp8bn+pGhBWbCZaxyLIus=,BgqjNqzsyCpEGvxyUmktvHC8WO5+FQO/pQTaZ4broMU=,explore,Discover Feature,song-based-playlist,1
4MSFgArmrrq1abQEeuHkmNQjEkqn5r/Z6/LNObSm3xc=,1PR/lVwL4VeYcZjexwBJ2NOSTfgh8JoVxWCunnbJO/8=,discover,Explore,radio,0
Xbrr2Sbq8NuLG+1QZWm/Iu5P52fUTvgspCYNG8wmfPQ=,R0OblQ0po9uQ3LqOiECHcoyAupHbLkslFkvX52Ukhek=,search,Explore,local-library,0
EZmIP7zKgqKwpEHnuDjRIkzCmcLNlHn4hkiglZ5LxK8=,i356q8t0P9emMJq8PsFkY6CGoi34mP3cgXuDpfEDyhY=,search,Explore,online-playlist,0
VE8ZRudqIj9zHOSXxGg3cLOBkbykv78DwWN6IXRusWo=,cy10N2j2sdY/X4BDUcMu2Iumfz7pV3tqE5iEaup2yGI=,explore,Radio,online-playlist,1
16fsOt7imefLSFsV7mWoP1AL+bpjP1NuWzQ5QP9tj8k=,22wN6a2Q/qVQosA8OBfVg6AbwvI2KJnZ35DXLqpLHJg=,radio,Explore,online-playlist,1
5LGtbWKwKifap3ECM6HO04gPY339RM0oF7D/MfWzUxg=,8Kn45Wt6j2eOQSYFai72rdxvmy6rXFGXCcbi92hzOAY=,my library,Local playlist more,radio,1
+3RfkckBHS0oQrrjJj7p69bdwJak+qzKq0fhFaeXUxA=,WRuHbl8CJbAuzUb4f/88Ly6IXif+IVVWolkp33Nm8wI=,my library,Local playlist more,song-based-playlist,1
saNgxsUQwx4IXBRgFF0w3uJN6KzvQBEv3dI7dDaz97g=,uaU3VI7KA2xoQkGkSC4NNOMFmHL9R85kdR7eyY5Pc9M=,radio,Explore,song,0
Xbrr2Sbq8NuLG+1QZWm/Iu5P52fUTvgspCYNG8wmfPQ=,jRzcNOC0WGSfwQmr9ZP5mxiPYxAdkGrPFGc0GvS1dOs=,my library,Local playlist more,song-based-playlist,1
p9Lk74DKfVohPHjTvzHSVQ3lRaqW2ofcBolP45FJgiQ=,2uFTn3kDES2C3JeqzV4cpSAGQ756GFK0XajzEDLqER4=,search,Explore,song-based-playlist,0
6bwk5TTaA1YSOmPoxDgBBlV5CrZJEar2C6SxwT5nDrU=,aliCzBpL9zzI8nFr83ElP3cL4bdEPejIRtT7HY09fEs=,discover,Discover Feature,online-playlist,1
mGDObQQojFOJfK2rJKcme282huuk0qDxBzWL22/qYbc=,GQqErVwbH/YaifR6wl2S6prosRVHhwGO2/Aq5aIJLA8=,radio,Local playlist more,local-library,0
f2c4l3mhW4SmXKRP+OfPUdbQ4U8afe+gqcX9Dmh03Xs=,dBblcCblxZ/fqu94pTStU055+hRvF2oiyDEq0qHIfiA=,search,Local playlist more,local-library,1
lSkUSnCm60kDLdEsnAVp6jwr2HkyIhDCEZLX82djjHg=,Z+mhovcYbExPp66GnBecKttDRM5S5YCAw9vzJACsQAU=,search,Discover Feature,song,0
EDSn8rAs8qjUvqhhFG5diTbaVbJi8qkoKXeMzf2JGVQ=,aliCzBpL9zzI8nFr83ElP3cL4bdEPejIRtT7HY09fEs=,discover,My library,online-playlist,1
UhqjLSMwLYzjZFDyYQF6A33phr0tPNXyu7+I08q/u8g=,r4lUPUkz3tAgIWaEyrSYVCxX1yz8PnlVuQz+To0Pd+c=,discover,My library,song,0
saNgxsUQwx4IXBRgFF0w3uJN6KzvQBEv3dI7dDaz97g=,UQeOwfhcqgEcIwp3cgNiLGW1237Qjpvqzt/asQimVp0=,radio,Explore,radio,1
4tuTIArXO3WO8/zS9y2CC34ywEfChjAKUchlKW00DMM=,hme5eV1flIR0iLiRc0XRKQHssHaz7palP92OutFelak=,search,Local playlist more,song-based-playlist,1
vSstkkQzt3KMmyvh0MGHpXpgzHO6kobAYipy6ik6HB8=,MtFK4NN8Kv1k/xPA3wb8SQaP/jWee52FAaC1s9NFsU4=,search,Explore,radio,1
PC0HTwpYB4UtDaA1s7qlkmktEzeiz57VXvIJijk6ChQ=,JgOfPnluwAsKhpdLQgbfoSHpaZ74zcWYPqhhvhmFAtY=,search,My library,song-based-playlist,1
qljEWgpUDxIw7Lpc9mpZSYjpH+RmsE3T6s0x852lzRY=,k8DZF0FFuy2GydI7mnH1tH50pFcEQMPYVD/A7Y/T0QI=,discover,Discover Feature,online-playlist,1
VE8ZRudqIj9zHOSXxGg3cLOBkbykv78DwWN6IXRusWo=,A8VVQOKrMDk0G8oU6z8qJ5Ggs5DneqlCpdoiKqKYIfY=,my library,My library,song,1
FGtllVqz18RPiwJj/edr2gV78zirAiY/9SmYvia+kCg=,LBnwicJLcepb/l8c68qpMRJIaUcm1UvgtKEfQwITrpI=,radio,Discover Feature,radio,1
gxxBbzV3eE2XGjUrFVB2FzAve55Oe1s86HD+OEh36Gw=,uzU6ntNZT60j0CqFNXTpF6Oo8W3w5UwU/ANEODidW04=,radio,Discover Feature,local-library,1
rEVqJ3NIxC9LSUZYOj1ft5VSAvFo3AxNu2k36hKKtWc=,/RYwZD+IL/0YEgpu71HgW9q6c2A80gr/fC/j0BmYGvo=,radio,Explore,online-playlist,1
wv0o115CdKSsFlsV7VvHikjyxLG0LFc5qALhM8xkUZ4=,r5BnHxvuPlLjwr4MHf3dF3yUY+NVS6rHrkVG7wVZ1uE=,explore,Discover Feature,online-playlist,1
xjA4Fs3CO4k3jQSXLFhn21zxTcYVRRRTzof3ZPn8KFg=,+WZeyJdxSPcag6xHLPjJOfJoc1haKiC4j0BcbZHG5ig=,my library,Local playlist more,local-library,1
00qmlWC3H/cjf2Ig1li5xIO0VNDRgBX0f9ilouDBEZs=,Knq4ruFJI2OJlOtotwq3fuWueMlXcUeS3oxVEYlKoC4=,my library,Discover Feature,song-based-playlist,1
gxxBbzV3eE2XGjUrFVB2FzAve55Oe1s86HD+OEh36Gw=,dBblcCblxZ/fqu94pTStU055+hRvF2oiyDEq0qHIfiA=,search,Explore,online-playlist,0
oqovZIlVcIUL0aIMGYtXxy3R+xJcxmJBJUXeIb+HJYA=,Ujt3R5hAe0Pix2mURuC+CO6aazhCvEU2lByPzy3E90k=,explore,Discover Feature,radio,1
a6uMxhS43vQ++TrVP3jdHT4lFfjw61SlIsCkvigQ5ro=,2xoPPf/RyHAxRqSSP41itnzRofW3noLzFLGfmvREFQQ=,explore,Radio,radio,0
mGDObQQojFOJfK2rJKcme282huuk0qDxBzWL22/qYbc=,TIwOs7iFTKo3Cy2yiNReYYcZc1JyAx+0k08+z97k1dA=,discover,My library,radio,0
+boPBM5G5+vAfbO6zTy7A2FrVQyl91aBPGHkQ6ciNYc=,BwDDym6Tp7EnGudWBGJyjONZeX0/4ndu5PETiPWzav8=,discover,Explore,song,0
Mn98O4X/zceMt9nswcoq08F16ciCqhuN7lQ951MAL2o=,e/upMhPFcXl3Rxq0Us1abr0FcThlZOeqKJhBobmltBU=,search,Discover Feature,song-based-playlist,1
saNgxsUQwx4IXBRgFF0w3uJN6KzvQBEv3dI7dDaz97g=,GKgBgCnz9R8OWDdGeYgQS0TPHe8no8VWvxj4+4PSjao=,search,Radio,song-based-playlist,1
Bljj9o7B1zgL0RIpZef1SlSigiTIMr0mDPv7aUyzuXo=,e/upMhPFcXl3Rxq0Us1abr0FcThlZOeqKJhBobmltBU=,explore,My library,song-based-playlist,0
00qmlWC3H/cjf2Ig1li5xIO0VNDRgBX0f9ilouDBEZs=,A0t3F/l/3A5UvyPnNQNkrwJuW4vH7f/ttZZ9ud7eWx8=,radio,Radio,radio,0
K7obY5lUlZTd6a/byE9NG/e7Q/dlgHfppLbYk8OL7os=,Hl6EBpUuCKh8k8Mzao5hml03O4q0syx+7atSC3vEvok=,my library,Discover Feature,song,1
saNgxsUQwx4IXBRgFF0w3uJN6KzvQBEv3dI7dDaz97g=,JRa3KgSwWDyY17usXoi6jN8O6v6t6Tq4xcwjbUkbQFQ=,search,Explore,local-library,1
R2FvE4x+hefwL4evbgNGNCng13c1MkP3PHocNtU91qU=,e/upMhPFcXl3Rxq0Us1abr0FcThlZOeqKJhBobmltBU=,explore,Discover Feature,song-based-playlist,0
FaH6rl69OOVwbsO30jjdjVXD9wJO8pcVZS6LGy5zTJM=,WTTcFYZNyqe1dL6Rm+jQMLx/tospfRR+PhD1OFix1mQ=,search,Local playlist more,local-library,0
3i0jlUKhqqUKqFsoJVgN2UcDOuri7fCiE33XUCnKHXo=,U9kojfZSKaiWOW94PKh1Riyv/zUWxmBRmv0XInQWLGw=,explore,Discover Feature,local-library,1
H5DWyI7bujtol5aU1pzvLdfBAs45Ym/5jicdUlerf2s=,8ZT1ADO1qNipe/T41z8XASvyZRgdBUL5oung7zV5am4=,radio,Discover Feature,song-based-playlist,1
rdNI0wgxmcsOgjH0akX2/zzW8qbDZc45D681Mpq45jI=,n+pMhj/jpCnpiUcSDl4k3i9FJODDddEXmpE48/HczTI=,explore,Local playlist more,song,1
8tSgHKzljg7TyPLYrU9L7CgHIdShVvyV/d6PccMRzhw=,ra6TLz6Y37OSFOqg4aCvjV7nalatCwZdQvoJRMwSNvk=,radio,Radio,local-library,1
H1D92jYJ3GyJWLmt3ZAE3QgxgfCCit8WTsT7+KwS+vw=,VdVi5NKMJeRDsz4+3xvrpu66FNVTcQ4G26TXoUxW8bU=,explore,My library,song-based-playlist,0
WtuOpsYQ8St9zt7yySdryqDUCxeT4/v2rLRA7+lsahQ=,IomyG8OwXU9lWvede4KdHxtUZ+eppEdusnOCDDok36g=,search,My library,local-library,1
YYdQJgjemCT/fAv8s+CwfmgDprAQOneJ2M2SdArq9V4=,L6w2d0w84FjTvFr+BhMfgu7dZAsGiOqUGmvvxIG3gvQ=,radio,Radio,local-library,1
XkORogCcAwIoTSBptOED51tv9wXQ2WCEqGgvwqKsyU0=,aliCzBpL9zzI8nFr83ElP3cL4bdEPejIRtT7HY09fEs=,explore,Radio,song-based-playlist,0
UTAElx4+rSh2QViTKHQhC40cphX7ZIYafAOMJOJCshY=,L6w2d0w84FjTvFr+BhMfgu7dZAsGiOqUGmvvxIG3gvQ=,search,Discover Feature,online-playlist,0
UhqjLSMwLYzjZFDyYQF6A33phr0tPNXyu7+I08q/u8g=,Y2CFnBr/mdTuaxOu3vKcbuUBE0UmhAIx+Pkgazp+j4c=,radio,Explore,online-playlist,0
EBXSMA3gzTff0F01n56dHSBQR/IDWiwuw5S+ksPgTc0=,WRuHbl8CJbAuzUb4f/88Ly6IXif+IVVWolkp33Nm8wI=,my library,My library,song,0
0gR6Hl63ExurTrvY9uEfmgDDgRj0nBaIse0DU199YT8=,jZVQRajq2WbbIoSiF5MSCyJKgTt7tpITHayD3PYKg88=,discover,Radio,song,0
O3ElkgfVd3DoJysnWAIgIPF4N3Y9LPmlm+aC5G+UXGY=,pHaz1pjrzfa+p9u7Ga2ngsEhHUyUgT1Npouo+nP6e8s=,search,My library,radio,0
H/MB+uttGlGIMr7qru4HYG4dVbh0e1mBuoryBOKz/RU=,gvHR5iZ5GWVYZBMTQFo/k0LB3Hh2RDUNhDgOCzICosE=,radio,My library,song-based-playlist,1
uQ6LOBwmu7lIjv+wFaq5+M4IcAZEha2J0uyDB6Y8aqY=,kE+FVLsG03zTzYoGVDqTmVkoSKC9DjJwQr2puF6MkOI=,radio,Explore,local-library,1
00qmlWC3H/cjf2Ig1li5xIO0VNDRgBX0f9ilouDBEZs=,pCf4HI+z4rQsY9FF79m+Sojnl207qtHqtOWU2VFW1ZE=,search,Explore,song-based-playlist,0
BNSYbtaNNCYfKVig95LpQJArTEx/RN2FgivSohB8r8M=,b7yydI1iGdF/kFybrbVHHDXeI/9stzEWK1i77MLj4rU=,radio,Discover Feature,online-playlist,1
UjuPJCQo/YoGVR/yJ+CocmWUk2czJE0BBKqaPpVYV64=,rFLawM8j/vW78o/S3P2GTsmy6HwkTI15P7NF/i9CkX4=,explore,Explore,song,1
J/KdXo5kGQs+dRxYam3/tZlwhl7ZX+sYvvCdjg8Tqzg=,Wi0kjTBakpXIWBbaT++vmtjDSEo06lhfiVO4KMSF5jc=,explore,Discover Feature,online-playlist,0
J/KdXo5kGQs+dRxYam3/tZlwhl7ZX+sYvvCdjg8Tqzg=,TYhx9eqWklddkLQlApQ5MS9jJCO4H3JHdpISZ3kZSRE=,discover,Radio,online-playlist,1
YU6fAgCFgPkaJ1YSW2838KzGTxmBCfgousTO8jwuHYM=,oAfWzsEYsibZUgmlL8NNYoO0aB4gSyU2tfsQvQp+7f4=,discover,Discover Feature,online-playlist,0
UGX+2jh3WO5XRuVOPuPCiIetzHlBjh0DPOLPeJSe36E=,h90KlUZE/mlkkPjhbhz3hXY1zvOhqJXuiKBoFWnTDAo=,radio,Explore,radio,0
TDHfjwkLrnoorqjTUFtlzSL47Yl1oEBpHM8k7qHrIdI=,dKfxhaRKwvhiYOUQ5JlkxQrJ/dDksdFueybCIdG5dXI=,search,Radio,song-based-playlist,1
5LGtbWKwKifap3ECM6HO04gPY339RM0oF7D/MfWzUxg=,GQqErVwbH/YaifR6wl2S6prosRVHhwGO2/Aq5aIJLA8=,discover,Radio,local-library,0
p9Lk74DKfVohPHjTvzHSVQ3lRaqW2ofcBolP45FJgiQ=,DLBDZhOoW7zd7GBV99bi92ZXYUS26lzV+jJKbHshP5c=,my library,Explore,song,1
tNvUsQwOJX5OgGsBBN9to3vI+DoUc6S1BFgNXUaYoo0=,uWREia5CNSoapbU9+BpqQxlSfntw1J/01HQGpVxFiM4=,discover,Local playlist more,song-based-playlist,1
zYTm2T59lT+Z/hpoywdET+EGMcRhwi4rzL7WD09iRC0=,LBFRdBacp7Ob6Ada2N7uCQ47DhiNT2KjUtwOA7oSm7I=,my library,Local playlist more,song,1
P+Sxa9gtP8P8IQcpPGbwWmEFdrF16hTrtfXyfa5aGoI=,VkDBgh89umc9m6uAEfD6LXngetyGhln4vh/ArCGO0nY=,radio,Radio,song-based-playlist,1
H/MB+uttGlGIMr7qru4HYG4dVbh0e1mBuoryBOKz/RU=,1PR/lVwL4VeYcZjexwBJ2NOSTfgh8JoVxWCunnbJO/8=,search,My library,local-library,1
Y4FvDsosFNoz4ZHIAbuwgUBSFK8qY2oE5p7V8wymc/Q=,JiHWUXkERiCPai7GKXVal+Cns8SWC8Ft0+5NKSQdbfU=,search,Local playlist more,online-playlist,1
QDvq4xn7ZSBkamVnc8nL672oxKVqcR2zdgRGQf0giXs=,KZ5hwP74wRO6kRapVIprwodtNdVD2EVD3hkZmmyXFPk=,explore,Explore,radio,1
JoGt+PgRGKHAhTQnaRqQygBWdDwGE6gdPbeGiGP4/Lc=,r5BnHxvuPlLjwr4MHf3dF3yUY+NVS6rHrkVG7wVZ1uE=,search,Explore,radio,1
tiYOcOjJ0qgAJDL3hTboZye11uT8tBbNTscBDWxCWLw=,nW7czLK5LBcCT/uAo+03SyWAbaEEaSnXI5uxhC7QiBM=,radio,My library,online-playlist,1
wobMEyGx2iCkFu27/HPRJIky3S8tO/rS8Rr+tsvEe0k=,fDBtAj8rHHCQGeSsDEeT0WA3gSp6p7g3z71981gFuQA=,explore,Radio,online-playlist,1
vBNHobQRQsofef7+9NZk4C6Y6T2PBXSGXUbn6c8UOcg=,wp1gSQ4LlMEF6bzvEaJl8VdHlAj/EJMTJ0ASrXeddbo=,explore,Discover Feature,song-based-playlist,1
YkG93vvIFdFWVWsYqT5w6t0X4uw9/RS03jqzhBzxFlc=,RiJp0d9j7dfyZ/pyUPtWLXiVp77iitN5lUQTR6qjEOg=,discover,My library,online-playlist,1
a3O5che4tB5RTo8XoApn10uQ+FpVjTNwJfNrrQyaMXk=,35dx60z4m4+Lg+qIS0l2A8vspbthqnpTylWUu51jW+4=,search,Local playlist more,song-based-playlist,1
n7V1D5AuwLykWxCzsU1eNPSyxVbrSXs6IXiWF2zN0gY=,KQkL3RbSia9p7I5H9wrdEFmQZSJEZc64kpnzDUUEe84=,explore,Discover Feature,local-library,0
UGX+2jh3WO5XRuVOPuPCiIetzHlBjh0DPOLPeJSe36E=,zQ42nV6yi4mJlCn/6KEjm+SP6pEwUsd3P9fpI8tDiWE=,explore,Discover Feature,radio,0
DqwB7smOAIbNnnQbWOpfsmy9znTwfDEQCW1I6ujFG48=,ufjl9/oJJRQx/0JUEBaIeyE82HP0CF7Fy2LwOIiNiYY=,my library,Explore,song,0
qn0aqqC8dcshYsmcFmFYJtebwjMp6kLr8yanC5QC79o=,Rerp71vL127G1162T5Bwgk3D6r/ZtiXDfWvYz+3ljhE=,discover,Explore,song-based-playlist,1
P3tJU/DjIEbh0ucnC1KT8wojenDDSwx+blB8pFp/KeE=,yn6Kt6+romPpZ1i6+hqI3WJ42G5SdsX3a+l59IaMcp4=,search,Discover Feature,song,0
0ut67E6+04VZ9RDX1nJYPmPARhbgYbsjEKl7K4dpjDw=,Ot8WIXZXzvgZeZoCwcimfORgLbZJJdslmuvO1ufZB7k=,radio,Explore,local-library,1
Z56mxjHqnR1FK1d5gkf5ARTxwZF8h0HPI+rHFGRrMHo=,BgqjNqzsyCpEGvxyUmktvHC8WO5+FQO/pQTaZ4broMU=,discover,Radio,song,1
gxxBbzV3eE2XGjUrFVB2FzAve55Oe1s86HD+OEh36Gw=,T86YHdD4C9JSc274b1IlMkLuNdz4BQRB50fWWE7hx9g=,discover,My library,online-playlist,0
HfVrxfpxOJuQ4FofEFxdlwm9yvaoy8y0JOH3GaQ/RTs=,rqNd52MxQ+okfR61j2c7u36DLODO4d2Zt/hMm3jxncM=,discover,Explore,song-based-playlist,1
dU4RbzpIRRd/EkA9Xncpy9CglzDBZp7nKMfdnfr3Aj8=,X96NEF2NcG6gyKVF0+U3H98CgAlgecjthmaqQe0nLPE=,search,My library,song,0
mGDObQQojFOJfK2rJKcme282huuk0qDxBzWL22/qYbc=,ys+EL8Sok4HC4i7sDY0+slDNGVZ8+uOQi6TQ6g8VSF4=,my library,Local playlist more,local-library,1
tNvUsQwOJX5OgGsBBN9to3vI+DoUc6S1BFgNXUaYoo0=,DRWs2zLgDBAqLqyHsNZVPyiBed+Iutm+qsoWqvo6dkA=,radio,My library,online-playlist,1
UTAElx4+rSh2QViTKHQhC40cphX7ZIYafAOMJOJCshY=,A8VVQOKrMDk0G8oU6z8qJ5Ggs5DneqlCpdoiKqKYIfY=,discover,Explore,song-based-playlist,1
vSstkkQzt3KMmyvh0MGHpXpgzHO6kobAYipy6ik6HB8=,CivTL87a654wHFVt1BEZu+cryDKO8mYRsrxpEW8oVm8=,explore,Discover Feature,song-based-playlist,0
3i0jlUKhqqUKqFsoJVgN2UcDOuri7fCiE33XUCnKHXo=,U9kojfZSKaiWOW94PKh1Riyv/zUWxmBRmv0XInQWLGw=,my library,Explore,song,1
16pGH8W1JKJTrQSZDX3gQY57S3FiO4YJheGRiYbONsU=,B4o9XjQJPJGGJr63sxzS4LUoQOrNhyVU1DersrYXRlI=,explore,Radio,online-playlist,1
yBXKYfcmQ+TtIEvkLQXabAY2uwudIGn21dEZYAwCDCg=,l71bGvOgjZIJQHa+E1GW7L5QWYSliCUKy+Hg3SmxzOE=,radio,Local playlist more,online-playlist,1
TxneOykZ/MOIbQmA/aJ4EUQUIR9r+Egt6TNQu0WgwpA=,dNvkA285an/yeIMPT4VszEQlmwHsZHHSgDbDB5nEkmI=,search,Discover Feature,song,0
Tb5tCteFbk+G5Jyvq9SqD1eAzgZ98WR/xOCvvjkNCog=,i356q8t0P9emMJq8PsFkY6CGoi34mP3cgXuDpfEDyhY=,explore,Radio,radio,1
zYTm2T59lT+Z/hpoywdET+EGMcRhwi4rzL7WD09iRC0=,dNvkA285an/yeIMPT4VszEQlmwHsZHHSgDbDB5nEkmI=,radio,Radio,online-playlist,0
38LUs5mVWNKfyjL7ilf9JCnWZLjnno2obLXr69JJKcw=,pCf4HI+z4rQsY9FF79m+Sojnl207qtHqtOWU2VFW1ZE=,search,Local playlist more,online-playlist,0
a89sofbsaFkpzn8/P10elgzbXDQokPTlsKc1uqi7Zco=,Kpyp6PVaOaQz81TH4KYB59FJiO/GVgzDVyCmiyxHTxc=,search,My library,local-library,1
E9jsIxPWhebfnR8cbqPgS+FxCt0zBSXP+72mYRFg0+U=,+yj1hcpU3QLGXS2iW9srqWCBV5NE73L9hHR3kbV2NQg=,discover,Discover Feature,radio,1
hzy7RwzEVDm4JmC0X2qLUvnoE1+2zNTEea4fOe/o6ms=,yCNGVHLlA+gdUm0RfeIm1xAYXFugchHvED5JVerYSWM=,discover,Local playlist more,radio,0
/2A361q3cuoEFZ0FoMEWj8SIVRJyPpHZQ5ni6Oud88M=,22wN6a2Q/qVQosA8OBfVg6AbwvI2KJnZ35DXLqpLHJg=,search,Radio,radio,1
6aH1YAi5YwvZUHtpjEaMQwM0p4wP4XLrkWQSdXDF9L8=,/6kgyFt1nsLDNbZh0AHM4Pb3sbp3CZ0C4DbPa4++eVE=,search,Local playlist more,song-based-playlist,1
TO253iXvHroemKYZ23M7YL7uu6Um4zEwByNl4wcpIYs=,9zVQUtq/Uzlxk3X7BwI28CSY7FomzpmtsRc8f2bRyJE=,explore,Discover Feature,song,1
R2FvE4x+hefwL4evbgNGNCng13c1MkP3PHocNtU91qU=,k8DZF0FFuy2GydI7mnH1tH50pFcEQMPYVD/A7Y/T0QI=,my library,My library,radio,0
Mn98O4X/zceMt9nswcoq08F16ciCqhuN7lQ951MAL2o=,F48LS/DqAt1EnPHRezspUgYaZcmiOoyOD75UFpHenEE=,my library,My library,online-playlist,0
5wvbHjIY9vAARXRg82rOSUqfZlHLqJN88I8W8bwsiSc=,5TKFWT9ivwAJiqRWz5apDsePXcJZ2b1RA/1gxTm6XoQ=,radio,My library,song,1
OMy7VLQDDDlAqrp/YCl+BvzGIgZoWNejIDqSl8siqIM=,nwSpTQoTbubQRzCAjsWTemzjG0B36aa5Dqpi2py8jsU=,radio,My library,song-based-playlist,1
cF/VJmBHwhcqdd016oPP1wXBdWSjxEHEzwlhEn4+/4A=,6uCt0I6XmmXX7fta96XlZyxtSWXlTa2ZviRbxnDUa/w=,explore,Discover Feature,local-library,1
TxvdtN1Ehq4kbgU5J7lw+ik6Pc0NZjnQKARPiCCf0fk=,XA08z3r0wdQvY3CE0lFDTd/MuAgD7b0XKZnCvo+ylKE=,search,Discover Feature,online-playlist,0
uCDJmSDTzA5PpnYGqKvNmFbwBIoS3jIXFbO5YfoCv/Y=,Ot8WIXZXzvgZeZoCwcimfORgLbZJJdslmuvO1ufZB7k=,discover,My library,local-library,1
sgT7F0PbR9/iCyzeSzcl//+E+fK3CeZmM1deeeJ5rZ8=,A8VVQOKrMDk0G8oU6z8qJ5Ggs5DneqlCpdoiKqKYIfY=,discover,Radio,online-playlist,0
JkQacE3rvmhh65R04eDLbu+M7MCkpzmHwMGrbZo0puc=,LBFRdBacp7Ob6Ada2N7uCQ47DhiNT2KjUtwOA7oSm7I=,search,Discover Feature,local-library,0
TxvdtN1Ehq4kbgU5J7lw+ik6Pc0NZjnQKARPiCCf0fk=,k8DZF0FFuy2GydI7mnH1tH50pFcEQMPYVD/A7Y/T0QI=,discover,Local playlist more,radio,1
5wvbHjIY9vAARXRg82rOSUqfZlHLqJN88I8W8bwsiSc=,0b8M2FLEH176y/ng1rK9ftUYDYnA+1NdoCOUeuyBMtU=,search,Local playlist more,song-based-playlist,0
crUeQ6DYDHHRNYmn+n5Kodfvu9ki0IdHfXHNlZEUPHs=,J3iRhTSYqG12XgzsbOSJYdIFWZ39JaYoP3XSWM/pcHM=,explore,Explore,song-based-playlist,0
qn0aqqC8dcshYsmcFmFYJtebwjMp6kLr8yanC5QC79o=,jWx64JroBecZQXiaNU1toeSiTyhqdtsj38JTLS2TEhQ=,explore,My library,online-playlist,1
oqovZIlVcIUL0aIMGYtXxy3R+xJcxmJBJUXeIb+HJYA=,gG3/58uZyyOwaPT+eGWL81mwCzcDPW2EmwYcjWmvJSs=,discover,Radio,song,1
NzxFYmHEK32NaephTO2QGtxiR93Cf7U/Tp6jkoY25WE=,+CvzJ0dbjOAypszTDhMrSjJJQYNbEiDrSod3wwcOA1k=,search,Radio,online-playlist,0
K7obY5lUlZTd6a/byE9NG/e7Q/dlgHfppLbYk8OL7os=,BxDBwZ9N4vb18iY72TA2T1VROqz00TpBvOVeefkm9KM=,explore,Discover Feature,online-playlist,1
ocQB699RoI5sBlRUfv8tu++vqupI35/95l3U507jdpw=,YJKHI4Asj1oM5vJftbISis2QYliVSExtWiWnwb7TOgo=,discover,Local playlist more,song,0
O6cmcavFpTlX0oU/WxJrYGxLIvR22dVpHz/VJxylp8g=,Xpjwi8UAE2Vv9PZ6cZnhc58MCtl3cKZEO1sdAkqJ4mo=,my library,Radio,song,1
saNgxsUQwx4IXBRgFF0w3uJN6KzvQBEv3dI7dDaz97g=,VqOqrfMxAOMwJpyfUSyWuPmHpMtSuzvrCvHgahApvDU=,discover,Explore,radio,1
YkG93vvIFdFWVWsYqT5w6t0X4uw9/RS03jqzhBzxFlc=,skehue/d/R59G71dXYpntDwdjRRPlweN3JE8g40TgZU=,radio,Radio,local-library,0
EErUQnZWpOhxSvs3UlAQ6Jme7r+DjJyvkqhEceArwBA=,Ce8Mui+yVruumWy9pKMDfSRBFg1m93m/+XR8FHlktaE=,discover,Local playlist more,radio,1
Y4FvDsosFNoz4ZHIAbuwgUBSFK8qY2oE5p7V8wymc/Q=,2Y7NstzrTnCFlRel5m80hPDe9471QRU9oyqPIx1xIP0=,my library,Local playlist more,online-playlist,1
NzxFYmHEK32NaephTO2QGtxiR93Cf7U/Tp6jkoY25WE=,35dx60z4m4+Lg+qIS0l2A8vspbthqnpTylWUu51jW+4=,explore,Explore,local-library,0
E23IyF1NtT7IeesuDuHWR6g/yMpWrq3cN3U4qTjXE0A=,Bmj+IwjGGnbUyQ02jJpz5K+2vmxCOKfBqVd7ypu6OLo=,discover,Radio,local-library,1
xQp8uu2ljPWqokw6Eg+4TCB/GUC/EZwFMcapcleGiDw=,O+azAuxxhTE27OXm23raLUOTey/RS3+sceZDO2iFXys=,discover,Local playlist more,radio,1
FrYc5vaJMygJR0CjtIqrigWOlEKURefFwGKvr0BlbMI=,zHqZ07gn+YvF36FWzv9+y8KiCMhYhdAUS+vSIKY3UZY=,my library,Local playlist more,local-library,0
A6DJoTdyfFVxhngH62vlscx6pJsakhdeNs2vDEVTfH0=,g9qhCRIaFUnq4Z9HJcFQWHWRstWhK4NoB2sRPoD9iuc=,explore,Local playlist more,song,1
EBXSMA3gzTff0F01n56dHSBQR/IDWiwuw5S+ksPgTc0=,eaEPf0VwQhIvfAm8xzQucpa0/OnWo18Ig1cfMIUsZ3M=,discover,Discover Feature,local-library,1
UjuPJCQo/YoGVR/yJ+CocmWUk2czJE0BBKqaPpVYV64=,/70HjygVDhHsKBoV8mmsBg/WduSgs4+Zg6GfzhUQbdk=,discover,My library,online-playlist,0
KGXNZ/H3VxvET/+rGxlrAe7Gpz2eKMXyuSg3xh8Ij1M=,nnGh305rOmte1K/4D+qsL1LyY6P+jvDlzATIqwbCa/0=,search,Explore,song-based-playlist,0
a6uMxhS43vQ++TrVP3jdHT4lFfjw61SlIsCkvigQ5ro=,euRuXf+FKUosn295WoeqQbQJ4MQ7es1jJAQlmqZFA/I=,radio,Explore,song,1
OOETiYOFhuTowtgRUIiKommGv0eo6XUHLc1ofgwcJew=,DLBDZhOoW7zd7GBV99bi92ZXYUS26lzV+jJKbHshP5c=,radio,My library,radio,1
3i0jlUKhqqUKqFsoJVgN2UcDOuri7fCiE33XUCnKHXo=,D1tFsBLd9VWbonfb6Vek0BI2EJB6udLOuV/x+ptYpOI=,search,Discover Feature,local-library,1
wIeuCRmznzwE6bVrKuo2QRfkztVfQVEYMNaugLCPTS4=,uzU6ntNZT60j0CqFNXTpF6Oo8W3w5UwU/ANEODidW04=,discover,My library,local-library,1
R7AyK9ZUi5d21sCDumgghXW+TNacd/qN0dNMa0C22pA=,Z2Y3t/lsoBgA/2HAfy3UP+QWfdckt9BK2u6n8xwqkng=,radio,Local playlist more,song-based-playlist,0
uCDJmSDTzA5PpnYGqKvNmFbwBIoS3jIXFbO5YfoCv/Y=,jceXeAoNeYd3hRvbWRdqCUinjutJgWRyvPezTymyvTc=,radio,My library,song,1
MxCUQ6tAD7LU1yR0gwRck91ZKE88gY8kD/rX9Hi9srQ=,edlow+cUeR+1RqGQ87VV7D3gqMw0amQYGEZZDm+sm7Q=,explore,Discover Feature,song-based-playlist,1
FaH6rl69OOVwbsO30jjdjVXD9wJO8pcVZS6LGy5zTJM=,6pe6XOKc+06NhkgrFitOb/EKMj910AlS34LdhP510LE=,my library,My library,song-based-playlist,1
LR9NLKme+aT6uoW3R5XlLu9gq7LQG6tt+bJTEPpcrGg=,CTwL9Gnx6QsaZ6+ygo/VHirN/XZKxlUJEB2VGQX8yjg=,radio,Explore,local-library,0
pRHIP4XdwWx7YpREsLN4sD0gb2BUEbhKytDXlwUAO+k=,h45pWoMzCvsq3e3rBIuHggNB/3NG06/SIVDPEPOF1Gc=,radio,Radio,song-based-playlist,1
IU4XmahhntFf39v7Xzd/Nk6fjzZCCpAjOU8xW2TWHGk=,eqxzfyc6kVOcYTDo7GCguRsfLEplxdlJ+umjJsB8gdY=,explore,Explore,radio,1
f2c4l3mhW4SmXKRP+OfPUdbQ4U8afe+gqcX9Dmh03Xs=,XgLDH2I0dmKXQNQTMsNyGSy5oz+o6o6jPTqj0I8abFY=,radio,Discover Feature,song,1
4tuTIArXO3WO8/zS9y2CC34ywEfChjAKUchlKW00DMM=,J9EcIEDOoNbdN2ku4SGtIp0pmg/k+NRWLOZIra16DUk=,radio,Local playlist more,radio,1
XkORogCcAwIoTSBptOED51tv9wXQ2WCEqGgvwqKsyU0=,wJdog4OHtULqly94aQ/X2uud6ya+juDh25ay4sqoxuI=,discover,Discover Feature,song,0
Jc84woRFJuyMAC6hDcH/Rr84MGq9ucuxeZveZ00kI5o=,X96NEF2NcG6gyKVF0+U3H98CgAlgecjthmaqQe0nLPE=,my library,Explore,song-based-playlist,1
AEZNdJt0QGYpBlT97tdnNaNHW5SqpgJb70TFmeZBYbg=,SKRQpz3EM5UIxT2LCGzK5k0aYg4QtyHWtr0L/EK6By8=,my library,My library,song-based-playlist,1
O6cmcavFpTlX0oU/WxJrYGxLIvR22dVpHz/VJxylp8g=,kHpEHXKwwG+dwmOR2NnvrXwsE24vqD7n40tcNQE/niQ=,explore,Local playlist more,radio,1
cF/VJmBHwhcqdd016oPP1wXBdWSjxEHEzwlhEn4+/4A=,+cP03fE+hnJUB/v2PHLsD9UHBjmDIYvbuX+NrFqeudI=,discover,My library,online-playlist,1
AXKTVBbdr2/z7m5WL1IXzlriNbun8B+7wM41MsWCYDw=,jceXeAoNeYd3hRvbWRdqCUinjutJgWRyvPezTymyvTc=,discover,Radio,song,1
8ncKS6kWM+oSslEfrPcRMcHq5VVQqBcbWoQ0FHlDgPA=,fUGs+CNuo9R1M6NQbuyGVFMJmTf0TSFHjYDrBglyuVI=,radio,Local playlist more,radio,0
O3ElkgfVd3DoJysnWAIgIPF4N3Y9LPmlm+aC5G+UXGY=,sgHKhG2d57U2o88razl9SyG1nuuMDf0J2BuDhzoI12Y=,search,Local playlist more,online-playlist,0
KGXNZ/H3VxvET/+rGxlrAe7Gpz2eKMXyuSg3xh8Ij1M=,fDBtAj8rHHCQGeSsDEeT0WA3gSp6p7g3z71981gFuQA=,my library,Discover Feature,song,1
TxneOykZ/MOIbQmA/aJ4EUQUIR9r+Egt6TNQu0WgwpA=,9tMmo3BI0ElPvI5O0DoVc4u12TzxgEdtwTadElAbc1U=,search,Explore,local-library,0
H1D92jYJ3GyJWLmt3ZAE3QgxgfCCit8WTsT7+KwS+vw=,GKgBgCnz9R8OWDdGeYgQS0TPHe8no8VWvxj4+4PSjao=,search,My library,radio,0
lSkUSnCm60kDLdEsnAVp6jwr2HkyIhDCEZLX82djjHg=,9YYrODwrXpDcCjOJypHROv3f5z40y11QlmgQjmzp2vQ=,radio,Discover Feature,song,0
SZ5NNypqaTWljFO1HiVZwkw3713+rM9x/JNdJd8/fzc=,TIwOs7iFTKo3Cy2yiNReYYcZc1JyAx+0k08+z97k1dA=,my library,Explore,song-based-playlist,1
HVcWdf8CEo9s6qwt5V7TpoPYJfRlQSTA6b7kxEAImpc=,BITuBuNyXQydJcjDL2BUnCu4/IXaJg5IPOuycc/4dtY=,search,Discover Feature,song,0
akW+xn32y3X+ZisQokWwV8+caojTEpm3E8lV8E3yuBk=,ZcKgNis1AP1LA0sdtIddrtk7P04iiJzJrXvwXdT/X3Q=,radio,Radio,song-based-playlist,1
xEeMEDdDCvfLGt6eoayVgVh48nLdPvEm1XzwzY6lT58=,i356q8t0P9emMJq8PsFkY6CGoi34mP3cgXuDpfEDyhY=,search,Local playlist more,song-based-playlist,0
hYJpPvGod6vy09TnlXdQe3Q0vlxju5u5Ruf8V2XkTio=,HsgJXv1C7iVZiP7CWwWTfsmMhia6Huc0MUccfj+D02o=,search,My library,online-playlist,0
rEVqJ3NIxC9LSUZYOj1ft5VSAvFo3AxNu2k36hKKtWc=,jZVQRajq2WbbIoSiF5MSCyJKgTt7tpITHayD3PYKg88=,discover,My library,song-based-playlist,0
y3IT85vrzY2iBxFg6nsh4Cmg+mV3oqR73TPekK7x1Rc=,IgMar/mVrJQ+ODFPytDf7jwQMmR09+slyZUdVylRFLc=,radio,Explore,online-playlist,0
UhqjLSMwLYzjZFDyYQF6A33phr0tPNXyu7+I08q/u8g=,B4o9XjQJPJGGJr63sxzS4LUoQOrNhyVU1DersrYXRlI=,radio,Discover Feature,song,1
XHJRZV5Xgcub4dNGuzRj5tVfDD1iwrtoXmdQOWtlc3U=,gvHR5iZ5GWVYZBMTQFo/k0LB3Hh2RDUNhDgOCzICosE=,search,Explore,online-playlist,1
OMy7VLQDDDlAqrp/YCl+BvzGIgZoWNejIDqSl8siqIM=,yPA+sQt5tJ3NgR6/L9BefmNpA2152zQQ+/Kvtt3iSUs=,explore,Discover Feature,radio,1
PC0HTwpYB4UtDaA1s7qlkmktEzeiz57VXvIJijk6ChQ=,M0vkEMBlcbeVSWQQx/6FtXbJ57IiCw27TW8/vmSayk8=,search,Explore,song,1
EErUQnZWpOhxSvs3UlAQ6Jme7r+DjJyvkqhEceArwBA=,VRv9apZlj7gcyYq1zz2eZsYOnpnoNg+e4GG0b0b0Glo=,my library,Explore,song-based-playlist,0
p9Lk74DKfVohPHjTvzHSVQ3lRaqW2ofcBolP45FJgiQ=,eaEPf0VwQhIvfAm8xzQucpa0/OnWo18Ig1cfMIUsZ3M=,explore,My library,song-based-playlist,0
Z56mxjHqnR1FK1d5gkf5ARTxwZF8h0HPI+rHFGRrMHo=,edlow+cUeR+1RqGQ87VV7D3gqMw0amQYGEZZDm+sm7Q=,discover,Explore,song-based-playlist,1
yBXKYfcmQ+TtIEvkLQXabAY2uwudIGn21dEZYAwCDCg=,yL8VeuH6lYFA4hYVGX/1HmPogBfp1Ex4ZkL5PjWy11k=,explore,Discover Feature,radio,1
xEeMEDdDCvfLGt6eoayVgVh48nLdPvEm1XzwzY6lT58=,XgLDH2I0dmKXQNQTMsNyGSy5oz+o6o6jPTqj0I8abFY=,search,Radio,song-based-playlist,0
HfVrxfpxOJuQ4FofEFxdlwm9yvaoy8y0JOH3GaQ/RTs=,7sD/47OK7UjsdmBjtLCUTIdX9Df8TjpHyOOeA0Koxy8=,radio,Discover Feature,local-library,1
b5XWI+EhZTCGoQ6YK/SLu3tmCnKh8Z7wBK6Gztm49uA=,7zFV1bMlN//PbeZut5RL6SnRlZ7/9nBKIXf/dzhK9kM=,radio,Explore,song-based-playlist,1
MxCUQ6tAD7LU1yR0gwRck91ZKE88gY8kD/rX9Hi9srQ=,W4gOC3iBXV97C05qyVDGIKAJg76BJcrzWPnLwkKK6kQ=,search,Explore,online-playlist,1
OMy7VLQDDDlAqrp/YCl+BvzGIgZoWNejIDqSl8siqIM=,VEHQ9uyNfwMBFPtkLOFGSOnovTSfj6RlQbgYZYp1xZQ=,explore,Discover Feature,radio,1
OOUnJuX4SteRhUdJZ9B2DqtfiwsfcZVBefEhXLeBsFg=,8ZT1ADO1qNipe/T41z8XASvyZRgdBUL5oung7zV5am4=,radio,Radio,song-based-playlist,0
dU4RbzpIRRd/EkA9Xncpy9CglzDBZp7nKMfdnfr3Aj8=,dKsoBHe5cVhyQSU8CimXs4ysaAky4RNgBwIafHaLkik=,explore,Explore,song,1
LThaiVqGGnVTPmTcmwN/LLo4fVb5dzkduzd7s1SgzIA=,B4o9XjQJPJGGJr63sxzS4LUoQOrNhyVU1DersrYXRlI=,search,My library,song-based-playlist,1
4MSFgArmrrq1abQEeuHkmNQjEkqn5r/Z6/LNObSm3xc=,TYhx9eqWklddkLQlApQ5MS9jJCO4H3JHdpISZ3kZSRE=,my library,Discover Feature,song,1
0ut67E6+04VZ9RDX1nJYPmPARhbgYbsjEKl7K4dpjDw=,VdVi5NKMJeRDsz4+3xvrpu66FNVTcQ4G26TXoUxW8bU=,search,Local playlist more,song,0
1wiu2UfN0BNhHfPTrDS3S/rQkX/vnwDoKH6ODTUdH9k=,Y87wssIvAzfpJA1z7WGawlIQl7mNFDWzmKS/FlLtLA8=,radio,Discover Feature,local-library,1
YYdQJgjemCT/fAv8s+CwfmgDprAQOneJ2M2SdArq9V4=,aliCzBpL9zzI8nFr83ElP3cL4bdEPejIRtT7HY09fEs=,radio,Explore,song-based-playlist,1
dO8vzPwqXvOjrPWDW++gVecwTNnzesp3zW1dtRc6KEk=,jHMqK5wu5C0txl0QCxpkSM1xbIev60ii+dc99LXu8EI=,search,Local playlist more,song,0
xEeMEDdDCvfLGt6eoayVgVh48nLdPvEm1XzwzY6lT58=,27vpOctGRDxfm4nJsYUfvNaoL8ayuXiYAYUH4H1mfJk=,radio,Radio,song,0
8Pvl/iQSa1A4J/op1WLFoj9PGFv5WHjDas6efapYoss=,ZcKgNis1AP1LA0sdtIddrtk7P04iiJzJrXvwXdT/X3Q=,explore,Explore,radio,1
/2A361q3cuoEFZ0FoMEWj8SIVRJyPpHZQ5ni6Oud88M=,pCf4HI+z4rQsY9FF79m+Sojnl207qtHqtOWU2VFW1ZE=,my library,My library,song-based-playlist,1
KsjbiO2iw8TpMfu+9Bf2p8GI57Q53lsHXy1xWIMKH/E=,31Tp9mUO5cVc8fEd67bI5GTrfev3MiXPUokaum1m3K8=,my library,Discover Feature,radio,0
cqjRBV/jWN2ujhc+z/4tz+Mj6xEfflAAt6qBXCqxKvw=,PQ60bLYQn4lnOqNp2pmsUziCKclqLai5pemA9rWWQko=,discover,Explore,local-library,1
K7obY5lUlZTd6a/byE9NG/e7Q/dlgHfppLbYk8OL7os=,w0/+8z/tSrUK3JctMyhYTh2LfNl9OFga+Tw0yl0IVfc=,my library,My library,local-library,1
UGX+2jh3WO5XRuVOPuPCiIetzHlBjh0DPOLPeJSe36E=,WLWYK2ULyKhj/FAWvhEOVQuDlZmsmTkKscwahrXsoBM=,my library,Local playlist more,song,1
vSstkkQzt3KMmyvh0MGHpXpgzHO6kobAYipy6ik6HB8=,gG3/58uZyyOwaPT+eGWL81mwCzcDPW2EmwYcjWmvJSs=,explore,Local playlist more,song,1
akW+xn32y3X+ZisQokWwV8+caojTEpm3E8lV8E3yuBk=,jHMqK5wu5C0txl0QCxpkSM1xbIev60ii+dc99LXu8EI=,discover,My library,online-playlist,0
akW+xn32y3X+ZisQokWwV8+caojTEpm3E8lV8E3yuBk=,WrVBxKvotVYzAKxCxNAGssQ1oCgO0gAJ4sNCfhfdfOY=,my library,Discover Feature,song,1
YkG93vvIFdFWVWsYqT5w6t0X4uw9/RS03jqzhBzxFlc=,qiF4WAvKyVZZIBi4oSntG2GrHa1+p3oMaiZBXUpeDT8=,my library,My library,song-based-playlist,0
Wg1bSRX3JtJ9ElarOhpbEaV5pu9lgTeS33mARTV+Sl8=,IXP1a2o3NL8WU4WK1X0WJAKaSW+LgGRpPDn4Gt1HrV8=,discover,Radio,radio,0
FrYc5vaJMygJR0CjtIqrigWOlEKURefFwGKvr0BlbMI=,qHD46j2HpNipwKHtoE0035AIr+FAdNYaSi1VNT3gACk=,radio,My library,song-based-playlist,0
TxneOykZ/MOIbQmA/aJ4EUQUIR9r+Egt6TNQu0WgwpA=,7EnDBkQYJpipCyRd9JBsug4iKnfAunUXc14/96cNotg=,discover,Explore,local-library,0
8tSgHKzljg7TyPLYrU9L7CgHIdShVvyV/d6PccMRzhw=,jHMqK5wu5C0txl0QCxpkSM1xbIev60ii+dc99LXu8EI=,discover,Explore,radio,0
38LUs5mVWNKfyjL7ilf9JCnWZLjnno2obLXr69JJKcw=,qHD46j2HpNipwKHtoE0035AIr+FAdNYaSi1VNT3gACk=,my library,Radio,radio,1
XkORogCcAwIoTSBptOED51tv9wXQ2WCEqGgvwqKsyU0=,IIPVkO6EB8ymcuxkuxkum1N5gowLdTzy9sYF9luyhVk=,explore,My library,online-playlist,0
0gR6Hl63ExurTrvY9uEfmgDDgRj0nBaIse0DU199YT8=,oDG5WCyUlb9i/Sr34Fljeh0YsONZKxl+7jjUw27vm5U=,search,Radio,local-library,1
y3IT85vrzY2iBxFg6nsh4Cmg+mV3oqR73TPekK7x1Rc=,1GI0GC3w9c0tDD2s0qP15DxrLUs9JX9XW6fKbY0rBZ8=,discover,Radio,radio,1
ocQB699RoI5sBlRUfv8tu++vqupI35/95l3U507jdpw=,0b8M2FLEH176y/ng1rK9ftUYDYnA+1NdoCOUeuyBMtU=,explore,Local playlist more,online-playlist,1
3TZaybijIyaqU3P+moI/mzFWcAj6aR0p7bmxLT9iRq8=,4brTUuIjK24sVlWzSLLL33b3JbwhNVfaDo7vvBt9FCQ=,radio,Discover Feature,online-playlist,1
xjA4Fs3CO4k3jQSXLFhn21zxTcYVRRRTzof3ZPn8KFg=,GQqErVwbH/YaifR6wl2S6prosRVHhwGO2/Aq5aIJLA8=,explore,Explore,online-playlist,1
a3O5che4tB5RTo8XoApn10uQ+FpVjTNwJfNrrQyaMXk=,YKXNGyMdm+M370+YcJdqTDhPN1gJgBj+F5rmrdnPZT4=,search,Explore,radio,1
9wwJC2y3YDYTilHnM+uYnPS7GCxV625Hs4VZ7sc6OKY=,+cP03fE+hnJUB/v2PHLsD9UHBjmDIYvbuX+NrFqeudI=,radio,Radio,song-based-playlist,1
cNssc+2L1Fx77CzASou28E9qfWeJjQKZtfoADkl/xkQ=,o0kFgae9QtnYgRkVPqLJwa05zIhRlUjfF7O1tDw0ZDU=,search,Explore,radio,1
0ut67E6+04VZ9RDX1nJYPmPARhbgYbsjEKl7K4dpjDw=,oAfWzsEYsibZUgmlL8NNYoO0aB4gSyU2tfsQvQp+7f4=,search,Explore,radio,1
3i0jlUKhqqUKqFsoJVgN2UcDOuri7fCiE33XUCnKHXo=,HzCFc9gU/AuYNF1ld1ZlyeCpQvVLTonc8+ZrUAidmmY=,discover,Radio,online-playlist,1
Z56mxjHqnR1FK1d5gkf5ARTxwZF8h0HPI+rHFGRrMHo=,LnbFBEyneTI7mID7Pw+s14Kf3o73LucRxwS3Wpfjsf4=,my library,Discover Feature,radio,0
bEJvXhD1XWK8qi0Lhydk9nt30hOTCkxG0a70s9ZeCEk=,QjRlzbxmVxusW6CP2Xr8GjX3BnPitUMFBxCWxd/5AKY=,radio,My library,online-playlist,1
YkG93vvIFdFWVWsYqT5w6t0X4uw9/RS03jqzhBzxFlc=,N21RxItkM+DqGIdEWiPa5urFl3xvDUNVdhr2bFZvMeA=,discover,Local playlist more,song-based-playlist,1
o6lVTGcU8lL0OI4fOMWc21THJHoOjqxxYlYACoyTN6g=,4ZISq5iNKgBGGW2OvKBBzBsYXRohcJYFkqx3uVFCAuA=,my library,Radio,radio,1
uCDJmSDTzA5PpnYGqKvNmFbwBIoS3jIXFbO5YfoCv/Y=,pCf4HI+z4rQsY9FF79m+Sojnl207qtHqtOWU2VFW1ZE=,radio,Local playlist more,radio,1
FrYc5vaJMygJR0CjtIqrigWOlEKURefFwGKvr0BlbMI=,z8xAhD/t0v/wUKZ8Rz0Pwojr5psdmUQn3/eu0Yw11zQ=,radio,Local playlist more,local-library,1
dU4RbzpIRRd/EkA9Xncpy9CglzDBZp7nKMfdnfr3Aj8=,fLcg1JwIF80DBi1D5gheP1WuO4IXt4HFSd19TZ6y61M=,my library,Radio,song-based-playlist,0
1d4acB2bhEZCFjSRwvO4ls8PrBtvNTlkcAcxYx8FcWE=,zuyzUP11fbgoVp6IMfWK378GDToe59ZlK5gkf+7aKdg=,search,Radio,radio,1
rRUTKZAVxGBh5XRUk+Lk/b/gHcAOsbk1hiQiEfubDh4=,SKRQpz3EM5UIxT2LCGzK5k0aYg4QtyHWtr0L/EK6By8=,radio,My library,local-library,1
qd03y2Hs/0xCA/dPExadbY5XQdTHOcli3h8w4KTwhZ4=,Hg9Bv1grz9a7lTp6HxpK//dV5AOqft4uk1fjIfPMJFE=,discover,My library,local-library,1
OOUnJuX4SteRhUdJZ9B2DqtfiwsfcZVBefEhXLeBsFg=,W+akwEPQhC1OugUaQlo0DR9xVs49UbJDZbiGvgN6ZyY=,explore,Radio,online-playlist,0
UGX+2jh3WO5XRuVOPuPCiIetzHlBjh0DPOLPeJSe36E=,XUz4Z4wPPChz+OIwkwj7HJ8teIjW3rEMdEATM80rDxM=,search,Radio,song,1
MXIMDXO0j3UpaT7FvOSGW6Y5zfhlh+xYjTqGoUdMzEE=,jWx64JroBecZQXiaNU1toeSiTyhqdtsj38JTLS2TEhQ=,discover,My library,local-library,1
SWoa4UvhuutHxhcRAxlfTc6Jr1j5tGw9cp3Kiq+ayKM=,GKgBgCnz9R8OWDdGeYgQS0TPHe8no8VWvxj4+4PSjao=,discover,Explore,local-library,1
rRUTKZAVxGBh5XRUk+Lk/b/gHcAOsbk1hiQiEfubDh4=,zHqZ07gn+YvF36FWzv9+y8KiCMhYhdAUS+vSIKY3UZY=,explore,My library,radio,1
AXKTVBbdr2/z7m5WL1IXzlriNbun8B+7wM41MsWCYDw=,YKXNGyMdm+M370+YcJdqTDhPN1gJgBj+F5rmrdnPZT4=,search,Explore,radio,1
zYTm2T59lT+Z/hpoywdET+EGMcRhwi4rzL7WD09iRC0=,oDG5WCyUlb9i/Sr34Fljeh0YsONZKxl+7jjUw27vm5U=,radio,Local playlist more,song-based-playlist,0
H/MB+uttGlGIMr7qru4HYG4dVbh0e1mBuoryBOKz/RU=,L6w2d0w84FjTvFr+BhMfgu7dZAsGiOqUGmvvxIG3gvQ=,discover,Local playlist more,song,0
3yBpYWqEybBPazsqB5NIhrXKCFe1Djn5orPBvxz9ArE=,Gew5+s/HwCSjQ6bX7/dZ0pXS6TB4ccOrOYcQg7FWDZI=,explore,Radio,song,1
bEJvXhD1XWK8qi0Lhydk9nt30hOTCkxG0a70s9ZeCEk=,Knq4ruFJI2OJlOtotwq3fuWueMlXcUeS3oxVEYlKoC4=,search,Local playlist more,online-playlist,1
WtuOpsYQ8St9zt7yySdryqDUCxeT4/v2rLRA7+lsahQ=,a4TbK5V15pj3YZUOGa9h2U3t0OsE+3aiFw41mNlcgcw=,explore,Radio,song,1
E23IyF1NtT7IeesuDuHWR6g/yMpWrq3cN3U4qTjXE0A=,JP0GJixHOHSNDsjKiQY2ttQKbDmWSk35JMMfPtR06BM=,my library,Radio,radio,0
/2A361q3cuoEFZ0FoMEWj8SIVRJyPpHZQ5ni6Oud88M=,uWREia5CNSoapbU9+BpqQxlSfntw1J/01HQGpVxFiM4=,my library,Radio,online-playlist,0
uQ6LOBwmu7lIjv+wFaq5+M4IcAZEha2J0uyDB6Y8aqY=,cQI8Uzy06tt/XJ59vDlifTQTl2qOiTFBkf5yVCUNoyg=,radio,Discover Feature,online-playlist,1
/mmecbnAd2Jrji3aonisktBko1/o+F68GqpV8X4gHiI=,PgRtmmESVNtWjoZHO5a1r21vIz9sVZmcJJpFCbRa1LI=,radio,My library,song-based-playlist,1
TxneOykZ/MOIbQmA/aJ4EUQUIR9r+Egt6TNQu0WgwpA=,gu/lHDjq6qqpU7r3CQkvRpGF9kqc2Mrn9CZhb7jrFvY=,search,Explore,radio,1
R2FvE4x+hefwL4evbgNGNCng13c1MkP3PHocNtU91qU=,gZphe9aRvr0vVO/oEt23amqyDc+YabbIJ9WIzZTVjG0=,discover,Local playlist more,radio,0
V8pNUizcKwTRuSQAtzXJBAJ7B8cyf0EegXkljvIvFqo=,DLBDZhOoW7zd7GBV99bi92ZXYUS26lzV+jJKbHshP5c=,my library,Local playlist more,song,1
MxCUQ6tAD7LU1yR0gwRck91ZKE88gY8kD/rX9Hi9srQ=,XVAiWjCX02nhNZ8t4bKfJOsVU51bG0YJXuOUl00tTgY=,radio,Explore,online-playlist,1
lSkUSnCm60kDLdEsnAVp6jwr2HkyIhDCEZLX82djjHg=,jceXeAoNeYd3hRvbWRdqCUinjutJgWRyvPezTymyvTc=,my library,Radio,online-playlist,1
mrjKYVskMUAksvPgRky/E2g/TiPdbpH1j5CCOzAC5RU=,LBFRdBacp7Ob6Ada2N7uCQ47DhiNT2KjUtwOA7oSm7I=,radio,Radio,song-based-playlist,1
xjA4Fs3CO4k3jQSXLFhn21zxTcYVRRRTzof3ZPn8KFg=,3OvsjjGFnEouJggaSOMVUVgzrgoTRtKd97GVQlQXUWQ=,radio,Local playlist more,song-based-playlist,0
PC0HTwpYB4UtDaA1s7qlkmktEzeiz57VXvIJijk6ChQ=,/6kgyFt1nsLDNbZh0AHM4Pb3sbp3CZ0C4DbPa4++eVE=,explore,Discover Feature,radio,1
YQiox2a4tbRbNBaL+VfOLH8oea77HPJMPWRh8euXZqM=,31Tp9mUO5cVc8fEd67bI5GTrfev3MiXPUokaum1m3K8=,discover,Discover Feature,song-based-playlist,1
UGX+2jh3WO5XRuVOPuPCiIetzHlBjh0DPOLPeJSe36E=,zuyzUP11fbgoVp6IMfWK378GDToe59ZlK5gkf+7aKdg=,search,Explore,online-playlist,1
qd03y2Hs/0xCA/dPExadbY5XQdTHOcli3h8w4KTwhZ4=,WrVBxKvotVYzAKxCxNAGssQ1oCgO0gAJ4sNCfhfdfOY=,search,Radio,song,1
EBXSMA3gzTff0F01n56dHSBQR/IDWiwuw5S+ksPgTc0=,J9EcIEDOoNbdN2ku4SGtIp0pmg/k+NRWLOZIra16DUk=,search,Local playlist more,local-library,0
ZIThPCdbFdxx0T+qKaAnQprzkTcoMTJL66Of3nlFGLA=,2xoPPf/RyHAxRqSSP41itnzRofW3noLzFLGfmvREFQQ=,explore,Discover Feature,song,0
jL7ukei/Kb4gDCfTG4+VhV4TzLaDecjji/aW+GqWvac=,zx4aCmk+b/uPmvESsG8ekvi7qWmifSPNMXg1i8wyG8Q=,explore,Local playlist more,local-library,1
FG+WikEK8x1GZIB4E2keTq2SJX4bXjFjG5gkjc8qbcw=,A8VVQOKrMDk0G8oU6z8qJ5Ggs5DneqlCpdoiKqKYIfY=,explore,Radio,online-playlist,1
EDSn8rAs8qjUvqhhFG5diTbaVbJi8qkoKXeMzf2JGVQ=,TbrfWJpl81E4alsi2+b84oeUu+b5S/8n9yFlZDriNYs=,discover,Local playlist more,song-based-playlist,1
MXIMDXO0j3UpaT7FvOSGW6Y5zfhlh+xYjTqGoUdMzEE=,Hum12fv82coQWytuQUP8K0cHEdJ9zz10RrGjsGqmDpw=,discover,Local playlist more,online-playlist,1
qljEWgpUDxIw7Lpc9mpZSYjpH+RmsE3T6s0x852lzRY=,5Qh7YI03x2cbQFFv/e+faYhVpFAzjvnuE3YXkx2KgsQ=,explore,Discover Feature,radio,0
0gR6Hl63ExurTrvY9uEfmgDDgRj0nBaIse0DU199YT8=,BwDDym6Tp7EnGudWBGJyjONZeX0/4ndu5PETiPWzav8=,search,Radio,song-based-playlist,1
f2c4l3mhW4SmXKRP+OfPUdbQ4U8afe+gqcX9Dmh03Xs=,TbrfWJpl81E4alsi2+b84oeUu+b5S/8n9yFlZDriNYs=,explore,Discover Feature,song-based-playlist,0
mDJCU+fKu/mbdk9l4SmPYiJwpeMyK44o9wmG1X3735A=,x+wwBWqNXLShElFWaLs1ahI15dN4cl4ShC1/Wm4PsH4=,my library,Radio,radio,0
OOETiYOFhuTowtgRUIiKommGv0eo6XUHLc1ofgwcJew=,9zVQUtq/Uzlxk3X7BwI28CSY7FomzpmtsRc8f2bRyJE=,my library,Explore,local-library,0
w4SNbHDAMuMbulkgcHGYOl/datijVua3CR5D73DylLs=,HzCFc9gU/AuYNF1ld1ZlyeCpQvVLTonc8+ZrUAidmmY=,explore,Discover Feature,online-playlist,1
V39VxDdE9SgMQZnX58oQChm9W056pw2lC3TiifMfkKw=,p/yR06j/RQ2J6yGCFL0K+1R06OeG+eXcwxRgOHDo/Tk=,search,Explore,song,1
UTAElx4+rSh2QViTKHQhC40cphX7ZIYafAOMJOJCshY=,QZBm8SOwnEjNfCpgsKBBGPMGET6y6XaQgnJiirspW7I=,discover,Discover Feature,online-playlist,1
0gR6Hl63ExurTrvY9uEfmgDDgRj0nBaIse0DU199YT8=,3W6VBSN09a/Vh9w1Fwmdus4H4xxmde/yu0RBgMcTtZM=,search,Discover Feature,song,0
4abUL+lw0T5WFbdgeEyj8UHqyYxA7Exgw2tWiDJVSwY=,v/3onppBGoSpGsWb8iaCIO8eX5+iacbH5a4ZUhT7N54=,radio,Discover Feature,song-based-playlist,1
E3yiQ2d5+KiGkm622V73IRgukx9qXPYJIpG6xWF/lF4=,dNvkA285an/yeIMPT4VszEQlmwHsZHHSgDbDB5nEkmI=,explore,My library,song,0
qd03y2Hs/0xCA/dPExadbY5XQdTHOcli3h8w4KTwhZ4=,xeyouM+hIjUtImV20of0p7SrDY4UnejP5Q/BnCHYG00=,radio,Radio,song,1
Mue3orxlJaHmK07bXWDrchFW1f/Or6TLVfMwx9fO9aA=,i356q8t0P9emMJq8PsFkY6CGoi34mP3cgXuDpfEDyhY=,my library,Explore,radio,0
b5XWI+EhZTCGoQ6YK/SLu3tmCnKh8Z7wBK6Gztm49uA=,h6SYWHqaMPtbHyqeNQGtCRfq7GAH4+9hrauUwd5z2VA=,search,My library,local-library,1
SZ5NNypqaTWljFO1HiVZwkw3713+rM9x/JNdJd8/fzc=,8f/T4ohROj1wa25YHMItOW2/wJhRXZM0+T5/2p86COc=,discover,Explore,radio,1
tnBf+t14y3vlNshUe1XQbIWYtTBMBYmVXIMWdNVRv/o=,/SfOXDLarv4WeXEX6g9GfKgd1R+BnBG2+k/vanWU5FA=,discover,Local playlist more,song-based-playlist,0
gxxBbzV3eE2XGjUrFVB2FzAve55Oe1s86HD+OEh36Gw=,o0kFgae9QtnYgRkVPqLJwa05zIhRlUjfF7O1tDw0ZDU=,my library,Explore,song,1
hYJpPvGod6vy09TnlXdQe3Q0vlxju5u5Ruf8V2XkTio=,7sD/47OK7UjsdmBjtLCUTIdX9Df8TjpHyOOeA0Koxy8=,search,Radio,song,1
E9jsIxPWhebfnR8cbqPgS+FxCt0zBSXP+72mYRFg0+U=,LnbFBEyneTI7mID7Pw+s14Kf3o73LucRxwS3Wpfjsf4=,discover,Local playlist more,song-based-playlist,0
a89sofbsaFkpzn8/P10elgzbXDQokPTlsKc1uqi7Zco=,h45pWoMzCvsq3e3rBIuHggNB/3NG06/SIVDPEPOF1Gc=,radio,Local playlist more,online-playlist,0
y3IT85vrzY2iBxFg6nsh4Cmg+mV3oqR73TPekK7x1Rc=,p/yR06j/RQ2J6yGCFL0K+1R06OeG+eXcwxRgOHDo/Tk=,search,Radio,online-playlist,1
xjA4Fs3CO4k3jQSXLFhn21zxTcYVRRRTzof3ZPn8KFg=,TbrfWJpl81E4alsi2+b84oeUu+b5S/8n9yFlZDriNYs=,my library,My library,song-based-playlist,1
saNgxsUQwx4IXBRgFF0w3uJN6KzvQBEv3dI7dDaz97g=,EH+nzRuSscqbP1Xd8ulzTMCGLEjqdzdxCaR8Fgyh6VY=,search,Discover Feature,radio,1
+boPBM5G5+vAfbO6zTy7A2FrVQyl91aBPGHkQ6ciNYc=,R1769yIwSejBpG/qGgxdD3BiYXI2fJgMg1jjlKCPhIo=,radio,Discover Feature,song,1
AXKTVBbdr2/z7m5WL1IXzlriNbun8B+7wM41MsWCYDw=,EH+nzRuSscqbP1Xd8ulzTMCGLEjqdzdxCaR8Fgyh6VY=,explore,Explore,song,1
H5DWyI7bujtol5aU1pzvLdfBAs45Ym/5jicdUlerf2s=,WDhQhhbq+bwhBY642Fx3e5eGBdvqzzXmwiouCaVI0R0=,search,Discover Feature,local-library,1
WRwcfUKwDVQ46cylDQ1Tf8ayTojVYeh/00m0ubVNxQo=,CTwL9Gnx6QsaZ6+ygo/VHirN/XZKxlUJEB2VGQX8yjg=,radio,My library,online-playlist,0
FaH6rl69OOVwbsO30jjdjVXD9wJO8pcVZS6LGy5zTJM=,48PnLVsKQXwlRoNr7779QyZxweYBbpX9z3E1YZm2F/A=,discover,Local playlist more,online-playlist,1
ocQB699RoI5sBlRUfv8tu++vqupI35/95l3U507jdpw=,WDhQhhbq+bwhBY642Fx3e5eGBdvqzzXmwiouCaVI0R0=,my library,Discover Feature,local-library,1
s8Oce1igq03hako2pQCfeXyPVkBs77ArjdrZEQAjpbk=,zcieWa7/2VeVp0m0fa95RI3i6FIfNTMzVvYXm3X64Y8=,radio,Local playlist more,song,0
uhEkft9Ht4TsUF5wBkmmZbtbaIVESVfiUnMlxHYl0HI=,5TKFWT9ivwAJiqRWz5apDsePXcJZ2b1RA/1gxTm6XoQ=,search,Radio,song-based-playlist,1
KsjbiO2iw8TpMfu+9Bf2p8GI57Q53lsHXy1xWIMKH/E=,EH+nzRuSscqbP1Xd8ulzTMCGLEjqdzdxCaR8Fgyh6VY=,radio,Radio,song-based-playlist,1
E3yiQ2d5+KiGkm622V73IRgukx9qXPYJIpG6xWF/lF4=,r5BnHxvuPlLjwr4MHf3dF3yUY+NVS6rHrkVG7wVZ1uE=,my library,Radio,local-library,1
XHJRZV5Xgcub4dNGuzRj5tVfDD1iwrtoXmdQOWtlc3U=,fLcg1JwIF80DBi1D5gheP1WuO4IXt4HFSd19TZ6y61M=,explore,Radio,radio,1
5LGtbWKwKifap3ECM6HO04gPY339RM0oF7D/MfWzUxg=,A+RNE+nwHzzYdQliLcF1YcaMpmDL91TAbz8xALp4FEM=,discover,My library,online-playlist,0
YYdQJgjemCT/fAv8s+CwfmgDprAQOneJ2M2SdArq9V4=,jWx64JroBecZQXiaNU1toeSiTyhqdtsj38JTLS2TEhQ=,discover,Radio,local-library,1
a6uMxhS43vQ++TrVP3jdHT4lFfjw61SlIsCkvigQ5ro=,aliCzBpL9zzI8nFr83ElP3cL4bdEPejIRtT7HY09fEs=,radio,Radio,song,1
H/MB+uttGlGIMr7qru4HYG4dVbh0e1mBuoryBOKz/RU=,MwZaD94L4Wl4APdJSVQF5JPt+xH6hb2KtWpFsjwYUlo=,search,My library,song-based-playlist,1
ZIThPCdbFdxx0T+qKaAnQprzkTcoMTJL66Of3nlFGLA=,pHaz1pjrzfa+p9u7Ga2ngsEhHUyUgT1Npouo+nP6e8s=,discover,Local playlist more,local-library,1
YkG93vvIFdFWVWsYqT5w6t0X4uw9/RS03jqzhBzxFlc=,VkILU0H1h3NMmk9MQrXouNudGk5n8Ls5cqRRuBxeTh4=,radio,Radio,song,0
6aH1YAi5YwvZUHtpjEaMQwM0p4wP4XLrkWQSdXDF9L8=,3DU6F6k6dFSdoQa2tsia5spMXFCxWh4JJdA3OxSo3rM=,my library,Local playlist more,local-library,1
wobMEyGx2iCkFu27/HPRJIky3S8tO/rS8Rr+tsvEe0k=,Wi0kjTBakpXIWBbaT++vmtjDSEo06lhfiVO4KMSF5jc=,discover,Discover Feature,song-based-playlist,0
Jc84woRFJuyMAC6hDcH/Rr84MGq9ucuxeZveZ00kI5o=,gu/lHDjq6qqpU7r3CQkvRpGF9kqc2Mrn9CZhb7jrFvY=,explore,Discover Feature,local-library,1
LThaiVqGGnVTPmTcmwN/LLo4fVb5dzkduzd7s1SgzIA=,zuyzUP11fbgoVp6IMfWK378GDToe59ZlK5gkf+7aKdg=,explore,Local playlist more,radio,1
x+k/zTEqdgYq6O+r1iDjKRaQnaCS5118gzBe8c12r1Y=,7XjSvrL47/EJD2mNR0e2Ja+ed/Dm0j35tKPQLiO2Hjk=,radio,Discover Feature,local-library,1
bEJvXhD1XWK8qi0Lhydk9nt30hOTCkxG0a70s9ZeCEk=,+cP03fE+hnJUB/v2PHLsD9UHBjmDIYvbuX+NrFqeudI=,explore,Discover Feature,radio,0
OMy7VLQDDDlAqrp/YCl+BvzGIgZoWNejIDqSl8siqIM=,UksdvC4qcXmgOvmMSOPWh9sB2z7a+dT1CWlI58lq04U=,search,Explore,radio,1
XHJRZV5Xgcub4dNGuzRj5tVfDD1iwrtoXmdQOWtlc3U=,itxXLRAtaLyj+idcWIsuKB0AEzijUgPrMhAvAKUSE2k=,explore,Local playlist more,radio,0
5wvbHjIY9vAARXRg82rOSUqfZlHLqJN88I8W8bwsiSc=,msy6vSQ15p6RVJfm/bSgcDwd3YSLp445Pdhzw6CEZRM=,discover,Local playlist more,song-based-playlist,1
4MSFgArmrrq1abQEeuHkmNQjEkqn5r/Z6/LNObSm3xc=,/RYwZD+IL/0YEgpu71HgW9q6c2A80gr/fC/j0BmYGvo=,discover,Local playlist more,song-based-playlist,1
UvM0IMLJ11PTOjdjhqapNQmHcbttfsiyv5+dtIR2IK0=,HbqkjwnnIt6BtfmvVyXTdPHAsFCYxU74sv8+s1lfIwE=,my library,Local playlist more,online-playlist,1
tNvUsQwOJX5OgGsBBN9to3vI+DoUc6S1BFgNXUaYoo0=,DRWs2zLgDBAqLqyHsNZVPyiBed+Iutm+qsoWqvo6dkA=,my library,Radio,song-based-playlist,1
gxxBbzV3eE2XGjUrFVB2FzAve55Oe1s86HD+OEh36Gw=,i7p594HsKb4cYynsE1a80PmSBL9bFI2dmBu16bwdke4=,radio,Explore,radio,1
R2FvE4x+hefwL4evbgNGNCng13c1MkP3PHocNtU91qU=,fDBtAj8rHHCQGeSsDEeT0WA3gSp6p7g3z71981gFuQA=,my library,Local playlist more,local-library,1
V39VxDdE9SgMQZnX58oQChm9W056pw2lC3TiifMfkKw=,EELIvnP5lcFg+W/XGvKrKj06DhzWRoowEHGGvBGlDkk=,discover,My library,song,0
O6cmcavFpTlX0oU/WxJrYGxLIvR22dVpHz/VJxylp8g=,UksdvC4qcXmgOvmMSOPWh9sB2z7a+dT1CWlI58lq04U=,explore,Explore,song,1
gxxBbzV3eE2XGjUrFVB2FzAve55Oe1s86HD+OEh36Gw=,p/yR06j/RQ2J6yGCFL0K+1R06OeG+eXcwxRgOHDo/Tk=,my library,Discover Feature,online-playlist,1
Ty59+gs+lfVbfm1T/SDqLmbFhtkAP4Mm75uYiaKZ6kk=,Gew5+s/HwCSjQ6bX7/dZ0pXS6TB4ccOrOYcQg7FWDZI=,explore,Discover Feature,radio,1
rRUTKZAVxGBh5XRUk+Lk/b/gHcAOsbk1hiQiEfubDh4=,jZVQRajq2WbbIoSiF5MSCyJKgTt7tpITHayD3PYKg88=,radio,Explore,radio,1
zYTm2T59lT+Z/hpoywdET+EGMcRhwi4rzL7WD09iRC0=,9W/H8tPBKQ7VWmBctuQ6RabciYdr1l+/kg1YPDcPOlU=,search,Explore,local-library,1
OOETiYOFhuTowtgRUIiKommGv0eo6XUHLc1ofgwcJew=,OE6pqPyTUHX2LrFokqXrAVv6VkRGadC8XQ8CZZpaa3g=,explore,Discover Feature,online-playlist,1
o+5RNlSWrzvrphgBNGIo1FLkGxBgyICns6qXj3nS7Pk=,JVwoBKjxxE9L/IpNKsSCJJIYHcxvwxOKbFnM3TLwcTQ=,my library,Explore,radio,0
UhqjLSMwLYzjZFDyYQF6A33phr0tPNXyu7+I08q/u8g=,A0t3F/l/3A5UvyPnNQNkrwJuW4vH7f/ttZZ9ud7eWx8=,search,My library,online-playlist,1
MXIMDXO0j3UpaT7FvOSGW6Y5zfhlh+xYjTqGoUdMzEE=,dKfxhaRKwvhiYOUQ5JlkxQrJ/dDksdFueybCIdG5dXI=,explore,Radio,song-based-playlist,1
gxxBbzV3eE2XGjUrFVB2FzAve55Oe1s86HD+OEh36Gw=,fCCmIa0Y5m+MCGbQga31MOLTIqi7ddgXvkjFPmfslGw=,my library,Local playlist more,online-playlist,0
AEZNdJt0QGYpBlT97tdnNaNHW5SqpgJb70TFmeZBYbg=,Bmj+IwjGGnbUyQ02jJpz5K+2vmxCOKfBqVd7ypu6OLo=,explore,Discover Feature,song,1
dO8vzPwqXvOjrPWDW++gVecwTNnzesp3zW1dtRc6KEk=,wfSboJwFBF6YyVmGO0wCeRtMdrqwkOgwPHV+YmSUl5Y=,radio,My library,local-library,1
0ut67E6+04VZ9RDX1nJYPmPARhbgYbsjEKl7K4dpjDw=,Z2Y3t/lsoBgA/2HAfy3UP+QWfdckt9BK2u6n8xwqkng=,radio,Discover Feature,online-playlist,1
sgT7F0PbR9/iCyzeSzcl//+E+fK3CeZmM1deeeJ5rZ8=,+WZeyJdxSPcag6xHLPjJOfJoc1haKiC4j0BcbZHG5ig=,discover,Discover Feature,song-based-playlist,1
jL7ukei/Kb4gDCfTG4+VhV4TzLaDecjji/aW+GqWvac=,OakhL7CLirelAGEP9sYyP6fmTa8HV1mD/qVdpM6o5uE=,discover,Local playlist more,song-based-playlist,1
YU6fAgCFgPkaJ1YSW2838KzGTxmBCfgousTO8jwuHYM=,msy6vSQ15p6RVJfm/bSgcDwd3YSLp445Pdhzw6CEZRM=,discover,Local playlist more,song-based-playlist,1
16fsOt7imefLSFsV7mWoP1AL+bpjP1NuWzQ5QP9tj8k=,xeyouM+hIjUtImV20of0p7SrDY4UnejP5Q/BnCHYG00=,discover,Explore,local-library,1
cqjRBV/jWN2ujhc+z/4tz+Mj6xEfflAAt6qBXCqxKvw=,eBme/h4Z4eP7BZY3tifu5Lr/dRB9NQJVIl36jZ5DZGQ=,discover,Radio,song-based-playlist,1
38LUs5mVWNKfyjL7ilf9JCnWZLjnno2obLXr69JJKcw=,4MisMKfKs26kWvzPwqJMnqqoeNfOlsfiiFswvWIQOUI=,radio,Discover Feature,online-playlist,1
4tuTIArXO3WO8/zS9y2CC34ywEfChjAKUchlKW00DMM=,vkagi2Lrvjx/FxLWE6FHZFoDoOaSWI052fEQCwouDUs=,search,Discover Feature,local-library,0
crUeQ6DYDHHRNYmn+n5Kodfvu9ki0IdHfXHNlZEUPHs=,NhQfOVnptpW5z5qsP/sN+hVS8TM2iYvdy/ZGVe7K+kM=,my library,Local playlist more,local-library,1
TO253iXvHroemKYZ23M7YL7uu6Um4zEwByNl4wcpIYs=,Knq4ruFJI2OJlOtotwq3fuWueMlXcUeS3oxVEYlKoC4=,search,Local playlist more,song,1
gNqpBxDbTlhvjHhGUzkOXI7uwdcMfsUjThCFibPphkQ=,8Kn45Wt6j2eOQSYFai72rdxvmy6rXFGXCcbi92hzOAY=,radio,Radio,radio,1
tlFGRF/TtrSwJA9XPHL4cajWghZCbAbhzif/6wJiN6Q=,opfHqJ0Oz4KsSqM5/TqBERkLI9DFnMD0Jywzh7XSE6Y=,search,Discover Feature,radio,1
WtuOpsYQ8St9zt7yySdryqDUCxeT4/v2rLRA7+lsahQ=,yCNGVHLlA+gdUm0RfeIm1xAYXFugchHvED5JVerYSWM=,radio,Local playlist more,song-based-playlist,0
baemFqI4x+fpHweCJQeb64jdSmOWUKkJuwK5BrgcsX0=,kHpEHXKwwG+dwmOR2NnvrXwsE24vqD7n40tcNQE/niQ=,discover,Discover Feature,local-library,0
lFQM2AQ0IIifeOgmnRDSFEuWfh7XQZm0Z+O6K696CQk=,Tp37bk/x3F8bFpANiXXKtuLaaNtHDeQwsNUxYHNE4VY=,my library,Discover Feature,local-library,1
Jc84woRFJuyMAC6hDcH/Rr84MGq9ucuxeZveZ00kI5o=,eSerI0GiRKmKVwhbY05QQi6DSRrCz4/vhiyvipqURDk=,my library,Local playlist more,song-based-playlist,0
OOETiYOFhuTowtgRUIiKommGv0eo6XUHLc1ofgwcJew=,d9Flpsyq/y8CR3F213pnXUkrfK1fMClvhYH37pFSc7s=,radio,My library,song,1
Tb5tCteFbk+G5Jyvq9SqD1eAzgZ98WR/xOCvvjkNCog=,VdVi5NKMJeRDsz4+3xvrpu66FNVTcQ4G26TXoUxW8bU=,radio,Discover Feature,song,0
38LUs5mVWNKfyjL7ilf9JCnWZLjnno2obLXr69JJKcw=,YmAISVdWO5T+OgcuVLr6qQ7OsqPzAbBO7BrEwfcxMSw=,discover,Radio,radio,1
/2A361q3cuoEFZ0FoMEWj8SIVRJyPpHZQ5ni6Oud88M=,yL8VeuH6lYFA4hYVGX/1HmPogBfp1Ex4ZkL5PjWy11k=,radio,Local playlist more,local-library,1
hYJpPvGod6vy09TnlXdQe3Q0vlxju5u5Ruf8V2XkTio=,i356q8t0P9emMJq8PsFkY6CGoi34mP3cgXuDpfEDyhY=,search,Local playlist more,radio,1
08sWvzS2VVyKAVQRi6z4gxGxRQ0YQM0BXsXdVEKuzSQ=,skehue/d/R59G71dXYpntDwdjRRPlweN3JE8g40TgZU=,discover,Radio,song-based-playlist,1
38LUs5mVWNKfyjL7ilf9JCnWZLjnno2obLXr69JJKcw=,kHpEHXKwwG+dwmOR2NnvrXwsE24vqD7n40tcNQE/niQ=,my library,Explore,local-library,0
AXKTVBbdr2/z7m5WL1IXzlriNbun8B+7wM41MsWCYDw=,ze0+7p13wqB1hZ/KWd6OT42LBehKmYVQyGGzEv8Q4fA=,search,Explore,local-library,0
E9jsIxPWhebfnR8cbqPgS+FxCt0zBSXP+72mYRFg0+U=,Hum12fv82coQWytuQUP8K0cHEdJ9zz10RrGjsGqmDpw=,discover,My library,online-playlist,0
2tmUzRCcD0l3et0ck9XfxZT6gT9LM3w8gwfckVNylIU=,7NV5ZpaFlc7e3fjuxNiiuL0+HEr8qASFr+HHztIhwGY=,discover,Discover Feature,radio,1
uhEkft9Ht4TsUF5wBkmmZbtbaIVESVfiUnMlxHYl0HI=,skehue/d/R59G71dXYpntDwdjRRPlweN3JE8g40TgZU=,search,Radio,song,1
XHJRZV5Xgcub4dNGuzRj5tVfDD1iwrtoXmdQOWtlc3U=,Hg9Bv1grz9a7lTp6HxpK//dV5AOqft4uk1fjIfPMJFE=,discover,Radio,local-library,0
zYTm2T59lT+Z/hpoywdET+EGMcRhwi4rzL7WD09iRC0=,+SstqMwhQPBQFTPBhLKPT642IiBDXzZFwlzsLl4cGXo=,radio,Radio,song-based-playlist,1
7xiBI5xU3P2/IiR9teB7jySfzWo96JGikGajteLd3Cs=,+Sm75wnBf/sjm/QMUAFx8N+Ae04kWCXGlgH50tTeM6c=,search,Local playlist more,local-library,1
xjA4Fs3CO4k3jQSXLFhn21zxTcYVRRRTzof3ZPn8KFg=,JVwoBKjxxE9L/IpNKsSCJJIYHcxvwxOKbFnM3TLwcTQ=,my library,My library,online-playlist,1
P3tJU/DjIEbh0ucnC1KT8wojenDDSwx+blB8pFp/KeE=,gvHR5iZ5GWVYZBMTQFo/k0LB3Hh2RDUNhDgOCzICosE=,my library,Radio,song-based-playlist,1
LThaiVqGGnVTPmTcmwN/LLo4fVb5dzkduzd7s1SgzIA=,/vRMwxfCQC55cFGMLtxZlAqhDFW/aPQMGdkRnykeWyc=,my library,Discover Feature,online-playlist,0
38LUs5mVWNKfyjL7ilf9JCnWZLjnno2obLXr69JJKcw=,J3iRhTSYqG12XgzsbOSJYdIFWZ39JaYoP3XSWM/pcHM=,explore,Explore,radio,1
TDHfjwkLrnoorqjTUFtlzSL47Yl1oEBpHM8k7qHrIdI=,zQ42nV6yi4mJlCn/6KEjm+SP6pEwUsd3P9fpI8tDiWE=,explore,Local playlist more,radio,1
KXS4mDTuweetiTTxgkbg8uohB20KUXvkXz6g4l3r40c=,yLoN4bFNhNb3LXZ4EdnptePHtj3Ztmrw/p13qGn3GTw=,my library,My library,online-playlist,0
Mue3orxlJaHmK07bXWDrchFW1f/Or6TLVfMwx9fO9aA=,J9EcIEDOoNbdN2ku4SGtIp0pmg/k+NRWLOZIra16DUk=,search,My library,radio,1
x+k/zTEqdgYq6O+r1iDjKRaQnaCS5118gzBe8c12r1Y=,9uDuRF+ToaleR51vHf8IEw4NEKDJXRo/rVRV2011aSM=,search,Radio,song,1
0gR6Hl63ExurTrvY9uEfmgDDgRj0nBaIse0DU199YT8=,DRWs2zLgDBAqLqyHsNZVPyiBed+Iutm+qsoWqvo6dkA=,search,Local playlist more,local-library,1
saNgxsUQwx4IXBRgFF0w3uJN6KzvQBEv3dI7dDaz97g=,KQkL3RbSia9p7I5H9wrdEFmQZSJEZc64kpnzDUUEe84=,discover,Discover Feature,song-based-playlist,0
ZIThPCdbFdxx0T+qKaAnQprzkTcoMTJL66Of3nlFGLA=,nnGh305rOmte1K/4D+qsL1LyY6P+jvDlzATIqwbCa/0=,explore,Discover Feature,local-library,1
vBNHobQRQsofef7+9NZk4C6Y6T2PBXSGXUbn6c8UOcg=,qHD46j2HpNipwKHtoE0035AIr+FAdNYaSi1VNT3gACk=,radio,Radio,song-based-playlist,1
JkQacE3rvmhh65R04eDLbu+M7MCkpzmHwMGrbZo0puc=,Xpjwi8UAE2Vv9PZ6cZnhc58MCtl3cKZEO1sdAkqJ4mo=,my library,Local playlist more,song-based-playlist,1
5wvbHjIY9vAARXRg82rOSUqfZlHLqJN88I8W8bwsiSc=,HbqkjwnnIt6BtfmvVyXTdPHAsFCYxU74sv8+s1lfIwE=,explore,My library,song-based-playlist,0
xQp8uu2ljPWqokw6Eg+4TCB/GUC/EZwFMcapcleGiDw=,cy10N2j2sdY/X4BDUcMu2Iumfz7pV3tqE5iEaup2yGI=,explore,Local playlist more,song,1
MxCUQ6tAD7LU1yR0gwRck91ZKE88gY8kD/rX9Hi9srQ=,XUz4Z4wPPChz+OIwkwj7HJ8teIjW3rEMdEATM80rDxM=,discover,Radio,song-based-playlist,1
saNgxsUQwx4IXBRgFF0w3uJN6KzvQBEv3dI7dDaz97g=,yL8VeuH6lYFA4hYVGX/1HmPogBfp1Ex4ZkL5PjWy11k=,explore,Explore,song-based-playlist,1
nAiRf+UmYT7ZWIOUF6Ig3D0FDVIVpSgUb+H40Vg1eQU=,EH+nzRuSscqbP1Xd8ulzTMCGLEjqdzdxCaR8Fgyh6VY=,my library,Discover Feature,song,0
Jc84woRFJuyMAC6hDcH/Rr84MGq9ucuxeZveZ00kI5o=,yPA+sQt5tJ3NgR6/L9BefmNpA2152zQQ+/Kvtt3iSUs=,my library,My library,song-based-playlist,1
Y4FvDsosFNoz4ZHIAbuwgUBSFK8qY2oE5p7V8wymc/Q=,6pe6XOKc+06NhkgrFitOb/EKMj910AlS34LdhP510LE=,my library,Local playlist more,online-playlist,1
O6cmcavFpTlX0oU/WxJrYGxLIvR22dVpHz/VJxylp8g=,5myS1WHBGGzoGGXLLGo/tIuHzWsyp0Ez0NoLWKdkA9Y=,explore,Radio,song-based-playlist,1
YkG93vvIFdFWVWsYqT5w6t0X4uw9/RS03jqzhBzxFlc=,+SstqMwhQPBQFTPBhLKPT642IiBDXzZFwlzsLl4cGXo=,explore,Discover Feature,song-based-playlist,1
lFQM2AQ0IIifeOgmnRDSFEuWfh7XQZm0Z+O6K696CQk=,kTfvijj0YOM4LkNBb+6RCPKakz/8NEw5y2PMdmc9bc8=,search,Explore,song,1
qn0aqqC8dcshYsmcFmFYJtebwjMp6kLr8yanC5QC79o=,yL8VeuH6lYFA4hYVGX/1HmPogBfp1Ex4ZkL5PjWy11k=,my library,Radio,local-library,1
dO8vzPwqXvOjrPWDW++gVecwTNnzesp3zW1dtRc6KEk=,fCCmIa0Y5m+MCGbQga31MOLTIqi7ddgXvkjFPmfslGw=,explore,Radio,online-playlist,1
5wvbHjIY9vAARXRg82rOSUqfZlHLqJN88I8W8bwsiSc=,kHpEHXKwwG+dwmOR2NnvrXwsE24vqD7n40tcNQE/niQ=,radio,Discover Feature,local-library,0
OOUnJuX4SteRhUdJZ9B2DqtfiwsfcZVBefEhXLeBsFg=,vLvRGCAj8JzTLygSB20eqIL6hSTzE7gf4hyYAguZp0k=,my library,Radio,radio,1
mDJCU+fKu/mbdk9l4SmPYiJwpeMyK44o9wmG1X3735A=,Z+mhovcYbExPp66GnBecKttDRM5S5YCAw9vzJACsQAU=,my library,Discover Feature,radio,0
4aRFGkKzGUpqTbjojytAtRQNdx0egL02hjJhSqq0+NA=,A0t3F/l/3A5UvyPnNQNkrwJuW4vH7f/ttZZ9ud7eWx8=,explore,Discover Feature,song-based-playlist,1
uQ6LOBwmu7lIjv+wFaq5+M4IcAZEha2J0uyDB6Y8aqY=,TIwOs7iFTKo3Cy2yiNReYYcZc1JyAx+0k08+z97k1dA=,radio,Radio,online-playlist,0
bEJvXhD1XWK8qi0Lhydk9nt30hOTCkxG0a70s9ZeCEk=,FcbwzPm3n/PP+UZAjJaKFggjPSjyZ7YyxBA7LlheYi4=,discover,Discover Feature,local-library,1
B4P1g6sGBILzGhelH/YKkfpkFgWfn/LgS4KgU+bEaD0=,itxXLRAtaLyj+idcWIsuKB0AEzijUgPrMhAvAKUSE2k=,search,Explore,song,0
uhEkft9Ht4TsUF5wBkmmZbtbaIVESVfiUnMlxHYl0HI=,3DU6F6k6dFSdoQa2tsia5spMXFCxWh4JJdA3OxSo3rM=,my library,Discover Feature,local-library,1
s8Oce1igq03hako2pQCfeXyPVkBs77ArjdrZEQAjpbk=,TVtxD8qAAl8KeA5CU+1c4Pg6+/PR3vK2vYMnY/eSGho=,my library,Local playlist more,song-based-playlist,1
tiYOcOjJ0qgAJDL3hTboZye11uT8tBbNTscBDWxCWLw=,jceXeAoNeYd3hRvbWRdqCUinjutJgWRyvPezTymyvTc=,explore,Discover Feature,local-library,0
FrYc5vaJMygJR0CjtIqrigWOlEKURefFwGKvr0BlbMI=,HbqkjwnnIt6BtfmvVyXTdPHAsFCYxU74sv8+s1lfIwE=,my library,Explore,radio,1
R7AyK9ZUi5d21sCDumgghXW+TNacd/qN0dNMa0C22pA=,Ce8Mui+yVruumWy9pKMDfSRBFg1m93m/+XR8FHlktaE=,radio,Explore,song-based-playlist,0
uA7h005WTDJTwS1Tv1uzmWcWTpt/7x7Xx8JydbeMi2U=,80hnDqhSe9u2uIaLvDh1tCbwryzDrsf789zgDDF+k+s=,my library,My library,radio,1
LThaiVqGGnVTPmTcmwN/LLo4fVb5dzkduzd7s1SgzIA=,p0vznXPDpqFXtJzcvx4f9NxqLDC+1PQ9/Prr8kUdSuc=,discover,Local playlist more,song-based-playlist,1
+Y+wTRRkZ0QA3bV4+7nwu8qlN5Kb7ygMhqvB5L929YI=,UksdvC4qcXmgOvmMSOPWh9sB2z7a+dT1CWlI58lq04U=,my library,Discover Feature,radio,0
/mmecbnAd2Jrji3aonisktBko1/o+F68GqpV8X4gHiI=,J3iRhTSYqG12XgzsbOSJYdIFWZ39JaYoP3XSWM/pcHM=,explore,Local playlist more,song,1
2tmUzRCcD0l3et0ck9XfxZT6gT9LM3w8gwfckVNylIU=,qHD46j2HpNipwKHtoE0035AIr+FAdNYaSi1VNT3gACk=,discover,Local playlist more,song,0
uhEkft9Ht4TsUF5wBkmmZbtbaIVESVfiUnMlxHYl0HI=,bG9ptdK+Pb7m4ozflF/RjUqbG/uo5ipgAo1ffT8mnfU=,search,Explore,radio,1
o+5RNlSWrzvrphgBNGIo1FLkGxBgyICns6qXj3nS7Pk=,tB7WW8fbj7VdrPYInjSGBfslYr2DKNIeeFKQsqqMZvc=,explore,Local playlist more,local-library,1
TDHfjwkLrnoorqjTUFtlzSL47Yl1oEBpHM8k7qHrIdI=,WOvHYkt7XUOtmMOTsgT+2vJKydJEVInZGliuLUXoV7o=,my library,Explore,song-based-playlist,0
frZtrrN1Y2ZqZX3VFiq7FpAvLth3kZJNovT9cmyn2O4=,jFUlstiDM/0JBpQz1N1Mr1uJj0H8kiQsJjfbnx45gHs=,discover,Explore,local-library,1
uCDJmSDTzA5PpnYGqKvNmFbwBIoS3jIXFbO5YfoCv/Y=,OaEbZ6TJ1NePtNUeEgWsvFLeopkSln9WQu8PBR5B3+A=,explore,My library,online-playlist,1
0gR6Hl63ExurTrvY9uEfmgDDgRj0nBaIse0DU199YT8=,Tp37bk/x3F8bFpANiXXKtuLaaNtHDeQwsNUxYHNE4VY=,explore,Explore,song,1
HdnZZ4P0Vjxo2tgTvO1rsT/H3NkG7jvfrnCuF7TBK0A=,WWgB6GYGuyplhfw51plAbvpnixjsFA3XKSyEuTN42Tk=,discover,Explore,song,1
AXKTVBbdr2/z7m5WL1IXzlriNbun8B+7wM41MsWCYDw=,8f/T4ohROj1wa25YHMItOW2/wJhRXZM0+T5/2p86COc=,search,Discover Feature,radio,1
wIeuCRmznzwE6bVrKuo2QRfkztVfQVEYMNaugLCPTS4=,IXP1a2o3NL8WU4WK1X0WJAKaSW+LgGRpPDn4Gt1HrV8=,explore,My library,radio,1
OOUnJuX4SteRhUdJZ9B2DqtfiwsfcZVBefEhXLeBsFg=,y/rsZ9DC7FwK5F2PK2D5mj+aOBUJAjuu3dZ14NgE0vM=,my library,My library,radio,1
vSstkkQzt3KMmyvh0MGHpXpgzHO6kobAYipy6ik6HB8=,Wi0kjTBakpXIWBbaT++vmtjDSEo06lhfiVO4KMSF5jc=,my library,My library,song-based-playlist,1
a89sofbsaFkpzn8/P10elgzbXDQokPTlsKc1uqi7Zco=,H9SPhwq9W0h/3XECeWOjmDRiVN7V5bxTLFlOqWDcqrI=,my library,Discover Feature,online-playlist,1
2+T8pswRgDmvZ6B4esKi3lWZyT4xqeVKmv19J0/y51w=,0ee/D6HjX0jSytUn3v58C0x6zEzN4bcPq3WlqvrG/Xo=,my library,Local playlist more,song-based-playlist,1
1d4acB2bhEZCFjSRwvO4ls8PrBtvNTlkcAcxYx8FcWE=,eW1d3l1sSncU4sGM69MJtIG79wnXbdy8FZKpFVElS0g=,my library,Explore,local-library,1
uA7h005WTDJTwS1Tv1uzmWcWTpt/7x7Xx8JydbeMi2U=,9tNXaK/yKJfTcoWLRFw6HXplizDxq4bFvzs3scmesCU=,discover,My library,song,0
HfVrxfpxOJuQ4FofEFxdlwm9yvaoy8y0JOH3GaQ/RTs=,nW7czLK5LBcCT/uAo+03SyWAbaEEaSnXI5uxhC7QiBM=,radio,Explore,song,0
P+Sxa9gtP8P8IQcpPGbwWmEFdrF16hTrtfXyfa5aGoI=,5TKFWT9ivwAJiqRWz5apDsePXcJZ2b1RA/1gxTm6XoQ=,discover,Local playlist more,song,1
3yBpYWqEybBPazsqB5NIhrXKCFe1Djn5orPBvxz9ArE=,nnGh305rOmte1K/4D+qsL1LyY6P+jvDlzATIqwbCa/0=,my library,Local playlist more,radio,1
b5XWI+EhZTCGoQ6YK/SLu3tmCnKh8Z7wBK6Gztm49uA=,XgLDH2I0dmKXQNQTMsNyGSy5oz+o6o6jPTqj0I8abFY=,explore,My library,song,1
QDvq4xn7ZSBkamVnc8nL672oxKVqcR2zdgRGQf0giXs=,jpq9yBIzCyyWbLcrGFWHYyXpFZ8N4b9FgKC4qFj04gk=,my library,My library,radio,1
lSkUSnCm60kDLdEsnAVp6jwr2HkyIhDCEZLX82djjHg=,wBTWuHbjdjxnG1lQcbqnK4FddV24rUhuyrYLd9c/hmk=,discover,Radio,radio,1
FGtllVqz18RPiwJj/edr2gV78zirAiY/9SmYvia+kCg=,DhuNF1B0GK4zzZ7U+v/vt/Y+3aQbTRmV2bd99TUAXzI=,radio,Local playlist more,song-based-playlist,0
YkG93vvIFdFWVWsYqT5w6t0X4uw9/RS03jqzhBzxFlc=,MtFK4NN8Kv1k/xPA3wb8SQaP/jWee52FAaC1s9NFsU4=,my library,Radio,song,1
PC0HTwpYB4UtDaA1s7qlkmktEzeiz57VXvIJijk6ChQ=,RiJp0d9j7dfyZ/pyUPtWLXiVp77iitN5lUQTR6qjEOg=,discover,Radio,song,1
ocQB699RoI5sBlRUfv8tu++vqupI35/95l3U507jdpw=,6HofPS0v2MVFsL10yCN7dXUL+gUOnvsD35vx3HmRbdE=,discover,Local playlist more,song-based-playlist,1
AEZNdJt0QGYpBlT97tdnNaNHW5SqpgJb70TFmeZBYbg=,W4gOC3iBXV97C05qyVDGIKAJg76BJcrzWPnLwkKK6kQ=,my library,My library,online-playlist,1
9wwJC2y3YDYTilHnM+uYnPS7GCxV625Hs4VZ7sc6OKY=,G0rUz0kguI35yzj95LX2BXI30PqCcJJtPNfirR0BhIs=,radio,Radio,radio,0
00qmlWC3H/cjf2Ig1li5xIO0VNDRgBX0f9ilouDBEZs=,qxDl7URNa8pfCbbdoMNE0cHrU1+hMSIdyqhOGvQo69M=,my library,Radio,song,1
+boPBM5G5+vAfbO6zTy7A2FrVQyl91aBPGHkQ6ciNYc=,A0t3F/l/3A5UvyPnNQNkrwJuW4vH7f/ttZZ9ud7eWx8=,radio,Explore,song,0
K7obY5lUlZTd6a/byE9NG/e7Q/dlgHfppLbYk8OL7os=,PQ60bLYQn4lnOqNp2pmsUziCKclqLai5pemA9rWWQko=,radio,My library,local-library,1
08sWvzS2VVyKAVQRi6z4gxGxRQ0YQM0BXsXdVEKuzSQ=,shYcSF/8MpYMxMzLfRznBZjwoQIvd+RUH06UamCj8ks=,search,Local playlist more,song,1
FaH6rl69OOVwbsO30jjdjVXD9wJO8pcVZS6LGy5zTJM=,UXK+xHZe1REiVRlOMS5gvqeUY+kLbVyiEdJRTLYoZkk=,search,Discover Feature,local-library,1
FG+WikEK8x1GZIB4E2keTq2SJX4bXjFjG5gkjc8qbcw=,o9HWMBZMeIPnYEpSuscGoORKE44sj3BYOdvGuIi0P68=,search,Explore,radio,1
4MSFgArmrrq1abQEeuHkmNQjEkqn5r/Z6/LNObSm3xc=,p/yR06j/RQ2J6yGCFL0K+1R06OeG+eXcwxRgOHDo/Tk=,radio,Radio,song,1
Z56mxjHqnR1FK1d5gkf5ARTxwZF8h0HPI+rHFGRrMHo=,DH9SXL888u6VtOCkF/nqFbmtHlEkYgh9atVYPHfSfo4=,my library,Radio,online-playlist,1
PC0HTwpYB4UtDaA1s7qlkmktEzeiz57VXvIJijk6ChQ=,Z+mhovcYbExPp66GnBecKttDRM5S5YCAw9vzJACsQAU=,my library,My library,local-library,1
tnPUP8fJSxqSkuJZygxUzdvY2dVUyPxoKCGHmrwcKEM=,euRuXf+FKUosn295WoeqQbQJ4MQ7es1jJAQlmqZFA/I=,radio,Radio,song,1
IU4XmahhntFf39v7Xzd/Nk6fjzZCCpAjOU8xW2TWHGk=,Ce8Mui+yVruumWy9pKMDfSRBFg1m93m/+XR8FHlktaE=,discover,Local playlist more,online-playlist,1
FrYc5vaJMygJR0CjtIqrigWOlEKURefFwGKvr0BlbMI=,p6vR55B6kN6DL6mkWo3Ndkzd1KEbmr38ndt04bYuzXo=,radio,My library,song-based-playlist,1
xEeMEDdDCvfLGt6eoayVgVh48nLdPvEm1XzwzY6lT58=,un97bVjGL490RQbl8kr/58qbzkeuFBGMnXFRst9RArs=,my library,Discover Feature,song-based-playlist,0
TxvdtN1Ehq4kbgU5J7lw+ik6Pc0NZjnQKARPiCCf0fk=,FcbwzPm3n/PP+UZAjJaKFggjPSjyZ7YyxBA7LlheYi4=,my library,Explore,online-playlist,1
Bljj9o7B1zgL0RIpZef1SlSigiTIMr0mDPv7aUyzuXo=,EH+nzRuSscqbP1Xd8ulzTMCGLEjqdzdxCaR8Fgyh6VY=,search,Discover Feature,song,1
NzxFYmHEK32NaephTO2QGtxiR93Cf7U/Tp6jkoY25WE=,r4lUPUkz3tAgIWaEyrSYVCxX1yz8PnlVuQz+To0Pd+c=,radio,Radio,online-playlist,1
4aRFGkKzGUpqTbjojytAtRQNdx0egL02hjJhSqq0+NA=,oDG5WCyUlb9i/Sr34Fljeh0YsONZKxl+7jjUw27vm5U=,search,My library,song-based-playlist,1
Wg1bSRX3JtJ9ElarOhpbEaV5pu9lgTeS33mARTV+Sl8=,Bh52i4Qxauj9DCtTLH9CeKZgB59FIP2NofIbc6Dh0Xw=,search,Radio,online-playlist,1
z1IXxOkXP6uCWwFJLibRkXzU7USedggSWIfGJl/HFQg=,22wN6a2Q/qVQosA8OBfVg6AbwvI2KJnZ35DXLqpLHJg=,search,Local playlist more,song-based-playlist,0
OyELWVNKZMJtqg+BFArzAokp8bn+pGhBWbCZaxyLIus=,kge3dyGXCTqgUbHpFPB0x8gy+cPAamtArhr4sghdRH0=,explore,Local playlist more,song,1
4MSFgArmrrq1abQEeuHkmNQjEkqn5r/Z6/LNObSm3xc=,c2bp6xlq7o3Pj6x95ddX67S/wGsP6qPN/8PqM1DL0a8=,discover,My library,online-playlist,1
a89sofbsaFkpzn8/P10elgzbXDQokPTlsKc1uqi7Zco=,GFWjz4apE8zMiXe6wc0qCjr+DbK9BFkwo/rr+FsNm+g=,explore,Local playlist more,song-based-playlist,1
uCDJmSDTzA5PpnYGqKvNmFbwBIoS3jIXFbO5YfoCv/Y=,cQI8Uzy06tt/XJ59vDlifTQTl2qOiTFBkf5yVCUNoyg=,radio,Explore,song,1
uQ6LOBwmu7lIjv+wFaq5+M4IcAZEha2J0uyDB6Y8aqY=,dKsoBHe5cVhyQSU8CimXs4ysaAky4RNgBwIafHaLkik=,search,Explore,song,1
Y4FvDsosFNoz4ZHIAbuwgUBSFK8qY2oE5p7V8wymc/Q=,gG8cycpwQak+/chDrTlk8CXXIw4ztVIO1OhbdJBTav8=,search,Local playlist more,online-playlist,1
A6DJoTdyfFVxhngH62vlscx6pJsakhdeNs2vDEVTfH0=,G21dv1ZiXpa7iO6UrKktIgqRdrvx7nLjRbRHGmtzGvQ=,radio,Discover Feature,online-playlist,0
hOyJGmY7tciqGf1EhDj5UT86IfSSnaTHP5JWAPxYN6s=,7NV5ZpaFlc7e3fjuxNiiuL0+HEr8qASFr+HHztIhwGY=,radio,Discover Feature,song,0
cF/VJmBHwhcqdd016oPP1wXBdWSjxEHEzwlhEn4+/4A=,Y2CFnBr/mdTuaxOu3vKcbuUBE0UmhAIx+Pkgazp+j4c=,search,Discover Feature,local-library,0
JoGt+PgRGKHAhTQnaRqQygBWdDwGE6gdPbeGiGP4/Lc=,/RYwZD+IL/0YEgpu71HgW9q6c2A80gr/fC/j0BmYGvo=,radio,Discover Feature,online-playlist,1
LR9NLKme+aT6uoW3R5XlLu9gq7LQG6tt+bJTEPpcrGg=,k8DZF0FFuy2GydI7mnH1tH50pFcEQMPYVD/A7Y/T0QI=,discover,Discover Feature,local-library,1
9wwJC2y3YDYTilHnM+uYnPS7GCxV625Hs4VZ7sc6OKY=,Sb2AlcokNNB8/NfoJjK+C/N5lmET1mY6HAd781MxQy0=,my library,Discover Feature,local-library,0
E3yiQ2d5+KiGkm622V73IRgukx9qXPYJIpG6xWF/lF4=,Wn5ltxI7NsFk4xGFHOFXv2ajWU9HmuEgDF+xs1EJpFo=,explore,Discover Feature,local-library,1
vBNHobQRQsofef7+9NZk4C6Y6T2PBXSGXUbn6c8UOcg=,+cP03fE+hnJUB/v2PHLsD9UHBjmDIYvbuX+NrFqeudI=,radio,Radio,local-library,1
ocQB699RoI5sBlRUfv8tu++vqupI35/95l3U507jdpw=,+yj1hcpU3QLGXS2iW9srqWCBV5NE73L9hHR3kbV2NQg=,radio,Discover Feature,song-based-playlist,0
cF/VJmBHwhcqdd016oPP1wXBdWSjxEHEzwlhEn4+/4A=,tB7WW8fbj7VdrPYInjSGBfslYr2DKNIeeFKQsqqMZvc=,explore,Local playlist more,song,1
Mue3orxlJaHmK07bXWDrchFW1f/Or6TLVfMwx9fO9aA=,Q+minHX51E+PXPs1VxkIlW+XhmV9ANm2rchEcZ8Wt9k=,explore,Discover Feature,song-based-playlist,1
/2A361q3cuoEFZ0FoMEWj8SIVRJyPpHZQ5ni6Oud88M=,a4TbK5V15pj3YZUOGa9h2U3t0OsE+3aiFw41mNlcgcw=,discover,Radio,local-library,0
xQp8uu2ljPWqokw6Eg+4TCB/GUC/EZwFMcapcleGiDw=,A0t3F/l/3A5UvyPnNQNkrwJuW4vH7f/ttZZ9ud7eWx8=,explore,Explore,song-based-playlist,1
2+T8pswRgDmvZ6B4esKi3lWZyT4xqeVKmv19J0/y51w=,CXdtx7/QxePhjYwYFcXVv+lXjCDEGRJ9r/OC7IQXthw=,search,My library,radio,0
NzxFYmHEK32NaephTO2QGtxiR93Cf7U/Tp6jkoY25WE=,ra6TLz6Y37OSFOqg4aCvjV7nalatCwZdQvoJRMwSNvk=,radio,My library,song,1
+Y+wTRRkZ0QA3bV4+7nwu8qlN5Kb7ygMhqvB5L929YI=,+SstqMwhQPBQFTPBhLKPT642IiBDXzZFwlzsLl4cGXo=,search,My library,song-based-playlist,1
aMB9nC9PVKXsk/K++qMMG0in0dvk2XiUFuAnr10qiac=,OakhL7CLirelAGEP9sYyP6fmTa8HV1mD/qVdpM6o5uE=,search,My library,online-playlist,0
OyELWVNKZMJtqg+BFArzAokp8bn+pGhBWbCZaxyLIus=,31Tp9mUO5cVc8fEd67bI5GTrfev3MiXPUokaum1m3K8=,search,Local playlist more,song,0
6aH1YAi5YwvZUHtpjEaMQwM0p4wP4XLrkWQSdXDF9L8=,H9SPhwq9W0h/3XECeWOjmDRiVN7V5bxTLFlOqWDcqrI=,discover,My library,song,0
gxxBbzV3eE2XGjUrFVB2FzAve55Oe1s86HD+OEh36Gw=,SHV52/0W8kZcf3uJZF9+ZP3S5vu2RO4WNGhZ8qQHulU=,explore,Radio,radio,1
TO253iXvHroemKYZ23M7YL7uu6Um4zEwByNl4wcpIYs=,Xpjwi8UAE2Vv9PZ6cZnhc58MCtl3cKZEO1sdAkqJ4mo=,discover,Explore,radio,1
hOyJGmY7tciqGf1EhDj5UT86IfSSnaTHP5JWAPxYN6s=,c2bp6xlq7o3Pj6x95ddX67S/wGsP6qPN/8PqM1DL0a8=,discover,Radio,online-playlist,1
0gR6Hl63ExurTrvY9uEfmgDDgRj0nBaIse0DU199YT8=,8ZT1ADO1qNipe/T41z8XASvyZRgdBUL5oung7zV5am4=,explore,Radio,local-library,1
FaH6rl69OOVwbsO30jjdjVXD9wJO8pcVZS6LGy5zTJM=,un97bVjGL490RQbl8kr/58qbzkeuFBGMnXFRst9RArs=,explore,My library,song-based-playlist,0
LThaiVqGGnVTPmTcmwN/LLo4fVb5dzkduzd7s1SgzIA=,XVAiWjCX02nhNZ8t4bKfJOsVU51bG0YJXuOUl00tTgY=,discover,Radio,song,0
ocQB699RoI5sBlRUfv8tu++vqupI35/95l3U507jdpw=,kFx6IW7O34CiWxdfV61/cIjZs57ZasQBPjJQSJk2pk0=,search,Discover Feature,radio,1
xEeMEDdDCvfLGt6eoayVgVh48nLdPvEm1XzwzY6lT58=,xeyouM+hIjUtImV20of0p7SrDY4UnejP5Q/BnCHYG00=,my library,Local playlist more,song,0
lFQM2AQ0IIifeOgmnRDSFEuWfh7XQZm0Z+O6K696CQk=,8OsXpp32oqorzAN4NNkVouaV0I81ddPLZ8DxMRAGJdQ=,radio,My library,radio,1
sgT7F0PbR9/iCyzeSzcl//+E+fK3CeZmM1deeeJ5rZ8=,750RprmFfLV0bymtDH88g24pLZGVi5VpBAI300P6UOA=,radio,Radio,online-playlist,0
LThaiVqGGnVTPmTcmwN/LLo4fVb5dzkduzd7s1SgzIA=,wBTWuHbjdjxnG1lQcbqnK4FddV24rUhuyrYLd9c/hmk=,search,Discover Feature,song-based-playlist,1
2tmUzRCcD0l3et0ck9XfxZT6gT9LM3w8gwfckVNylIU=,WDhQhhbq+bwhBY642Fx3e5eGBdvqzzXmwiouCaVI0R0=,discover,Radio,song-based-playlist,0
Y8fGbgG4J6bpoXzljxRIp+hwVjk2ULHaLAfJatxHjg0=,eW1d3l1sSncU4sGM69MJtIG79wnXbdy8FZKpFVElS0g=,explore,Discover Feature,online-playlist,0
p9Lk74DKfVohPHjTvzHSVQ3lRaqW2ofcBolP45FJgiQ=,x+wwBWqNXLShElFWaLs1ahI15dN4cl4ShC1/Wm4PsH4=,explore,Explore,song-based-playlist,1
rRUTKZAVxGBh5XRUk+Lk/b/gHcAOsbk1hiQiEfubDh4=,HRg8zzy3PcS4sBcZIFOcUL4uCqg7SurUslUQyF2op+o=,my library,My library,radio,1
2+T8pswRgDmvZ6B4esKi3lWZyT4xqeVKmv19J0/y51w=,YpeEDiJw4nf+dGvwJJqGWlFsbJp2cRxhmB3vioPeU0E=,my library,Explore,song,1
gxxBbzV3eE2XGjUrFVB2FzAve55Oe1s86HD+OEh36Gw=,9uDuRF+ToaleR51vHf8IEw4NEKDJXRo/rVRV2011aSM=,radio,Radio,local-library,1
4tuTIArXO3WO8/zS9y2CC34ywEfChjAKUchlKW00DMM=,d9Flpsyq/y8CR3F213pnXUkrfK1fMClvhYH37pFSc7s=,my library,Radio,radio,1
FrYc5vaJMygJR0CjtIqrigWOlEKURefFwGKvr0BlbMI=,bFbleyVHx6Nr9tHMr4OybO2i3A4FS2Be0/62K2+FSpY=,explore,Discover Feature,local-library,1
uA7h005WTDJTwS1Tv1uzmWcWTpt/7x7Xx8JydbeMi2U=,HRg8zzy3PcS4sBcZIFOcUL4uCqg7SurUslUQyF2op+o=,my library,Explore,song-based-playlist,0
YQiox2a4tbRbNBaL+VfOLH8oea77HPJMPWRh8euXZqM=,VdVi5NKMJeRDsz4+3xvrpu66FNVTcQ4G26TXoUxW8bU=,search,Discover Feature,online-playlist,0
saNgxsUQwx4IXBRgFF0w3uJN6KzvQBEv3dI7dDaz97g=,EH+nzRuSscqbP1Xd8ulzTMCGLEjqdzdxCaR8Fgyh6VY=,my library,My library,online-playlist,0
3yBpYWqEybBPazsqB5NIhrXKCFe1Djn5orPBvxz9ArE=,CTwL9Gnx6QsaZ6+ygo/VHirN/XZKxlUJEB2VGQX8yjg=,my library,Radio,song,1
4tuTIArXO3WO8/zS9y2CC34ywEfChjAKUchlKW00DMM=,cy10N2j2sdY/X4BDUcMu2Iumfz7pV3tqE5iEaup2yGI=,discover,My library,song-based-playlist,1
ZIThPCdbFdxx0T+qKaAnQprzkTcoMTJL66Of3nlFGLA=,rqNd52MxQ+okfR61j2c7u36DLODO4d2Zt/hMm3jxncM=,discover,Discover Feature,online-playlist,1
Bljj9o7B1zgL0RIpZef1SlSigiTIMr0mDPv7aUyzuXo=,PgRtmmESVNtWjoZHO5a1r21vIz9sVZmcJJpFCbRa1LI=,explore,Discover Feature,song,0
rdNI0wgxmcsOgjH0akX2/zzW8qbDZc45D681Mpq45jI=,uzU6ntNZT60j0CqFNXTpF6Oo8W3w5UwU/ANEODidW04=,discover,Discover Feature,song,0
hzy7RwzEVDm4JmC0X2qLUvnoE1+2zNTEea4fOe/o6ms=,6QMvPiMG6bKF5+C4fSsfeR/LGNMiwL55HNhd3BcvSKE=,my library,Local playlist more,radio,0
3i0jlUKhqqUKqFsoJVgN2UcDOuri7fCiE33XUCnKHXo=,opfHqJ0Oz4KsSqM5/TqBERkLI9DFnMD0Jywzh7XSE6Y=,search,My library,song-based-playlist,1
TxvdtN1Ehq4kbgU5J7lw+ik6Pc0NZjnQKARPiCCf0fk=,XUz4Z4wPPChz+OIwkwj7HJ8teIjW3rEMdEATM80rDxM=,my library,Discover Feature,local-library,0
R2FvE4x+hefwL4evbgNGNCng13c1MkP3PHocNtU91qU=,J9EcIEDOoNbdN2ku4SGtIp0pmg/k+NRWLOZIra16DUk=,radio,Radio,song-based-playlist,1
J/KdXo5kGQs+dRxYam3/tZlwhl7ZX+sYvvCdjg8Tqzg=,f0Yvo22LVUbRIlICXcEEym7IYNVjUqghZryP6Vf103A=,search,Explore,radio,0
O6cmcavFpTlX0oU/WxJrYGxLIvR22dVpHz/VJxylp8g=,ZcKgNis1AP1LA0sdtIddrtk7P04iiJzJrXvwXdT/X3Q=,radio,Local playlist more,local-library,1
a3O5che4tB5RTo8XoApn10uQ+FpVjTNwJfNrrQyaMXk=,+h+uIXLQyXHuCdwAY5oT3T302vt0IdQJtux0APXhriw=,radio,My library,song-based-playlist,1
SWoa4UvhuutHxhcRAxlfTc6Jr1j5tGw9cp3Kiq+ayKM=,ys+EL8Sok4HC4i7sDY0+slDNGVZ8+uOQi6TQ6g8VSF4=,radio,Local playlist more,song,1
4tuTIArXO3WO8/zS9y2CC34ywEfChjAKUchlKW00DMM=,kge3dyGXCTqgUbHpFPB0x8gy+cPAamtArhr4sghdRH0=,explore,Local playlist more,song-based-playlist,0
3i0jlUKhqqUKqFsoJVgN2UcDOuri7fCiE33XUCnKHXo=,HbqkjwnnIt6BtfmvVyXTdPHAsFCYxU74sv8+s1lfIwE=,my library,Explore,local-library,1
a3O5che4tB5RTo8XoApn10uQ+FpVjTNwJfNrrQyaMXk=,4MisMKfKs26kWvzPwqJMnqqoeNfOlsfiiFswvWIQOUI=,explore,Local playlist more,song,1
oqovZIlVcIUL0aIMGYtXxy3R+xJcxmJBJUXeIb+HJYA=,eBme/h4Z4eP7BZY3tifu5Lr/dRB9NQJVIl36jZ5DZGQ=,radio,Explore,song,0
lfK5QUAaa28niDIyQ2oGkSntvSe7G5EmQ1N6nvnE8lY=,8Ckw1wek5d6oEsNUoM4P5iag86TaEmyLwdtrckL0Re8=,my library,Explore,song-based-playlist,0
/mmecbnAd2Jrji3aonisktBko1/o+F68GqpV8X4gHiI=,FaTUlIiCh/6sEOasPm1vgIk9XqavgSGgRGYuOkzTF0o=,search,My library,online-playlist,0
BqnomjS+KJtzWrGRkqLEoO3I7KapwN4B8H9in4Fsf+I=,pCf4HI+z4rQsY9FF79m+Sojnl207qtHqtOWU2VFW1ZE=,discover,Radio,song-based-playlist,1
3yBpYWqEybBPazsqB5NIhrXKCFe1Djn5orPBvxz9ArE=,IomyG8OwXU9lWvede4KdHxtUZ+eppEdusnOCDDok36g=,discover,Radio,song,1
EDSn8rAs8qjUvqhhFG5diTbaVbJi8qkoKXeMzf2JGVQ=,L6w2d0w84FjTvFr+BhMfgu7dZAsGiOqUGmvvxIG3gvQ=,radio,Explore,online-playlist,1
EBXSMA3gzTff0F01n56dHSBQR/IDWiwuw5S+ksPgTc0=,IgMar/mVrJQ+ODFPytDf7jwQMmR09+slyZUdVylRFLc=,radio,Explore,online-playlist,1
E3yiQ2d5+KiGkm622V73IRgukx9qXPYJIpG6xWF/lF4=,dKfxhaRKwvhiYOUQ5JlkxQrJ/dDksdFueybCIdG5dXI=,radio,Discover Feature,song-based-playlist,1
cNssc+2L1Fx77CzASou28E9qfWeJjQKZtfoADkl/xkQ=,6QMvPiMG6bKF5+C4fSsfeR/LGNMiwL55HNhd3BcvSKE=,explore,Explore,song,1
o+5RNlSWrzvrphgBNGIo1FLkGxBgyICns6qXj3nS7Pk=,GFWjz4apE8zMiXe6wc0qCjr+DbK9BFkwo/rr+FsNm+g=,discover,Local playlist more,local-library,1
Wg1bSRX3JtJ9ElarOhpbEaV5pu9lgTeS33mARTV+Sl8=,7NV5ZpaFlc7e3fjuxNiiuL0+HEr8qASFr+HHztIhwGY=,explore,Explore,local-library,1
FrYc5vaJMygJR0CjtIqrigWOlEKURefFwGKvr0BlbMI=,reXuGcEWDDCnL0K3Th//3DFG4S1ACSpJMzA+CFipo1g=,my library,My library,song-based-playlist,1
cF/VJmBHwhcqdd016oPP1wXBdWSjxEHEzwlhEn4+/4A=,YKXNGyMdm+M370+YcJdqTDhPN1gJgBj+F5rmrdnPZT4=,my library,Discover Feature,local-library,1
vSstkkQzt3KMmyvh0MGHpXpgzHO6kobAYipy6ik6HB8=,zuyzUP11fbgoVp6IMfWK378GDToe59ZlK5gkf+7aKdg=,search,Local playlist more,online-playlist,1
BNSYbtaNNCYfKVig95LpQJArTEx/RN2FgivSohB8r8M=,3OvsjjGFnEouJggaSOMVUVgzrgoTRtKd97GVQlQXUWQ=,search,Explore,song,1
sgT7F0PbR9/iCyzeSzcl//+E+fK3CeZmM1deeeJ5rZ8=,4MisMKfKs26kWvzPwqJMnqqoeNfOlsfiiFswvWIQOUI=,radio,Local playlist more,song-based-playlist,1
uhEkft9Ht4TsUF5wBkmmZbtbaIVESVfiUnMlxHYl0HI=,WOvHYkt7XUOtmMOTsgT+2vJKydJEVInZGliuLUXoV7o=,discover,Discover Feature,online-playlist,0
4tuTIArXO3WO8/zS9y2CC34ywEfChjAKUchlKW00DMM=,h90KlUZE/mlkkPjhbhz3hXY1zvOhqJXuiKBoFWnTDAo=,discover,Local playlist more,song,0
frZtrrN1Y2ZqZX3VFiq7FpAvLth3kZJNovT9cmyn2O4=,XgLDH2I0dmKXQNQTMsNyGSy5oz+o6o6jPTqj0I8abFY=,my library,My library,song,0
BNSYbtaNNCYfKVig95LpQJArTEx/RN2FgivSohB8r8M=,Wi0kjTBakpXIWBbaT++vmtjDSEo06lhfiVO4KMSF5jc=,radio,Radio,song,0
E9jsIxPWhebfnR8cbqPgS+FxCt0zBSXP+72mYRFg0+U=,h45pWoMzCvsq3e3rBIuHggNB/3NG06/SIVDPEPOF1Gc=,radio,Explore,song,0
TO253iXvHroemKYZ23M7YL7uu6Um4zEwByNl4wcpIYs=,FcbwzPm3n/PP+UZAjJaKFggjPSjyZ7YyxBA7LlheYi4=,explore,Local playlist more,online-playlist,0
5LGtbWKwKifap3ECM6HO04gPY339RM0oF7D/MfWzUxg=,++QfzyM/LiFaCuvkDFK/wJe13ZEMgTgAaVCcolo7nnY=,discover,My library,song,1
3yBpYWqEybBPazsqB5NIhrXKCFe1Djn5orPBvxz9ArE=,lUp9A0i6jbaMvGNlR0eaMwxd0Vlv5LZM6NHgDDBCqqI=,explore,Local playlist more,local-library,1
3i0jlUKhqqUKqFsoJVgN2UcDOuri7fCiE33XUCnKHXo=,VkILU0H1h3NMmk9MQrXouNudGk5n8Ls5cqRRuBxeTh4=,radio,Local playlist more,song,1
xQp8uu2ljPWqokw6Eg+4TCB/GUC/EZwFMcapcleGiDw=,fEAIgFRWmhXmo6m3ukQeqRksZCcO/7CjkqNckRHiVQo=,search,Explore,song,1
16pGH8W1JKJTrQSZDX3gQY57S3FiO4YJheGRiYbONsU=,wBTWuHbjdjxnG1lQcbqnK4FddV24rUhuyrYLd9c/hmk=,search,Radio,song,1
5pr+x566HOsYLEv4ouZ5cEHFFwBB74xaFbExdPGJ6b0=,DLBDZhOoW7zd7GBV99bi92ZXYUS26lzV+jJKbHshP5c=,my library,My library,local-library,0
UhqjLSMwLYzjZFDyYQF6A33phr0tPNXyu7+I08q/u8g=,CsgH03aRehnhVifHOPXwF4mfA2yHdqK/IWpwXMm73CU=,discover,Radio,song-based-playlist,1
K7obY5lUlZTd6a/byE9NG/e7Q/dlgHfppLbYk8OL7os=,IiO/4aXuzEtXpyd1A7LV2TlAdIS5Rzl3hwdtbKuNBQ4=,search,My library,radio,0
1m91HsZUO53drOd2CmAT2nf4JnK4xxBfbzPNTu9pkjU=,+WZeyJdxSPcag6xHLPjJOfJoc1haKiC4j0BcbZHG5ig=,discover,Explore,local-library,0
OOETiYOFhuTowtgRUIiKommGv0eo6XUHLc1ofgwcJew=,uaU3VI7KA2xoQkGkSC4NNOMFmHL9R85kdR7eyY5Pc9M=,explore,Explore,radio,0
IU4XmahhntFf39v7Xzd/Nk6fjzZCCpAjOU8xW2TWHGk=,oTGg75yjTAP0grXmGld3EUD0b/b9u7lW2JyUX/mBiXI=,search,Discover Feature,radio,1
Tb5tCteFbk+G5Jyvq9SqD1eAzgZ98WR/xOCvvjkNCog=,VRv9apZlj7gcyYq1zz2eZsYOnpnoNg+e4GG0b0b0Glo=,my library,My library,radio,1
5pr+x566HOsYLEv4ouZ5cEHFFwBB74xaFbExdPGJ6b0=,eW1d3l1sSncU4sGM69MJtIG79wnXbdy8FZKpFVElS0g=,discover,My library,song,1
zYTm2T59lT+Z/hpoywdET+EGMcRhwi4rzL7WD09iRC0=,6HofPS0v2MVFsL10yCN7dXUL+gUOnvsD35vx3HmRbdE=,my library,Explore,radio,0
cF/VJmBHwhcqdd016oPP1wXBdWSjxEHEzwlhEn4+/4A=,8Kn45Wt6j2eOQSYFai72rdxvmy6rXFGXCcbi92hzOAY=,discover,Discover Feature,online-playlist,1
hYJpPvGod6vy09TnlXdQe3Q0vlxju5u5Ruf8V2XkTio=,7dUiqNIuyM+aDRJEw3+ZSYydeZGAQ1AAI0eOd0Nzh8c=,explore,Radio,song,1
o6lVTGcU8lL0OI4fOMWc21THJHoOjqxxYlYACoyTN6g=,jHMqK5wu5C0txl0QCxpkSM1xbIev60ii+dc99LXu8EI=,search,Explore,online-playlist,1
rGbXmjKDOsBV9n2LJEPtx4GcJS00c7Bs9ZFo6icxVJM=,U9kojfZSKaiWOW94PKh1Riyv/zUWxmBRmv0XInQWLGw=,explore,Local playlist more,local-library,1
UTAElx4+rSh2QViTKHQhC40cphX7ZIYafAOMJOJCshY=,HRg8zzy3PcS4sBcZIFOcUL4uCqg7SurUslUQyF2op+o=,search,Discover Feature,online-playlist,0
UTAElx4+rSh2QViTKHQhC40cphX7ZIYafAOMJOJCshY=,RiJp0d9j7dfyZ/pyUPtWLXiVp77iitN5lUQTR6qjEOg=,my library,Discover Feature,song-based-playlist,1
w4SNbHDAMuMbulkgcHGYOl/datijVua3CR5D73DylLs=,y/rsZ9DC7FwK5F2PK2D5mj+aOBUJAjuu3dZ14NgE0vM=,radio,Radio,radio,0
b5XWI+EhZTCGoQ6YK/SLu3tmCnKh8Z7wBK6Gztm49uA=,x+wwBWqNXLShElFWaLs1ahI15dN4cl4ShC1/Wm4PsH4=,radio,My library,online-playlist,1
OyELWVNKZMJtqg+BFArzAokp8bn+pGhBWbCZaxyLIus=,fEAIgFRWmhXmo6m3ukQeqRksZCcO/7CjkqNckRHiVQo=,my library,Discover Feature,online-playlist,0
aMB9nC9PVKXsk/K++qMMG0in0dvk2XiUFuAnr10qiac=,WTTcFYZNyqe1dL6Rm+jQMLx/tospfRR+PhD1OFix1mQ=,discover,Discover Feature,song-based-playlist,1
uQ6LOBwmu7lIjv+wFaq5+M4IcAZEha2J0uyDB6Y8aqY=,Wn5ltxI7NsFk4xGFHOFXv2ajWU9HmuEgDF+xs1EJpFo=,search,Local playlist more,song,0
n7V1D5AuwLykWxCzsU1eNPSyxVbrSXs6IXiWF2zN0gY=,gZphe9aRvr0vVO/oEt23amqyDc+YabbIJ9WIzZTVjG0=,my library,My library,song,0
SyBjgDUF6aV+1d17oV4XPDBkJLU//LAOwWdYh4DAUiU=,7EnDBkQYJpipCyRd9JBsug4iKnfAunUXc14/96cNotg=,radio,Local playlist more,song,1
H5DWyI7bujtol5aU1pzvLdfBAs45Ym/5jicdUlerf2s=,p/yR06j/RQ2J6yGCFL0K+1R06OeG+eXcwxRgOHDo/Tk=,my library,Radio,song-based-playlist,1
TxneOykZ/MOIbQmA/aJ4EUQUIR9r+Egt6TNQu0WgwpA=,G/4+VCRLpfjQJ4SAwMDcf+W8PTw0eOBRgFvg4fHUOO8=,radio,My library,song,1
+boPBM5G5+vAfbO6zTy7A2FrVQyl91aBPGHkQ6ciNYc=,Z2Y3t/lsoBgA/2HAfy3UP+QWfdckt9BK2u6n8xwqkng=,explore,My library,radio,1
HfVrxfpxOJuQ4FofEFxdlwm9yvaoy8y0JOH3GaQ/RTs=,YKXNGyMdm+M370+YcJdqTDhPN1gJgBj+F5rmrdnPZT4=,search,Explore,online-playlist,1
qljEWgpUDxIw7Lpc9mpZSYjpH+RmsE3T6s0x852lzRY=,LBFRdBacp7Ob6Ada2N7uCQ47DhiNT2KjUtwOA7oSm7I=,explore,My library,local-library,1
tnPUP8fJSxqSkuJZygxUzdvY2dVUyPxoKCGHmrwcKEM=,OaEbZ6TJ1NePtNUeEgWsvFLeopkSln9WQu8PBR5B3+A=,radio,Radio,song,0
FGtllVqz18RPiwJj/edr2gV78zirAiY/9SmYvia+kCg=,rFLawM8j/vW78o/S3P2GTsmy6HwkTI15P7NF/i9CkX4=,my library,Discover Feature,song-based-playlist,0
gNqpBxDbTlhvjHhGUzkOXI7uwdcMfsUjThCFibPphkQ=,p0vznXPDpqFXtJzcvx4f9NxqLDC+1PQ9/Prr8kUdSuc=,my library,My library,song,1
UGX+2jh3WO5XRuVOPuPCiIetzHlBjh0DPOLPeJSe36E=,q5/Vwifgv0SGdEIyiMU2F0pIXkeCIW3w2xB8n4iMoS0=,discover,Radio,radio,1
ZIThPCdbFdxx0T+qKaAnQprzkTcoMTJL66Of3nlFGLA=,/vRMwxfCQC55cFGMLtxZlAqhDFW/aPQMGdkRnykeWyc=,explore,Local playlist more,local-library,1
a6uMxhS43vQ++TrVP3jdHT4lFfjw61SlIsCkvigQ5ro=,DhuNF1B0GK4zzZ7U+v/vt/Y+3aQbTRmV2bd99TUAXzI=,discover,My library,song,0
HfVrxfpxOJuQ4FofEFxdlwm9yvaoy8y0JOH3GaQ/RTs=,gvHR5iZ5GWVYZBMTQFo/k0LB3Hh2RDUNhDgOCzICosE=,my library,Explore,online-playlist,0
lq5Q5jIo2pNtn/bTBZy8e07jc4qcIhLI7PXeieo/EgI=,plcKSDtGLCbnZbKxbsASN8Lz+EtSEkRW5WJ8eA8UA8g=,radio,Discover Feature,song,1
HfVrxfpxOJuQ4FofEFxdlwm9yvaoy8y0JOH3GaQ/RTs=,wJdog4OHtULqly94aQ/X2uud6ya+juDh25ay4sqoxuI=,my library,Radio,online-playlist,1
uCDJmSDTzA5PpnYGqKvNmFbwBIoS3jIXFbO5YfoCv/Y=,LBnwicJLcepb/l8c68qpMRJIaUcm1UvgtKEfQwITrpI=,radio,Explore,song-based-playlist,1
vSstkkQzt3KMmyvh0MGHpXpgzHO6kobAYipy6ik6HB8=,o9HWMBZMeIPnYEpSuscGoORKE44sj3BYOdvGuIi0P68=,explore,My library,song-based-playlist,1
rRUTKZAVxGBh5XRUk+Lk/b/gHcAOsbk1hiQiEfubDh4=,JRa3KgSwWDyY17usXoi6jN8O6v6t6Tq4xcwjbUkbQFQ=,explore,Explore,online-playlist,0
yBXKYfcmQ+TtIEvkLQXabAY2uwudIGn21dEZYAwCDCg=,o0kFgae9QtnYgRkVPqLJwa05zIhRlUjfF7O1tDw0ZDU=,my library,Explore,online-playlist,0
sgT7F0PbR9/iCyzeSzcl//+E+fK3CeZmM1deeeJ5rZ8=,HRg8zzy3PcS4sBcZIFOcUL4uCqg7SurUslUQyF2op+o=,explore,My library,song-based-playlist,1
dO8vzPwqXvOjrPWDW++gVecwTNnzesp3zW1dtRc6KEk=,fEAIgFRWmhXmo6m3ukQeqRksZCcO/7CjkqNckRHiVQo=,search,Explore,local-library,1
dU4RbzpIRRd/EkA9Xncpy9CglzDBZp7nKMfdnfr3Aj8=,DKGm2awf1TsLWeXqpDfVVQf5M2qPmcxI9Dwxz+45Qqs=,search,Radio,radio,0
UhqjLSMwLYzjZFDyYQF6A33phr0tPNXyu7+I08q/u8g=,FaTUlIiCh/6sEOasPm1vgIk9XqavgSGgRGYuOkzTF0o=,my library,Discover Feature,local-library,0
5wvbHjIY9vAARXRg82rOSUqfZlHLqJN88I8W8bwsiSc=,8OsXpp32oqorzAN4NNkVouaV0I81ddPLZ8DxMRAGJdQ=,radio,Discover Feature,radio,0
Ty59+gs+lfVbfm1T/SDqLmbFhtkAP4Mm75uYiaKZ6kk=,dBblcCblxZ/fqu94pTStU055+hRvF2oiyDEq0qHIfiA=,discover,Discover Feature,local-library,1
saNgxsUQwx4IXBRgFF0w3uJN6KzvQBEv3dI7dDaz97g=,vkagi2Lrvjx/FxLWE6FHZFoDoOaSWI052fEQCwouDUs=,discover,Explore,local-library,1
5wvbHjIY9vAARXRg82rOSUqfZlHLqJN88I8W8bwsiSc=,S9Ceoq7vRyE9wVvIyi8dWYZ+9bN3W/hP8i6nFTM8y70=,explore,Discover Feature,radio,0
H5DWyI7bujtol5aU1pzvLdfBAs45Ym/5jicdUlerf2s=,OaEbZ6TJ1NePtNUeEgWsvFLeopkSln9WQu8PBR5B3+A=,explore,Explore,local-library,0
7xiBI5xU3P2/IiR9teB7jySfzWo96JGikGajteLd3Cs=,IgMar/mVrJQ+ODFPytDf7jwQMmR09+slyZUdVylRFLc=,explore,Discover Feature,song,1
n5v6IqRk4CZnELtP0Z2et7EZrdPicfyhvD2gIdq1Mcc=,WDhQhhbq+bwhBY642Fx3e5eGBdvqzzXmwiouCaVI0R0=,my library,My library,radio,0
T+FJrpYi77CWTUE5nO/vliojRaTPgt2bRUQHy5lhXrQ=,dBblcCblxZ/fqu94pTStU055+hRvF2oiyDEq0qHIfiA=,radio,Discover Feature,radio,0
a6uMxhS43vQ++TrVP3jdHT4lFfjw61SlIsCkvigQ5ro=,o9HWMBZMeIPnYEpSuscGoORKE44sj3BYOdvGuIi0P68=,my library,Radio,radio,0
a3O5che4tB5RTo8XoApn10uQ+FpVjTNwJfNrrQyaMXk=,WRuHbl8CJbAuzUb4f/88Ly6IXif+IVVWolkp33Nm8wI=,my library,Radio,song-based-playlist,0
cNssc+2L1Fx77CzASou28E9qfWeJjQKZtfoADkl/xkQ=,cVHsClcaUfj3ZPoqihH1Rd6ZSaDpa6UbdMDcyx8FfVU=,discover,My library,song-based-playlist,1
pJxMd9PL/N7CdwTwKu3YqiqYSRAJHuejlrTonaPfPfU=,CsgH03aRehnhVifHOPXwF4mfA2yHdqK/IWpwXMm73CU=,explore,My library,local-library,1
Mue3orxlJaHmK07bXWDrchFW1f/Or6TLVfMwx9fO9aA=,opfHqJ0Oz4KsSqM5/TqBERkLI9DFnMD0Jywzh7XSE6Y=,search,My library,song,1
6bwk5TTaA1YSOmPoxDgBBlV5CrZJEar2C6SxwT5nDrU=,XVAiWjCX02nhNZ8t4bKfJOsVU51bG0YJXuOUl00tTgY=,search,Radio,radio,0
EDSn8rAs8qjUvqhhFG5diTbaVbJi8qkoKXeMzf2JGVQ=,KxxFN09YQwSN0eAJSUf2xa5ZKjyZmX3nIVKM+zKxq6Q=,discover,Local playlist more,song,1
rEVqJ3NIxC9LSUZYOj1ft5VSAvFo3AxNu2k36hKKtWc=,J4qKkLIoW7aYACuTupHLAPZYmRp08en1AEux+GSUzdw=,discover,My library,song,1
AXKTVBbdr2/z7m5WL1IXzlriNbun8B+7wM41MsWCYDw=,ClazTFnk6r0Bnuie44bocdNMM3rdlrq0bCGAsGUWcHE=,search,Local playlist more,song,0
tlFGRF/TtrSwJA9XPHL4cajWghZCbAbhzif/6wJiN6Q=,reXuGcEWDDCnL0K3Th//3DFG4S1ACSpJMzA+CFipo1g=,discover,My library,song,0
6bwk5TTaA1YSOmPoxDgBBlV5CrZJEar2C6SxwT5nDrU=,9zVQUtq/Uzlxk3X7BwI28CSY7FomzpmtsRc8f2bRyJE=,my library,Explore,online-playlist,1
2+T8pswRgDmvZ6B4esKi3lWZyT4xqeVKmv19J0/y51w=,h45pWoMzCvsq3e3rBIuHggNB/3NG06/SIVDPEPOF1Gc=,search,Discover Feature,song-based-playlist,1
EZmIP7zKgqKwpEHnuDjRIkzCmcLNlHn4hkiglZ5LxK8=,plcKSDtGLCbnZbKxbsASN8Lz+EtSEkRW5WJ8eA8UA8g=,radio,Radio,song,0
vSstkkQzt3KMmyvh0MGHpXpgzHO6kobAYipy6ik6HB8=,f0Yvo22LVUbRIlICXcEEym7IYNVjUqghZryP6Vf103A=,my library,My library,online-playlist,1
dU4RbzpIRRd/EkA9Xncpy9CglzDBZp7nKMfdnfr3Aj8=,+SstqMwhQPBQFTPBhLKPT642IiBDXzZFwlzsLl4cGXo=,explore,My library,online-playlist,1
VE8ZRudqIj9zHOSXxGg3cLOBkbykv78DwWN6IXRusWo=,yLoN4bFNhNb3LXZ4EdnptePHtj3Ztmrw/p13qGn3GTw=,radio,Explore,radio,0
DqwB7smOAIbNnnQbWOpfsmy9znTwfDEQCW1I6ujFG48=,jWx64JroBecZQXiaNU1toeSiTyhqdtsj38JTLS2TEhQ=,radio,My library,online-playlist,0
EDSn8rAs8qjUvqhhFG5diTbaVbJi8qkoKXeMzf2JGVQ=,vkagi2Lrvjx/FxLWE6FHZFoDoOaSWI052fEQCwouDUs=,search,Local playlist more,song,0
sgT7F0PbR9/iCyzeSzcl//+E+fK3CeZmM1deeeJ5rZ8=,Sb2AlcokNNB8/NfoJjK+C/N5lmET1mY6HAd781MxQy0=,my library,Discover Feature,radio,1
UjuPJCQo/YoGVR/yJ+CocmWUk2czJE0BBKqaPpVYV64=,JgOfPnluwAsKhpdLQgbfoSHpaZ74zcWYPqhhvhmFAtY=,search,Radio,local-library,0
8ncKS6kWM+oSslEfrPcRMcHq5VVQqBcbWoQ0FHlDgPA=,7NV5ZpaFlc7e3fjuxNiiuL0+HEr8qASFr+HHztIhwGY=,radio,Radio,online-playlist,1
8ncKS6kWM+oSslEfrPcRMcHq5VVQqBcbWoQ0FHlDgPA=,q5/Vwifgv0SGdEIyiMU2F0pIXkeCIW3w2xB8n4iMoS0=,discover,Radio,song-based-playlist,1
uhEkft9Ht4TsUF5wBkmmZbtbaIVESVfiUnMlxHYl0HI=,yCNGVHLlA+gdUm0RfeIm1xAYXFugchHvED5JVerYSWM=,explore,Local playlist more,song-based-playlist,0
TDHfjwkLrnoorqjTUFtlzSL47Yl1oEBpHM8k7qHrIdI=,W4gOC3iBXV97C05qyVDGIKAJg76BJcrzWPnLwkKK6kQ=,radio,Explore,online-playlist,1
J/KdXo5kGQs+dRxYam3/tZlwhl7ZX+sYvvCdjg8Tqzg=,YmAISVdWO5T+OgcuVLr6qQ7OsqPzAbBO7BrEwfcxMSw=,discover,Discover Feature,song,0
o6lVTGcU8lL0OI4fOMWc21THJHoOjqxxYlYACoyTN6g=,7vGvrf5l1XzNbeLZXzQgaNvc2VBmncarpN3LQpLUZiY=,radio,My library,local-library,1
Y8fGbgG4J6bpoXzljxRIp+hwVjk2ULHaLAfJatxHjg0=,G21dv1ZiXpa7iO6UrKktIgqRdrvx7nLjRbRHGmtzGvQ=,explore,Radio,song-based-playlist,1
SWoa4UvhuutHxhcRAxlfTc6Jr1j5tGw9cp3Kiq+ayKM=,jRzcNOC0WGSfwQmr9ZP5mxiPYxAdkGrPFGc0GvS1dOs=,explore,Discover Feature,song,1
K7obY5lUlZTd6a/byE9NG/e7Q/dlgHfppLbYk8OL7os=,B4o9XjQJPJGGJr63sxzS4LUoQOrNhyVU1DersrYXRlI=,my library,My library,local-library,0
E9jsIxPWhebfnR8cbqPgS+FxCt0zBSXP+72mYRFg0+U=,lUp9A0i6jbaMvGNlR0eaMwxd0Vlv5LZM6NHgDDBCqqI=,search,Discover Feature,song,1
a3O5che4tB5RTo8XoApn10uQ+FpVjTNwJfNrrQyaMXk=,9tMmo3BI0ElPvI5O0DoVc4u12TzxgEdtwTadElAbc1U=,search,My library,radio,0
7xiBI5xU3P2/IiR9teB7jySfzWo96JGikGajteLd3Cs=,DRWs2zLgDBAqLqyHsNZVPyiBed+Iutm+qsoWqvo6dkA=,my library,Discover Feature,song-based-playlist,1
R7AyK9ZUi5d21sCDumgghXW+TNacd/qN0dNMa0C22pA=,YBrWf/Hac5La5V2HZ80Mi70NzUcTehVDWhkIp8h4Klg=,discover,Radio,online-playlist,0
J/KdXo5kGQs+dRxYam3/tZlwhl7ZX+sYvvCdjg8Tqzg=,JTMsJNPcL2ambkp1Z/MeBEnFEzZEOKetdLPrJxHf7v8=,search,Discover Feature,song-based-playlist,1
hOyJGmY7tciqGf1EhDj5UT86IfSSnaTHP5JWAPxYN6s=,+CvzJ0dbjOAypszTDhMrSjJJQYNbEiDrSod3wwcOA1k=,search,Local playlist more,song-based-playlist,1
dZNojW/n4mqxR6RSZt4CMeCnJzzxBYi6n9qQCKbghvE=,BxDBwZ9N4vb18iY72TA2T1VROqz00TpBvOVeefkm9KM=,radio,My library,online-playlist,1
8Pvl/iQSa1A4J/op1WLFoj9PGFv5WHjDas6efapYoss=,c2bp6xlq7o3Pj6x95ddX67S/wGsP6qPN/8PqM1DL0a8=,radio,Radio,radio,0
MxCUQ6tAD7LU1yR0gwRck91ZKE88gY8kD/rX9Hi9srQ=,zx4aCmk+b/uPmvESsG8ekvi7qWmifSPNMXg1i8wyG8Q=,my library,Explore,song,1
AEZNdJt0QGYpBlT97tdnNaNHW5SqpgJb70TFmeZBYbg=,B4o9XjQJPJGGJr63sxzS4LUoQOrNhyVU1DersrYXRlI=,discover,Radio,online-playlist,0
n7V1D5AuwLykWxCzsU1eNPSyxVbrSXs6IXiWF2zN0gY=,kE+FVLsG03zTzYoGVDqTmVkoSKC9DjJwQr2puF6MkOI=,discover,Discover Feature,song-based-playlist,1
1m91HsZUO53drOd2CmAT2nf4JnK4xxBfbzPNTu9pkjU=,qxDl7URNa8pfCbbdoMNE0cHrU1+hMSIdyqhOGvQo69M=,discover,Local playlist more,local-library,0
bEJvXhD1XWK8qi0Lhydk9nt30hOTCkxG0a70s9ZeCEk=,0b8M2FLEH176y/ng1rK9ftUYDYnA+1NdoCOUeuyBMtU=,search,Radio,online-playlist,0
a89sofbsaFkpzn8/P10elgzbXDQokPTlsKc1uqi7Zco=,u6/Pb7X4u7KU4gXrBgGqt8RlRrNNFLn03tLAHyxRxwA=,discover,Explore,radio,1
VE8ZRudqIj9zHOSXxGg3cLOBkbykv78DwWN6IXRusWo=,cy10N2j2sdY/X4BDUcMu2Iumfz7pV3tqE5iEaup2yGI=,my library,Local playlist more,radio,0
SyBjgDUF6aV+1d17oV4XPDBkJLU//LAOwWdYh4DAUiU=,oDG5WCyUlb9i/Sr34Fljeh0YsONZKxl+7jjUw27vm5U=,explore,Local playlist more,local-library,1
E3yiQ2d5+KiGkm622V73IRgukx9qXPYJIpG6xWF/lF4=,48PnLVsKQXwlRoNr7779QyZxweYBbpX9z3E1YZm2F/A=,discover,Explore,song-based-playlist,1
ocQB699RoI5sBlRUfv8tu++vqupI35/95l3U507jdpw=,JVwoBKjxxE9L/IpNKsSCJJIYHcxvwxOKbFnM3TLwcTQ=,search,My library,online-playlist,0
SZ5NNypqaTWljFO1HiVZwkw3713+rM9x/JNdJd8/fzc=,e/upMhPFcXl3Rxq0Us1abr0FcThlZOeqKJhBobmltBU=,discover,Local playlist more,local-library,0
EErUQnZWpOhxSvs3UlAQ6Jme7r+DjJyvkqhEceArwBA=,nwSpTQoTbubQRzCAjsWTemzjG0B36aa5Dqpi2py8jsU=,search,My library,radio,1
JoGt+PgRGKHAhTQnaRqQygBWdDwGE6gdPbeGiGP4/Lc=,kge3dyGXCTqgUbHpFPB0x8gy+cPAamtArhr4sghdRH0=,radio,Local playlist more,song-based-playlist,1
UjuPJCQo/YoGVR/yJ+CocmWUk2czJE0BBKqaPpVYV64=,w4Zku7HxtkAKl/BB8H81ZfWOXwnnmVbZBvFZeRPuRUU=,radio,Radio,local-library,1
tnBf+t14y3vlNshUe1XQbIWYtTBMBYmVXIMWdNVRv/o=,JA6C0GEK1sSCVbHyqtruH/ARD1NKolYrw7HXy6EVNAc=,discover,Local playlist more,radio,1
E3yiQ2d5+KiGkm622V73IRgukx9qXPYJIpG6xWF/lF4=,limwLMOy3/jAQ5dOa3x7k/eJmA1ARXel99C337h+E34=,search,My library,song-based-playlist,1
ZIThPCdbFdxx0T+qKaAnQprzkTcoMTJL66Of3nlFGLA=,yCNGVHLlA+gdUm0RfeIm1xAYXFugchHvED5JVerYSWM=,my library,My library,song-based-playlist,1
rdNI0wgxmcsOgjH0akX2/zzW8qbDZc45D681Mpq45jI=,x0AQuGp6SHvaD/fLkk+6JzAp6zOUgd30Tx4oL3YBz5Y=,my library,Radio,local-library,0
3TZaybijIyaqU3P+moI/mzFWcAj6aR0p7bmxLT9iRq8=,fDBtAj8rHHCQGeSsDEeT0WA3gSp6p7g3z71981gFuQA=,radio,Radio,song,1
uA7h005WTDJTwS1Tv1uzmWcWTpt/7x7Xx8JydbeMi2U=,JP0GJixHOHSNDsjKiQY2ttQKbDmWSk35JMMfPtR06BM=,explore,Explore,song-based-playlist,1
7xiBI5xU3P2/IiR9teB7jySfzWo96JGikGajteLd3Cs=,ze0+7p13wqB1hZ/KWd6OT42LBehKmYVQyGGzEv8Q4fA=,explore,Explore,song,0
PC0HTwpYB4UtDaA1s7qlkmktEzeiz57VXvIJijk6ChQ=,+SstqMwhQPBQFTPBhLKPT642IiBDXzZFwlzsLl4cGXo=,explore,Explore,song,1
6bwk5TTaA1YSOmPoxDgBBlV5CrZJEar2C6SxwT5nDrU=,izWkEacMHX6lc+hEC3QnWwWd2LXiHZ9tacUNpfUz+aw=,my library,Local playlist more,song,1
16pGH8W1JKJTrQSZDX3gQY57S3FiO4YJheGRiYbONsU=,4MisMKfKs26kWvzPwqJMnqqoeNfOlsfiiFswvWIQOUI=,radio,Local playlist more,radio,1
Mn98O4X/zceMt9nswcoq08F16ciCqhuN7lQ951MAL2o=,fUGs+CNuo9R1M6NQbuyGVFMJmTf0TSFHjYDrBglyuVI=,explore,Discover Feature,local-library,1
4tuTIArXO3WO8/zS9y2CC34ywEfChjAKUchlKW00DMM=,2yDSviY+pVsksCfkmh9SyW1ulVkGtYFRpITn6jjCcCA=,explore,Radio,song,1
A6DJoTdyfFVxhngH62vlscx6pJsakhdeNs2vDEVTfH0=,8OsXpp32oqorzAN4NNkVouaV0I81ddPLZ8DxMRAGJdQ=,search,Radio,song,1
n5v6IqRk4CZnELtP0Z2et7EZrdPicfyhvD2gIdq1Mcc=,GFWjz4apE8zMiXe6wc0qCjr+DbK9BFkwo/rr+FsNm+g=,my library,My library,song-based-playlist,1
1m91HsZUO53drOd2CmAT2nf4JnK4xxBfbzPNTu9pkjU=,kTfvijj0YOM4LkNBb+6RCPKakz/8NEw5y2PMdmc9bc8=,search,Explore,song-based-playlist,1
dZNojW/n4mqxR6RSZt4CMeCnJzzxBYi6n9qQCKbghvE=,1UHqpOyecqH+8NytyogNdQz/2zUDpmHzUF5lgH1gvyw=,explore,Radio,online-playlist,0
nAiRf+UmYT7ZWIOUF6Ig3D0FDVIVpSgUb+H40Vg1eQU=,KZ5hwP74wRO6kRapVIprwodtNdVD2EVD3hkZmmyXFPk=,explore,Explore,song-based-playlist,0
JoGt+PgRGKHAhTQnaRqQygBWdDwGE6gdPbeGiGP4/Lc=,msy6vSQ15p6RVJfm/bSgcDwd3YSLp445Pdhzw6CEZRM=,explore,Explore,local-library,1
vBNHobQRQsofef7+9NZk4C6Y6T2PBXSGXUbn6c8UOcg=,++QfzyM/LiFaCuvkDFK/wJe13ZEMgTgAaVCcolo7nnY=,my library,Radio,song-based-playlist,1
uQ6LOBwmu7lIjv+wFaq5+M4IcAZEha2J0uyDB6Y8aqY=,8f/T4ohROj1wa25YHMItOW2/wJhRXZM0+T5/2p86COc=,radio,Radio,local-library,0
mGDObQQojFOJfK2rJKcme282huuk0qDxBzWL22/qYbc=,CXdtx7/QxePhjYwYFcXVv+lXjCDEGRJ9r/OC7IQXthw=,my library,Local playlist more,song,1
qn0aqqC8dcshYsmcFmFYJtebwjMp6kLr8yanC5QC79o=,ZcKgNis1AP1LA0sdtIddrtk7P04iiJzJrXvwXdT/X3Q=,explore,Discover Feature,song,1
LThaiVqGGnVTPmTcmwN/LLo4fVb5dzkduzd7s1SgzIA=,PQ60bLYQn4lnOqNp2pmsUziCKclqLai5pemA9rWWQko=,search,Discover Feature,song,1
akW+xn32y3X+ZisQokWwV8+caojTEpm3E8lV8E3yuBk=,rqNd52MxQ+okfR61j2c7u36DLODO4d2Zt/hMm3jxncM=,my library,Radio,song-based-playlist,1
tlFGRF/TtrSwJA9XPHL4cajWghZCbAbhzif/6wJiN6Q=,7EnDBkQYJpipCyRd9JBsug4iKnfAunUXc14/96cNotg=,explore,Explore,radio,1
+3RfkckBHS0oQrrjJj7p69bdwJak+qzKq0fhFaeXUxA=,eBme/h4Z4eP7BZY3tifu5Lr/dRB9NQJVIl36jZ5DZGQ=,discover,My library,local-library,1
sgT7F0PbR9/iCyzeSzcl//+E+fK3CeZmM1deeeJ5rZ8=,gffrcQ9mFCfCwM4Gx7ArXpR8J749p3tfh/tM0chIODo=,my library,Explore,song,1
4DlS5LiANEKlMTQD08dakyV1JWwPYI/n1wyjx4ImjPc=,ayL6eLHKSrmX4smFi1KbGMYrWI9EwsiErGjWUJ9CTrQ=,radio,Local playlist more,online-playlist,0
mDJCU+fKu/mbdk9l4SmPYiJwpeMyK44o9wmG1X3735A=,7dUiqNIuyM+aDRJEw3+ZSYydeZGAQ1AAI0eOd0Nzh8c=,search,Radio,song,1
cqjRBV/jWN2ujhc+z/4tz+Mj6xEfflAAt6qBXCqxKvw=,pkKADcjPLFdP9kX40L8dlmbLWkgUTqUB0LhurVLSTME=,explore,Local playlist more,online-playlist,1
EZmIP7zKgqKwpEHnuDjRIkzCmcLNlHn4hkiglZ5LxK8=,X96NEF2NcG6gyKVF0+U3H98CgAlgecjthmaqQe0nLPE=,discover,Local playlist more,local-library,1
pRHIP4XdwWx7YpREsLN4sD0gb2BUEbhKytDXlwUAO+k=,uzU6ntNZT60j0CqFNXTpF6Oo8W3w5UwU/ANEODidW04=,search,Local playlist more,song,1
baemFqI4x+fpHweCJQeb64jdSmOWUKkJuwK5BrgcsX0=,EH+nzRuSscqbP1Xd8ulzTMCGLEjqdzdxCaR8Fgyh6VY=,my library,Explore,local-library,1
AEZNdJt0QGYpBlT97tdnNaNHW5SqpgJb70TFmeZBYbg=,d5ayexvXscdzmuGxENyY8Uwb4AQaxt0dEcnkAgES7xw=,discover,Local playlist more,online-playlist,1
1wiu2UfN0BNhHfPTrDS3S/rQkX/vnwDoKH6ODTUdH9k=,2uFTn3kDES2C3JeqzV4cpSAGQ756GFK0XajzEDLqER4=,discover,Local playlist more,song,1
f2c4l3mhW4SmXKRP+OfPUdbQ4U8afe+gqcX9Dmh03Xs=,o0kFgae9QtnYgRkVPqLJwa05zIhRlUjfF7O1tDw0ZDU=,my library,Discover Feature,song-based-playlist,0
cNssc+2L1Fx77CzASou28E9qfWeJjQKZtfoADkl/xkQ=,uzU6ntNZT60j0CqFNXTpF6Oo8W3w5UwU/ANEODidW04=,radio,Local playlist more,online-playlist,1
+boPBM5G5+vAfbO6zTy7A2FrVQyl91aBPGHkQ6ciNYc=,Hum12fv82coQWytuQUP8K0cHEdJ9zz10RrGjsGqmDpw=,explore,My library,online-playlist,0
lSkUSnCm60kDLdEsnAVp6jwr2HkyIhDCEZLX82djjHg=,bTlSHgnwaBMIKHseTFHanJ3Zr4x82ybrGkexpnxDhTY=,explore,Discover Feature,online-playlist,1
4aRFGkKzGUpqTbjojytAtRQNdx0egL02hjJhSqq0+NA=,TVtxD8qAAl8KeA5CU+1c4Pg6+/PR3vK2vYMnY/eSGho=,radio,Radio,radio,1
5wvbHjIY9vAARXRg82rOSUqfZlHLqJN88I8W8bwsiSc=,KQkL3RbSia9p7I5H9wrdEFmQZSJEZc64kpnzDUUEe84=,search,Radio,local-library,1
UjuPJCQo/YoGVR/yJ+CocmWUk2czJE0BBKqaPpVYV64=,WRuHbl8CJbAuzUb4f/88Ly6IXif+IVVWolkp33Nm8wI=,my library,My library,radio,0
EErUQnZWpOhxSvs3UlAQ6Jme7r+DjJyvkqhEceArwBA=,hme5eV1flIR0iLiRc0XRKQHssHaz7palP92OutFelak=,my library,Discover Feature,song-based-playlist,1
xjA4Fs3CO4k3jQSXLFhn21zxTcYVRRRTzof3ZPn8KFg=,n+pMhj/jpCnpiUcSDl4k3i9FJODDddEXmpE48/HczTI=,explore,Local playlist more,local-library,1
pRHIP4XdwWx7YpREsLN4sD0gb2BUEbhKytDXlwUAO+k=,zuyzUP11fbgoVp6IMfWK378GDToe59ZlK5gkf+7aKdg=,discover,Radio,song-based-playlist,1
mrjKYVskMUAksvPgRky/E2g/TiPdbpH1j5CCOzAC5RU=,01dMXfqYr3EWV8V4ccmHMNy45+7YG8TBmGJ4IVWOduc=,discover,Discover Feature,radio,0
2tmUzRCcD0l3et0ck9XfxZT6gT9LM3w8gwfckVNylIU=,B4o9XjQJPJGGJr63sxzS4LUoQOrNhyVU1DersrYXRlI=,search,My library,song,0
lq5Q5jIo2pNtn/bTBZy8e07jc4qcIhLI7PXeieo/EgI=,eW1d3l1sSncU4sGM69MJtIG79wnXbdy8FZKpFVElS0g=,discover,Radio,song,0
pRHIP4XdwWx7YpREsLN4sD0gb2BUEbhKytDXlwUAO+k=,0b8M2FLEH176y/ng1rK9ftUYDYnA+1NdoCOUeuyBMtU=,search,Discover Feature,song-based-playlist,1
frZtrrN1Y2ZqZX3VFiq7FpAvLth3kZJNovT9cmyn2O4=,msJWKceAKkJe5FJDUUpnHBL8qS3QQUC2faxjiJrEw5w=,explore,Explore,song,0
Y8fGbgG4J6bpoXzljxRIp+hwVjk2ULHaLAfJatxHjg0=,IXP1a2o3NL8WU4WK1X0WJAKaSW+LgGRpPDn4Gt1HrV8=,radio,My library,song-based-playlist,1
zYTm2T59lT+Z/hpoywdET+EGMcRhwi4rzL7WD09iRC0=,A7Z2nDVASy04EpmfzOL9PRMN3hFVbWQ7ah4J+o9sLnE=,search,Radio,online-playlist,0
ZIThPCdbFdxx0T+qKaAnQprzkTcoMTJL66Of3nlFGLA=,bG9ptdK+Pb7m4ozflF/RjUqbG/uo5ipgAo1ffT8mnfU=,radio,My library,online-playlist,0
qn0aqqC8dcshYsmcFmFYJtebwjMp6kLr8yanC5QC79o=,yLoN4bFNhNb3LXZ4EdnptePHtj3Ztmrw/p13qGn3GTw=,radio,Local playlist more,song,0
YQiox2a4tbRbNBaL+VfOLH8oea77HPJMPWRh8euXZqM=,6QMvPiMG6bKF5+C4fSsfeR/LGNMiwL55HNhd3BcvSKE=,explore,My library,local-library,0
cF/VJmBHwhcqdd016oPP1wXBdWSjxEHEzwlhEn4+/4A=,22wN6a2Q/qVQosA8OBfVg6AbwvI2KJnZ35DXLqpLHJg=,my library,Local playlist more,local-library,0
5pr+x566HOsYLEv4ouZ5cEHFFwBB74xaFbExdPGJ6b0=,r5BnHxvuPlLjwr4MHf3dF3yUY+NVS6rHrkVG7wVZ1uE=,radio,Local playlist more,online-playlist,1
qd03y2Hs/0xCA/dPExadbY5XQdTHOcli3h8w4KTwhZ4=,4MisMKfKs26kWvzPwqJMnqqoeNfOlsfiiFswvWIQOUI=,my library,My library,online-playlist,1
2yBzq7nUBV99ankkp7O46elZikHVB5BvqHcr2Lzetlc=,CfOyUSvBAIGhsUEcZ6hTnWLLaQrDtzVmoIdmIMXBOTA=,discover,Discover Feature,local-library,1
wv0o115CdKSsFlsV7VvHikjyxLG0LFc5qALhM8xkUZ4=,WJyW1Eqg3hXHl2+JB/qMSAQ/3VxqSNVvPniD/ReCo2I=,search,Explore,song,1
FrYc5vaJMygJR0CjtIqrigWOlEKURefFwGKvr0BlbMI=,wJdog4OHtULqly94aQ/X2uud6ya+juDh25ay4sqoxuI=,discover,Discover Feature,radio,0
OyELWVNKZMJtqg+BFArzAokp8bn+pGhBWbCZaxyLIus=,YBrWf/Hac5La5V2HZ80Mi70NzUcTehVDWhkIp8h4Klg=,search,My library,online-playlist,1
KGXNZ/H3VxvET/+rGxlrAe7Gpz2eKMXyuSg3xh8Ij1M=,TbrfWJpl81E4alsi2+b84oeUu+b5S/8n9yFlZDriNYs=,search,My library,online-playlist,1
dU4RbzpIRRd/EkA9Xncpy9CglzDBZp7nKMfdnfr3Aj8=,NhQfOVnptpW5z5qsP/sN+hVS8TM2iYvdy/ZGVe7K+kM=,discover,Discover Feature,song-based-playlist,1
SWoa4UvhuutHxhcRAxlfTc6Jr1j5tGw9cp3Kiq+ayKM=,YBrWf/Hac5La5V2HZ80Mi70NzUcTehVDWhkIp8h4Klg=,radio,Discover Feature,song-based-playlist,1
LR9NLKme+aT6uoW3R5XlLu9gq7LQG6tt+bJTEPpcrGg=,dKfxhaRKwvhiYOUQ5JlkxQrJ/dDksdFueybCIdG5dXI=,radio,Explore,local-library,1
3i0jlUKhqqUKqFsoJVgN2UcDOuri7fCiE33XUCnKHXo=,Z2Y3t/lsoBgA/2HAfy3UP+QWfdckt9BK2u6n8xwqkng=,explore,Explore,song,0
V39VxDdE9SgMQZnX58oQChm9W056pw2lC3TiifMfkKw=,1UHqpOyecqH+8NytyogNdQz/2zUDpmHzUF5lgH1gvyw=,search,Local playlist more,online-playlist,1
n5v6IqRk4CZnELtP0Z2et7EZrdPicfyhvD2gIdq1Mcc=,A0t3F/l/3A5UvyPnNQNkrwJuW4vH7f/ttZZ9ud7eWx8=,discover,Local playlist more,online-playlist,1
T+FJrpYi77CWTUE5nO/vliojRaTPgt2bRUQHy5lhXrQ=,80hnDqhSe9u2uIaLvDh1tCbwryzDrsf789zgDDF+k+s=,explore,Explore,radio,1
a6uMxhS43vQ++TrVP3jdHT4lFfjw61SlIsCkvigQ5ro=,IIPVkO6EB8ymcuxkuxkum1N5gowLdTzy9sYF9luyhVk=,search,Discover Feature,song-based-playlist,0
Y4FvDsosFNoz4ZHIAbuwgUBSFK8qY2oE5p7V8wymc/Q=,g9qhCRIaFUnq4Z9HJcFQWHWRstWhK4NoB2sRPoD9iuc=,radio,My library,radio,1
FGtllVqz18RPiwJj/edr2gV78zirAiY/9SmYvia+kCg=,9YYrODwrXpDcCjOJypHROv3f5z40y11QlmgQjmzp2vQ=,discover,My library,song-based-playlist,1
4aRFGkKzGUpqTbjojytAtRQNdx0egL02hjJhSqq0+NA=,aliCzBpL9zzI8nFr83ElP3cL4bdEPejIRtT7HY09fEs=,discover,My library,song-based-playlist,1
rEVqJ3NIxC9LSUZYOj1ft5VSAvFo3AxNu2k36hKKtWc=,reXuGcEWDDCnL0K3Th//3DFG4S1ACSpJMzA+CFipo1g=,explore,Radio,song,1
+3RfkckBHS0oQrrjJj7p69bdwJak+qzKq0fhFaeXUxA=,ys+EL8Sok4HC4i7sDY0+slDNGVZ8+uOQi6TQ6g8VSF4=,discover,Radio,song,1
rEVqJ3NIxC9LSUZYOj1ft5VSAvFo3AxNu2k36hKKtWc=,3OvsjjGFnEouJggaSOMVUVgzrgoTRtKd97GVQlQXUWQ=,discover,Radio,song,0
MXIMDXO0j3UpaT7FvOSGW6Y5zfhlh+xYjTqGoUdMzEE=,lUp9A0i6jbaMvGNlR0eaMwxd0Vlv5LZM6NHgDDBCqqI=,my library,My library,online-playlist,0
/mmecbnAd2Jrji3aonisktBko1/o+F68GqpV8X4gHiI=,2Y7NstzrTnCFlRel5m80hPDe9471QRU9oyqPIx1xIP0=,discover,Discover Feature,song-based-playlist,1
Ty59+gs+lfVbfm1T/SDqLmbFhtkAP4Mm75uYiaKZ6kk=,YN4T/yvvXtYrBVN8KTnieiQohHL3T9fnzUkbLWcgLro=,explore,Explore,song-based-playlist,0
vSstkkQzt3KMmyvh0MGHpXpgzHO6kobAYipy6ik6HB8=,wR+LLM957WfBdaXmUsdE9AiGzOVki7yjelGea+0Ze8E=,explore,Local playlist more,song,1
XHJRZV5Xgcub4dNGuzRj5tVfDD1iwrtoXmdQOWtlc3U=,RiJp0d9j7dfyZ/pyUPtWLXiVp77iitN5lUQTR6qjEOg=,search,My library,song,0
z1IXxOkXP6uCWwFJLibRkXzU7USedggSWIfGJl/HFQg=,wR+LLM957WfBdaXmUsdE9AiGzOVki7yjelGea+0Ze8E=,search,Radio,song-based-playlist,1
6aH1YAi5YwvZUHtpjEaMQwM0p4wP4XLrkWQSdXDF9L8=,p/yR06j/RQ2J6yGCFL0K+1R06OeG+eXcwxRgOHDo/Tk=,search,My library,local-library,1
OyELWVNKZMJtqg+BFArzAokp8bn+pGhBWbCZaxyLIus=,DT35ri8FZuj7PGLxW/PhK5lt+CFVV85jDqPrBz6kixc=,explore,Explore,local-library,1
38LUs5mVWNKfyjL7ilf9JCnWZLjnno2obLXr69JJKcw=,3Yz717mUtR+r4L0zzgDgWnYeFtY9g68ZjKlq1U72KNw=,my library,My library,song-based-playlist,0
a6uMxhS43vQ++TrVP3jdHT4lFfjw61SlIsCkvigQ5ro=,ajjUpdQjWCwzCHNd6C0hB3Fz8BIPGjSy6IT35+UWD1I=,my library,My library,radio,0
frZtrrN1Y2ZqZX3VFiq7FpAvLth3kZJNovT9cmyn2O4=,BgqjNqzsyCpEGvxyUmktvHC8WO5+FQO/pQTaZ4broMU=,search,My library,song,1
R7AyK9ZUi5d21sCDumgghXW+TNacd/qN0dNMa0C22pA=,wxghAK3cq1rb0Kkyx6dSxzKGYadE8TQWF9L6dq9B1Is=,radio,Local playlist more,radio,1
H1D92jYJ3GyJWLmt3ZAE3QgxgfCCit8WTsT7+KwS+vw=,9W/H8tPBKQ7VWmBctuQ6RabciYdr1l+/kg1YPDcPOlU=,search,My library,radio,1
V39VxDdE9SgMQZnX58oQChm9W056pw2lC3TiifMfkKw=,ayL6eLHKSrmX4smFi1KbGMYrWI9EwsiErGjWUJ9CTrQ=,my library,Explore,local-library,1
qd03y2Hs/0xCA/dPExadbY5XQdTHOcli3h8w4KTwhZ4=,A+RNE+nwHzzYdQliLcF1YcaMpmDL91TAbz8xALp4FEM=,search,Explore,online-playlist,0
+3RfkckBHS0oQrrjJj7p69bdwJak+qzKq0fhFaeXUxA=,LBnwicJLcepb/l8c68qpMRJIaUcm1UvgtKEfQwITrpI=,radio,Explore,local-library,1
Mn98O4X/zceMt9nswcoq08F16ciCqhuN7lQ951MAL2o=,x+wwBWqNXLShElFWaLs1ahI15dN4cl4ShC1/Wm4PsH4=,radio,Explore,radio,1
xjA4Fs3CO4k3jQSXLFhn21zxTcYVRRRTzof3ZPn8KFg=,1UHqpOyecqH+8NytyogNdQz/2zUDpmHzUF5lgH1gvyw=,radio,My library,local-library,1
n7V1D5AuwLykWxCzsU1eNPSyxVbrSXs6IXiWF2zN0gY=,IhNTvk4edMSv0PCLIS6Ry23aEYtKEA/KwbJNi1OV84A=,explore,Explore,song-based-playlist,1
crUeQ6DYDHHRNYmn+n5Kodfvu9ki0IdHfXHNlZEUPHs=,0ee/D6HjX0jSytUn3v58C0x6zEzN4bcPq3WlqvrG/Xo=,radio,Discover Feature,online-playlist,0
E23IyF1NtT7IeesuDuHWR6g/yMpWrq3cN3U4qTjXE0A=,wxghAK3cq1rb0Kkyx6dSxzKGYadE8TQWF9L6dq9B1Is=,explore,Discover Feature,song,1
E3yiQ2d5+KiGkm622V73IRgukx9qXPYJIpG6xWF/lF4=,fEAIgFRWmhXmo6m3ukQeqRksZCcO/7CjkqNckRHiVQo=,radio,Radio,local-library,0
2+T8pswRgDmvZ6B4esKi3lWZyT4xqeVKmv19J0/y51w=,+cP03fE+hnJUB/v2PHLsD9UHBjmDIYvbuX+NrFqeudI=,explore,Local playlist more,local-library,0
1m91HsZUO53drOd2CmAT2nf4JnK4xxBfbzPNTu9pkjU=,h45pWoMzCvsq3e3rBIuHggNB/3NG06/SIVDPEPOF1Gc=,radio,Local playlist more,radio,1
3yBpYWqEybBPazsqB5NIhrXKCFe1Djn5orPBvxz9ArE=,6HofPS0v2MVFsL10yCN7dXUL+gUOnvsD35vx3HmRbdE=,my library,Radio,song,1
tnBf+t14y3vlNshUe1XQbIWYtTBMBYmVXIMWdNVRv/o=,7dUiqNIuyM+aDRJEw3+ZSYydeZGAQ1AAI0eOd0Nzh8c=,radio,Discover Feature,song-based-playlist,0
Y4FvDsosFNoz4ZHIAbuwgUBSFK8qY2oE5p7V8wymc/Q=,u6/Pb7X4u7KU4gXrBgGqt8RlRrNNFLn03tLAHyxRxwA=,explore,Radio,radio,0
OOETiYOFhuTowtgRUIiKommGv0eo6XUHLc1ofgwcJew=,WWgB6GYGuyplhfw51plAbvpnixjsFA3XKSyEuTN42Tk=,radio,My library,song,1
baemFqI4x+fpHweCJQeb64jdSmOWUKkJuwK5BrgcsX0=,MwZaD94L4Wl4APdJSVQF5JPt+xH6hb2KtWpFsjwYUlo=,search,My library,song,0
FrYc5vaJMygJR0CjtIqrigWOlEKURefFwGKvr0BlbMI=,Zks8Is+xdBwLuMg0lYynAU4FanLNf/tyuZ8d7IEvY9c=,discover,Local playlist more,song,1
AEZNdJt0QGYpBlT97tdnNaNHW5SqpgJb70TFmeZBYbg=,2yDSviY+pVsksCfkmh9SyW1ulVkGtYFRpITn6jjCcCA=,explore,My library,song,1
hYJpPvGod6vy09TnlXdQe3Q0vlxju5u5Ruf8V2XkTio=,w0/+8z/tSrUK3JctMyhYTh2LfNl9OFga+Tw0yl0IVfc=,radio,Explore,local-library,1
+Y+wTRRkZ0QA3bV4+7nwu8qlN5Kb7ygMhqvB5L929YI=,9Xxvd9J4SpEakcmoYTvt+ekTW15btrc+DKumBSTJZU0=,search,Explore,radio,0
saNgxsUQwx4IXBRgFF0w3uJN6KzvQBEv3dI7dDaz97g=,ra6TLz6Y37OSFOqg4aCvjV7nalatCwZdQvoJRMwSNvk=,radio,Radio,song-based-playlist,1
00qmlWC3H/cjf2Ig1li5xIO0VNDRgBX0f9ilouDBEZs=,r5BnHxvuPlLjwr4MHf3dF3yUY+NVS6rHrkVG7wVZ1uE=,my library,Explore,radio,1
nAiRf+UmYT7ZWIOUF6Ig3D0FDVIVpSgUb+H40Vg1eQU=,LBnwicJLcepb/l8c68qpMRJIaUcm1UvgtKEfQwITrpI=,explore,My library,local-library,1
uQ6LOBwmu7lIjv+wFaq5+M4IcAZEha2J0uyDB6Y8aqY=,LBFRdBacp7Ob6Ada2N7uCQ47DhiNT2KjUtwOA7oSm7I=,search,Radio,song,1
SZ5NNypqaTWljFO1HiVZwkw3713+rM9x/JNdJd8/fzc=,SHV52/0W8kZcf3uJZF9+ZP3S5vu2RO4WNGhZ8qQHulU=,search,Local playlist more,online-playlist,1
VE8ZRudqIj9zHOSXxGg3cLOBkbykv78DwWN6IXRusWo=,euRuXf+FKUosn295WoeqQbQJ4MQ7es1jJAQlmqZFA/I=,search,Explore,radio,0
qd03y2Hs/0xCA/dPExadbY5XQdTHOcli3h8w4KTwhZ4=,VdVi5NKMJeRDsz4+3xvrpu66FNVTcQ4G26TXoUxW8bU=,explore,Radio,radio,0
qd03y2Hs/0xCA/dPExadbY5XQdTHOcli3h8w4KTwhZ4=,euRuXf+FKUosn295WoeqQbQJ4MQ7es1jJAQlmqZFA/I=,my library,Radio,song,0
SyBjgDUF6aV+1d17oV4XPDBkJLU//LAOwWdYh4DAUiU=,ze0+7p13wqB1hZ/KWd6OT42LBehKmYVQyGGzEv8Q4fA=,explore,Local playlist more,song-based-playlist,1
mGDObQQojFOJfK2rJKcme282huuk0qDxBzWL22/qYbc=,YmAISVdWO5T+OgcuVLr6qQ7OsqPzAbBO7BrEwfcxMSw=,search,Discover Feature,song,0
a89sofbsaFkpzn8/P10elgzbXDQokPTlsKc1uqi7Zco=,KZ5hwP74wRO6kRapVIprwodtNdVD2EVD3hkZmmyXFPk=,search,Local playlist more,song-based-playlist,0
z1IXxOkXP6uCWwFJLibRkXzU7USedggSWIfGJl/HFQg=,/RYwZD+IL/0YEgpu71HgW9q6c2A80gr/fC/j0BmYGvo=,discover,Local playlist more,local-library,1
Ty59+gs+lfVbfm1T/SDqLmbFhtkAP4Mm75uYiaKZ6kk=,oTGg75yjTAP0grXmGld3EUD0b/b9u7lW2JyUX/mBiXI=,explore,Discover Feature,song,1
SyBjgDUF6aV+1d17oV4XPDBkJLU//LAOwWdYh4DAUiU=,YpeEDiJw4nf+dGvwJJqGWlFsbJp2cRxhmB3vioPeU0E=,my library,Local playlist more,radio,1
B4P1g6sGBILzGhelH/YKkfpkFgWfn/LgS4KgU+bEaD0=,plcKSDtGLCbnZbKxbsASN8Lz+EtSEkRW5WJ8eA8UA8g=,my library,Discover Feature,song,1
R2FvE4x+hefwL4evbgNGNCng13c1MkP3PHocNtU91qU=,dKsoBHe5cVhyQSU8CimXs4ysaAky4RNgBwIafHaLkik=,my library,My library,local-library,1
+boPBM5G5+vAfbO6zTy7A2FrVQyl91aBPGHkQ6ciNYc=,pHaz1pjrzfa+p9u7Ga2ngsEhHUyUgT1Npouo+nP6e8s=,explore,Local playlist more,radio,0
P3tJU/DjIEbh0ucnC1KT8wojenDDSwx+blB8pFp/KeE=,6HofPS0v2MVFsL10yCN7dXUL+gUOnvsD35vx3HmRbdE=,radio,My library,local-library,0
OOUnJuX4SteRhUdJZ9B2DqtfiwsfcZVBefEhXLeBsFg=,WWgB6GYGuyplhfw51plAbvpnixjsFA3XKSyEuTN42Tk=,search,Local playlist more,song,1
rRUTKZAVxGBh5XRUk+Lk/b/gHcAOsbk1hiQiEfubDh4=,jZVQRajq2WbbIoSiF5MSCyJKgTt7tpITHayD3PYKg88=,search,My library,online-playlist,0
LThaiVqGGnVTPmTcmwN/LLo4fVb5dzkduzd7s1SgzIA=,IomyG8OwXU9lWvede4KdHxtUZ+eppEdusnOCDDok36g=,my library,My library,local-library,1
O3ElkgfVd3DoJysnWAIgIPF4N3Y9LPmlm+aC5G+UXGY=,FcbwzPm3n/PP+UZAjJaKFggjPSjyZ7YyxBA7LlheYi4=,search,Discover Feature,local-library,1
tNvUsQwOJX5OgGsBBN9to3vI+DoUc6S1BFgNXUaYoo0=,X96NEF2NcG6gyKVF0+U3H98CgAlgecjthmaqQe0nLPE=,radio,Local playlist more,online-playlist,1
y3IT85vrzY2iBxFg6nsh4Cmg+mV3oqR73TPekK7x1Rc=,eKCra1VJtznUJW/pya0TCpqHRxHxdQ51S3fspJmR2gs=,discover,My library,song-based-playlist,1
EBXSMA3gzTff0F01n56dHSBQR/IDWiwuw5S+ksPgTc0=,Zks8Is+xdBwLuMg0lYynAU4FanLNf/tyuZ8d7IEvY9c=,radio,Local playlist more,song-based-playlist,1
a6uMxhS43vQ++TrVP3jdHT4lFfjw61SlIsCkvigQ5ro=,/70HjygVDhHsKBoV8mmsBg/WduSgs4+Zg6GfzhUQbdk=,explore,Explore,local-library,1
KGXNZ/H3VxvET/+rGxlrAe7Gpz2eKMXyuSg3xh8Ij1M=,SHV52/0W8kZcf3uJZF9+ZP3S5vu2RO4WNGhZ8qQHulU=,radio,Radio,song-based-playlist,1
16pGH8W1JKJTrQSZDX3gQY57S3FiO4YJheGRiYbONsU=,WJyW1Eqg3hXHl2+JB/qMSAQ/3VxqSNVvPniD/ReCo2I=,radio,Discover Feature,radio,1
4MSFgArmrrq1abQEeuHkmNQjEkqn5r/Z6/LNObSm3xc=,U9kojfZSKaiWOW94PKh1Riyv/zUWxmBRmv0XInQWLGw=,search,Radio,online-playlist,1
1m91HsZUO53drOd2CmAT2nf4JnK4xxBfbzPNTu9pkjU=,Wn5ltxI7NsFk4xGFHOFXv2ajWU9HmuEgDF+xs1EJpFo=,search,My library,song-based-playlist,1
xEeMEDdDCvfLGt6eoayVgVh48nLdPvEm1XzwzY6lT58=,G21dv1ZiXpa7iO6UrKktIgqRdrvx7nLjRbRHGmtzGvQ=,search,Explore,online-playlist,0
P3tJU/DjIEbh0ucnC1KT8wojenDDSwx+blB8pFp/KeE=,TbrfWJpl81E4alsi2+b84oeUu+b5S/8n9yFlZDriNYs=,my library,Discover Feature,local-library,1
ZIThPCdbFdxx0T+qKaAnQprzkTcoMTJL66Of3nlFGLA=,LnbFBEyneTI7mID7Pw+s14Kf3o73LucRxwS3Wpfjsf4=,my library,Radio,online-playlist,1
pJxMd9PL/N7CdwTwKu3YqiqYSRAJHuejlrTonaPfPfU=,JVwoBKjxxE9L/IpNKsSCJJIYHcxvwxOKbFnM3TLwcTQ=,my library,Local playlist more,local-library,1
baemFqI4x+fpHweCJQeb64jdSmOWUKkJuwK5BrgcsX0=,PQ60bLYQn4lnOqNp2pmsUziCKclqLai5pemA9rWWQko=,search,Radio,radio,0
YYdQJgjemCT/fAv8s+CwfmgDprAQOneJ2M2SdArq9V4=,T86YHdD4C9JSc274b1IlMkLuNdz4BQRB50fWWE7hx9g=,explore,Radio,local-library,1
qd03y2Hs/0xCA/dPExadbY5XQdTHOcli3h8w4KTwhZ4=,IgMar/mVrJQ+ODFPytDf7jwQMmR09+slyZUdVylRFLc=,my library,Discover Feature,online-playlist,1
saNgxsUQwx4IXBRgFF0w3uJN6KzvQBEv3dI7dDaz97g=,G/4+VCRLpfjQJ4SAwMDcf+W8PTw0eOBRgFvg4fHUOO8=,radio,My library,online-playlist,0
O6cmcavFpTlX0oU/WxJrYGxLIvR22dVpHz/VJxylp8g=,gffrcQ9mFCfCwM4Gx7ArXpR8J749p3tfh/tM0chIODo=,discover,Explore,song,0
8ncKS6kWM+oSslEfrPcRMcHq5VVQqBcbWoQ0FHlDgPA=,yL8VeuH6lYFA4hYVGX/1HmPogBfp1Ex4ZkL5PjWy11k=,radio,Radio,song-based-playlist,0
DqwB7smOAIbNnnQbWOpfsmy9znTwfDEQCW1I6ujFG48=,hDaCYJApKdeZGK7HPAWppz+FfmRwNh9g1wBc/EkBfYE=,explore,Explore,local-library,0
p9Lk74DKfVohPHjTvzHSVQ3lRaqW2ofcBolP45FJgiQ=,nW60n6qAGoytY/yX4w0r1IT462C9Xs/ZxbV6MLDSpUk=,explore,Discover Feature,song,1
FaH6rl69OOVwbsO30jjdjVXD9wJO8pcVZS6LGy5zTJM=,7sD/47OK7UjsdmBjtLCUTIdX9Df8TjpHyOOeA0Koxy8=,radio,My library,local-library,0
6aH1YAi5YwvZUHtpjEaMQwM0p4wP4XLrkWQSdXDF9L8=,wfSboJwFBF6YyVmGO0wCeRtMdrqwkOgwPHV+YmSUl5Y=,discover,Local playlist more,song-based-playlist,1
p9Lk74DKfVohPHjTvzHSVQ3lRaqW2ofcBolP45FJgiQ=,Z2Y3t/lsoBgA/2HAfy3UP+QWfdckt9BK2u6n8xwqkng=,discover,Local playlist more,online-playlist,0
EDSn8rAs8qjUvqhhFG5diTbaVbJi8qkoKXeMzf2JGVQ=,CXdtx7/QxePhjYwYFcXVv+lXjCDEGRJ9r/OC7IQXthw=,my library,Explore,song-based-playlist,1
hYJpPvGod6vy09TnlXdQe3Q0vlxju5u5Ruf8V2XkTio=,Bmj+IwjGGnbUyQ02jJpz5K+2vmxCOKfBqVd7ypu6OLo=,my library,Local playlist more,song,1
OOETiYOFhuTowtgRUIiKommGv0eo6XUHLc1ofgwcJew=,Ujt3R5hAe0Pix2mURuC+CO6aazhCvEU2lByPzy3E90k=,discover,Radio,online-playlist,1
sgT7F0PbR9/iCyzeSzcl//+E+fK3CeZmM1deeeJ5rZ8=,un97bVjGL490RQbl8kr/58qbzkeuFBGMnXFRst9RArs=,explore,My library,online-playlist,0
f2c4l3mhW4SmXKRP+OfPUdbQ4U8afe+gqcX9Dmh03Xs=,+yj1hcpU3QLGXS2iW9srqWCBV5NE73L9hHR3kbV2NQg=,explore,Radio,online-playlist,1
jL7ukei/Kb4gDCfTG4+VhV4TzLaDecjji/aW+GqWvac=,JTMsJNPcL2ambkp1Z/MeBEnFEzZEOKetdLPrJxHf7v8=,my library,Explore,radio,0
UhqjLSMwLYzjZFDyYQF6A33phr0tPNXyu7+I08q/u8g=,bG9ptdK+Pb7m4ozflF/RjUqbG/uo5ipgAo1ffT8mnfU=,explore,Radio,radio,0
a3O5che4tB5RTo8XoApn10uQ+FpVjTNwJfNrrQyaMXk=,A5cw2rib82lWjtNFr3bxQysyjPVpiYlgmnULDQ8X0BQ=,discover,Explore,song,1
f2c4l3mhW4SmXKRP+OfPUdbQ4U8afe+gqcX9Dmh03Xs=,YKXNGyMdm+M370+YcJdqTDhPN1gJgBj+F5rmrdnPZT4=,my library,Radio,radio,0
MXIMDXO0j3UpaT7FvOSGW6Y5zfhlh+xYjTqGoUdMzEE=,A5cw2rib82lWjtNFr3bxQysyjPVpiYlgmnULDQ8X0BQ=,search,Radio,song,1
B4P1g6sGBILzGhelH/YKkfpkFgWfn/LgS4KgU+bEaD0=,oAfWzsEYsibZUgmlL8NNYoO0aB4gSyU2tfsQvQp+7f4=,my library,Discover Feature,radio,0
yBXKYfcmQ+TtIEvkLQXabAY2uwudIGn21dEZYAwCDCg=,9uDuRF+ToaleR51vHf8IEw4NEKDJXRo/rVRV2011aSM=,explore,Radio,online-playlist,0
OMy7VLQDDDlAqrp/YCl+BvzGIgZoWNejIDqSl8siqIM=,dBblcCblxZ/fqu94pTStU055+hRvF2oiyDEq0qHIfiA=,my library,My library,online-playlist,1
H5DWyI7bujtol5aU1pzvLdfBAs45Ym/5jicdUlerf2s=,eKCra1VJtznUJW/pya0TCpqHRxHxdQ51S3fspJmR2gs=,discover,My library,song,1
Wg1bSRX3JtJ9ElarOhpbEaV5pu9lgTeS33mARTV+Sl8=,fCCmIa0Y5m+MCGbQga31MOLTIqi7ddgXvkjFPmfslGw=,explore,Local playlist more,local-library,1
Xbrr2Sbq8NuLG+1QZWm/Iu5P52fUTvgspCYNG8wmfPQ=,LBFRdBacp7Ob6Ada2N7uCQ47DhiNT2KjUtwOA7oSm7I=,my library,Explore,online-playlist,0
Wg1bSRX3JtJ9ElarOhpbEaV5pu9lgTeS33mARTV+Sl8=,CsgH03aRehnhVifHOPXwF4mfA2yHdqK/IWpwXMm73CU=,my library,Radio,online-playlist,1
tiYOcOjJ0qgAJDL3hTboZye11uT8tBbNTscBDWxCWLw=,kFx6IW7O34CiWxdfV61/cIjZs57ZasQBPjJQSJk2pk0=,my library,Discover Feature,song,0
YU6fAgCFgPkaJ1YSW2838KzGTxmBCfgousTO8jwuHYM=,4ZISq5iNKgBGGW2OvKBBzBsYXRohcJYFkqx3uVFCAuA=,search,Radio,local-library,0
E9jsIxPWhebfnR8cbqPgS+FxCt0zBSXP+72mYRFg0+U=,Gew5+s/HwCSjQ6bX7/dZ0pXS6TB4ccOrOYcQg7FWDZI=,radio,Explore,radio,0
TO253iXvHroemKYZ23M7YL7uu6Um4zEwByNl4wcpIYs=,W4gOC3iBXV97C05qyVDGIKAJg76BJcrzWPnLwkKK6kQ=,discover,My library,song,1
lFQM2AQ0IIifeOgmnRDSFEuWfh7XQZm0Z+O6K696CQk=,J9EcIEDOoNbdN2ku4SGtIp0pmg/k+NRWLOZIra16DUk=,my library,Local playlist more,song-based-playlist,0
2yBzq7nUBV99ankkp7O46elZikHVB5BvqHcr2Lzetlc=,w4Zku7HxtkAKl/BB8H81ZfWOXwnnmVbZBvFZeRPuRUU=,my library,Explore,radio,0
Bljj9o7B1zgL0RIpZef1SlSigiTIMr0mDPv7aUyzuXo=,GRaVokpHF2Uk3hgKnyJ2mDSmHvie4lyE0i6l5rA2yWU=,discover,Explore,song-based-playlist,0
n5v6IqRk4CZnELtP0Z2et7EZrdPicfyhvD2gIdq1Mcc=,i7p594HsKb4cYynsE1a80PmSBL9bFI2dmBu16bwdke4=,explore,Explore,song,1
tNvUsQwOJX5OgGsBBN9to3vI+DoUc6S1BFgNXUaYoo0=,fLcg1JwIF80DBi1D5gheP1WuO4IXt4HFSd19TZ6y61M=,search,Radio,song,0
dO8vzPwqXvOjrPWDW++gVecwTNnzesp3zW1dtRc6KEk=,CsgH03aRehnhVifHOPXwF4mfA2yHdqK/IWpwXMm73CU=,explore,My library,online-playlist,1
FaH6rl69OOVwbsO30jjdjVXD9wJO8pcVZS6LGy5zTJM=,FynUyq0+drmIARmK1JZ/qcjNZ7DKkqTY6/0O0lTzNUI=,my library,My library,song-based-playlist,1
VE8ZRudqIj9zHOSXxGg3cLOBkbykv78DwWN6IXRusWo=,vkagi2Lrvjx/FxLWE6FHZFoDoOaSWI052fEQCwouDUs=,explore,My library,online-playlist,0
uCDJmSDTzA5PpnYGqKvNmFbwBIoS3jIXFbO5YfoCv/Y=,eKCra1VJtznUJW/pya0TCpqHRxHxdQ51S3fspJmR2gs=,discover,Local playlist more,local-library,1
gNqpBxDbTlhvjHhGUzkOXI7uwdcMfsUjThCFibPphkQ=,W+akwEPQhC1OugUaQlo0DR9xVs49UbJDZbiGvgN6ZyY=,explore,Radio,local-library,1
pRHIP4XdwWx7YpREsLN4sD0gb2BUEbhKytDXlwUAO+k=,o0kFgae9QtnYgRkVPqLJwa05zIhRlUjfF7O1tDw0ZDU=,radio,Explore,song,0
E3yiQ2d5+KiGkm622V73IRgukx9qXPYJIpG6xWF/lF4=,cR+VrCdZkNm/QM0WjQQip9AnOrT/auRDZboM1KpevS4=,search,Radio,song,1
YU6fAgCFgPkaJ1YSW2838KzGTxmBCfgousTO8jwuHYM=,B4o9XjQJPJGGJr63sxzS4LUoQOrNhyVU1DersrYXRlI=,radio,Explore,local-library,1
pJxMd9PL/N7CdwTwKu3YqiqYSRAJHuejlrTonaPfPfU=,IKMFuL0f5Y8c63Hg9BXkeNJjE0z8yf3gMt/tOxF4QNE=,search,Explore,song-based-playlist,1
2LbejuZF550yFLDXLIBw3gd/c462BIJ+S/SOwneSXUM=,NhQfOVnptpW5z5qsP/sN+hVS8TM2iYvdy/ZGVe7K+kM=,radio,Local playlist more,online-playlist,0
Mn98O4X/zceMt9nswcoq08F16ciCqhuN7lQ951MAL2o=,podlycp3c6tOEDw7q8iQBVgvFjiMpkWWXTlXljGdbTY=,radio,My library,song,1
6bwk5TTaA1YSOmPoxDgBBlV5CrZJEar2C6SxwT5nDrU=,CsgH03aRehnhVifHOPXwF4mfA2yHdqK/IWpwXMm73CU=,my library,My library,radio,1
UvM0IMLJ11PTOjdjhqapNQmHcbttfsiyv5+dtIR2IK0=,G21dv1ZiXpa7iO6UrKktIgqRdrvx7nLjRbRHGmtzGvQ=,discover,My library,radio,1
tnBf+t14y3vlNshUe1XQbIWYtTBMBYmVXIMWdNVRv/o=,M0vkEMBlcbeVSWQQx/6FtXbJ57IiCw27TW8/vmSayk8=,my library,Discover Feature,song,0
/mmecbnAd2Jrji3aonisktBko1/o+F68GqpV8X4gHiI=,gffrcQ9mFCfCwM4Gx7ArXpR8J749p3tfh/tM0chIODo=,search,Discover Feature,song-based-playlist,1
lfK5QUAaa28niDIyQ2oGkSntvSe7G5EmQ1N6nvnE8lY=,8Kn45Wt6j2eOQSYFai72rdxvmy6rXFGXCcbi92hzOAY=,my library,Radio,song,1
sgT7F0PbR9/iCyzeSzcl//+E+fK3CeZmM1deeeJ5rZ8=,W4gOC3iBXV97C05qyVDGIKAJg76BJcrzWPnLwkKK6kQ=,radio,Radio,song-based-playlist,0
KXS4mDTuweetiTTxgkbg8uohB20KUXvkXz6g4l3r40c=,WL4ipO3Mx9pxd4FMs69ha6o9541+fLeOow67Qkrfnro=,discover,Discover Feature,song-based-playlist,0
MxCUQ6tAD7LU1yR0gwRck91ZKE88gY8kD/rX9Hi9srQ=,0ee/D6HjX0jSytUn3v58C0x6zEzN4bcPq3WlqvrG/Xo=,explore,Radio,online-playlist,1
O3ElkgfVd3DoJysnWAIgIPF4N3Y9LPmlm+aC5G+UXGY=,uWfF+7Tl/V+phd01+33EDRjMiRZz4adW0bI/Mh194L8=,explore,Explore,radio,1
0ut67E6+04VZ9RDX1nJYPmPARhbgYbsjEKl7K4dpjDw=,WRuHbl8CJbAuzUb4f/88Ly6IXif+IVVWolkp33Nm8wI=,explore,Radio,local-library,0
xEeMEDdDCvfLGt6eoayVgVh48nLdPvEm1XzwzY6lT58=,b7yydI1iGdF/kFybrbVHHDXeI/9stzEWK1i77MLj4rU=,search,Radio,song-based-playlist,1
8tSgHKzljg7TyPLYrU9L7CgHIdShVvyV/d6PccMRzhw=,R1769yIwSejBpG/qGgxdD3BiYXI2fJgMg1jjlKCPhIo=,my library,My library,song-based-playlist,1
SZ5NNypqaTWljFO1HiVZwkw3713+rM9x/JNdJd8/fzc=,2Y7NstzrTnCFlRel5m80hPDe9471QRU9oyqPIx1xIP0=,radio,Discover Feature,song-based-playlist,1
UTAElx4+rSh2QViTKHQhC40cphX7ZIYafAOMJOJCshY=,KQkL3RbSia9p7I5H9wrdEFmQZSJEZc64kpnzDUUEe84=,radio,My library,song,0
T+FJrpYi77CWTUE5nO/vliojRaTPgt2bRUQHy5lhXrQ=,XlkjAJe0dfNZGVXs98X/tteFpStvXboU0MegqWJt36U=,my library,Discover Feature,song-based-playlist,1
nAiRf+UmYT7ZWIOUF6Ig3D0FDVIVpSgUb+H40Vg1eQU=,WL4ipO3Mx9pxd4FMs69ha6o9541+fLeOow67Qkrfnro=,search,Explore,song,1
Z56mxjHqnR1FK1d5gkf5ARTxwZF8h0HPI+rHFGRrMHo=,3VkD5ekIf5duJm1hmYTZlXjyl0zqV8wCzuAh3uocfCg=,explore,My library,online-playlist,0
8ncKS6kWM+oSslEfrPcRMcHq5VVQqBcbWoQ0FHlDgPA=,4MisMKfKs26kWvzPwqJMnqqoeNfOlsfiiFswvWIQOUI=,discover,Discover Feature,online-playlist,0
tlFGRF/TtrSwJA9XPHL4cajWghZCbAbhzif/6wJiN6Q=,wR+LLM957WfBdaXmUsdE9AiGzOVki7yjelGea+0Ze8E=,radio,Explore,radio,1
V8pNUizcKwTRuSQAtzXJBAJ7B8cyf0EegXkljvIvFqo=,DT35ri8FZuj7PGLxW/PhK5lt+CFVV85jDqPrBz6kixc=,radio,My library,radio,0
KXS4mDTuweetiTTxgkbg8uohB20KUXvkXz6g4l3r40c=,KQkL3RbSia9p7I5H9wrdEFmQZSJEZc64kpnzDUUEe84=,explore,Discover Feature,song,0
7xiBI5xU3P2/IiR9teB7jySfzWo96JGikGajteLd3Cs=,LBFRdBacp7Ob6Ada2N7uCQ47DhiNT2KjUtwOA7oSm7I=,search,Explore,song,0
f2c4l3mhW4SmXKRP+OfPUdbQ4U8afe+gqcX9Dmh03Xs=,9W/H8tPBKQ7VWmBctuQ6RabciYdr1l+/kg1YPDcPOlU=,discover,Discover Feature,song-based-playlist,0
16fsOt7imefLSFsV7mWoP1AL+bpjP1NuWzQ5QP9tj8k=,DKGm2awf1TsLWeXqpDfVVQf5M2qPmcxI9Dwxz+45Qqs=,explore,My library,song,1
38LUs5mVWNKfyjL7ilf9JCnWZLjnno2obLXr69JJKcw=,8Ckw1wek5d6oEsNUoM4P5iag86TaEmyLwdtrckL0Re8=,discover,Discover Feature,local-library,0
J/KdXo5kGQs+dRxYam3/tZlwhl7ZX+sYvvCdjg8Tqzg=,WRuHbl8CJbAuzUb4f/88Ly6IXif+IVVWolkp33Nm8wI=,discover,Explore,online-playlist,1
VE8ZRudqIj9zHOSXxGg3cLOBkbykv78DwWN6IXRusWo=,Kpyp6PVaOaQz81TH4KYB59FJiO/GVgzDVyCmiyxHTxc=,radio,Local playlist more,online-playlist,0
OyELWVNKZMJtqg+BFArzAokp8bn+pGhBWbCZaxyLIus=,qHD46j2HpNipwKHtoE0035AIr+FAdNYaSi1VNT3gACk=,radio,Explore,song,0
8tSgHKzljg7TyPLYrU9L7CgHIdShVvyV/d6PccMRzhw=,Hum12fv82coQWytuQUP8K0cHEdJ9zz10RrGjsGqmDpw=,radio,Explore,online-playlist,0
H/MB+uttGlGIMr7qru4HYG4dVbh0e1mBuoryBOKz/RU=,YpeEDiJw4nf+dGvwJJqGWlFsbJp2cRxhmB3vioPeU0E=,search,Radio,song-based-playlist,0
UjuPJCQo/YoGVR/yJ+CocmWUk2czJE0BBKqaPpVYV64=,kHpEHXKwwG+dwmOR2NnvrXwsE24vqD7n40tcNQE/niQ=,discover,My library,online-playlist,0
YU6fAgCFgPkaJ1YSW2838KzGTxmBCfgousTO8jwuHYM=,5TKFWT9ivwAJiqRWz5apDsePXcJZ2b1RA/1gxTm6XoQ=,radio,Discover Feature,radio,1
w4SNbHDAMuMbulkgcHGYOl/datijVua3CR5D73DylLs=,yCNGVHLlA+gdUm0RfeIm1xAYXFugchHvED5JVerYSWM=,discover,Radio,song-based-playlist,1
6aH1YAi5YwvZUHtpjEaMQwM0p4wP4XLrkWQSdXDF9L8=,2yDSviY+pVsksCfkmh9SyW1ulVkGtYFRpITn6jjCcCA=,search,Local playlist more,online-playlist,1
8tSgHKzljg7TyPLYrU9L7CgHIdShVvyV/d6PccMRzhw=,gG8cycpwQak+/chDrTlk8CXXIw4ztVIO1OhbdJBTav8=,radio,Discover Feature,local-library,0
uCDJmSDTzA5PpnYGqKvNmFbwBIoS3jIXFbO5YfoCv/Y=,EL5DbsSvhAFtMBBoOjs4aipOjC3Xj4syX/l/wlK+kdM=,radio,Radio,online-playlist,1
ocQB699RoI5sBlRUfv8tu++vqupI35/95l3U507jdpw=,Rerp71vL127G1162T5Bwgk3D6r/ZtiXDfWvYz+3ljhE=,my library,Explore,online-playlist,1
a6uMxhS43vQ++TrVP3jdHT4lFfjw61SlIsCkvigQ5ro=,THqGcrzQyUhBn1NI/+Iptc1vKtxBIEg0uA8iaoJnO1Q=,explore,Explore,song,1
dO8vzPwqXvOjrPWDW++gVecwTNnzesp3zW1dtRc6KEk=,rcPNzl8xjj74tjZDop961+ugDVJKx4mdgh7L1xJ85FI=,radio,Discover Feature,song,1
4MSFgArmrrq1abQEeuHkmNQjEkqn5r/Z6/LNObSm3xc=,wxghAK3cq1rb0Kkyx6dSxzKGYadE8TQWF9L6dq9B1Is=,search,Radio,radio,0
4abUL+lw0T5WFbdgeEyj8UHqyYxA7Exgw2tWiDJVSwY=,IIPVkO6EB8ymcuxkuxkum1N5gowLdTzy9sYF9luyhVk=,discover,Explore,radio,1
pRHIP4XdwWx7YpREsLN4sD0gb2BUEbhKytDXlwUAO+k=,jpq9yBIzCyyWbLcrGFWHYyXpFZ8N4b9FgKC4qFj04gk=,search,Local playlist more,radio,0
Y8fGbgG4J6bpoXzljxRIp+hwVjk2ULHaLAfJatxHjg0=,fCCmIa0Y5m+MCGbQga31MOLTIqi7ddgXvkjFPmfslGw=,radio,Explore,local-library,1
f2c4l3mhW4SmXKRP+OfPUdbQ4U8afe+gqcX9Dmh03Xs=,o0kFgae9QtnYgRkVPqLJwa05zIhRlUjfF7O1tDw0ZDU=,discover,Radio,local-library,0
hzy7RwzEVDm4JmC0X2qLUvnoE1+2zNTEea4fOe/o6ms=,uzU6ntNZT60j0CqFNXTpF6Oo8W3w5UwU/ANEODidW04=,search,My library,song,1
LR9NLKme+aT6uoW3R5XlLu9gq7LQG6tt+bJTEPpcrGg=,i7p594HsKb4cYynsE1a80PmSBL9bFI2dmBu16bwdke4=,discover,Local playlist more,song-based-playlist,1
SWoa4UvhuutHxhcRAxlfTc6Jr1j5tGw9cp3Kiq+ayKM=,qxDl7URNa8pfCbbdoMNE0cHrU1+hMSIdyqhOGvQo69M=,radio,Explore,radio,1
f2c4l3mhW4SmXKRP+OfPUdbQ4U8afe+gqcX9Dmh03Xs=,TLU46LbiJ+1mmJr4Le4Z5eaUQq3TiXgdZpE5EtR4WZI=,discover,My library,local-library,0
EZmIP7zKgqKwpEHnuDjRIkzCmcLNlHn4hkiglZ5LxK8=,WTTcFYZNyqe1dL6Rm+jQMLx/tospfRR+PhD1OFix1mQ=,discover,Local playlist more,song-based-playlist,1
5LGtbWKwKifap3ECM6HO04gPY339RM0oF7D/MfWzUxg=,cQI8Uzy06tt/XJ59vDlifTQTl2qOiTFBkf5yVCUNoyg=,radio,Radio,online-playlist,1
hOyJGmY7tciqGf1EhDj5UT86IfSSnaTHP5JWAPxYN6s=,Gew5+s/HwCSjQ6bX7/dZ0pXS6TB4ccOrOYcQg7FWDZI=,radio,My library,song,1
Y8fGbgG4J6bpoXzljxRIp+hwVjk2ULHaLAfJatxHjg0=,wH3O5bbWPKwaed4dTZHBx//gQ5BzAjdnyaHM8hozEiY=,radio,Discover Feature,song-based-playlist,1
uhEkft9Ht4TsUF5wBkmmZbtbaIVESVfiUnMlxHYl0HI=,PgRtmmESVNtWjoZHO5a1r21vIz9sVZmcJJpFCbRa1LI=,explore,Radio,song-based-playlist,1
mDJCU+fKu/mbdk9l4SmPYiJwpeMyK44o9wmG1X3735A=,Zks8Is+xdBwLuMg0lYynAU4FanLNf/tyuZ8d7IEvY9c=,search,Discover Feature,local-library,1
KsjbiO2iw8TpMfu+9Bf2p8GI57Q53lsHXy1xWIMKH/E=,GQqErVwbH/YaifR6wl2S6prosRVHhwGO2/Aq5aIJLA8=,discover,Explore,local-library,0
XkORogCcAwIoTSBptOED51tv9wXQ2WCEqGgvwqKsyU0=,x0AQuGp6SHvaD/fLkk+6JzAp6zOUgd30Tx4oL3YBz5Y=,search,Local playlist more,song,1
lSkUSnCm60kDLdEsnAVp6jwr2HkyIhDCEZLX82djjHg=,95c7DAPEYsXPp72TZ4teA4ErdV1TNjajZcdk/if6AVM=,explore,Explore,song,1
xQp8uu2ljPWqokw6Eg+4TCB/GUC/EZwFMcapcleGiDw=,d5ayexvXscdzmuGxENyY8Uwb4AQaxt0dEcnkAgES7xw=,radio,Radio,song-based-playlist,1
P+Sxa9gtP8P8IQcpPGbwWmEFdrF16hTrtfXyfa5aGoI=,zcieWa7/2VeVp0m0fa95RI3i6FIfNTMzVvYXm3X64Y8=,search,Radio,radio,1
4tuTIArXO3WO8/zS9y2CC34ywEfChjAKUchlKW00DMM=,+LztcJcPEEwsikk6+K5udm06XJQMzR4+lzavKLUyE0k=,explore,Discover Feature,local-library,0
OOETiYOFhuTowtgRUIiKommGv0eo6XUHLc1ofgwcJew=,3VkD5ekIf5duJm1hmYTZlXjyl0zqV8wCzuAh3uocfCg=,my library,Explore,song,1
KXS4mDTuweetiTTxgkbg8uohB20KUXvkXz6g4l3r40c=,WTTcFYZNyqe1dL6Rm+jQMLx/tospfRR+PhD1OFix1mQ=,search,Explore,song,1
E23IyF1NtT7IeesuDuHWR6g/yMpWrq3cN3U4qTjXE0A=,w0/+8z/tSrUK3JctMyhYTh2LfNl9OFga+Tw0yl0IVfc=,search,My library,radio,0
AEZNdJt0QGYpBlT97tdnNaNHW5SqpgJb70TFmeZBYbg=,jFUlstiDM/0JBpQz1N1Mr1uJj0H8kiQsJjfbnx45gHs=,explore,Local playlist more,song,1
y3IT85vrzY2iBxFg6nsh4Cmg+mV3oqR73TPekK7x1Rc=,etnpvFVFCKje9Br8nB2pWWlaMRVwN6euSQc9+7ZnXR4=,my library,My library,online-playlist,1
3i0jlUKhqqUKqFsoJVgN2UcDOuri7fCiE33XUCnKHXo=,a4TbK5V15pj3YZUOGa9h2U3t0OsE+3aiFw41mNlcgcw=,explore,Discover Feature,song-based-playlist,1
E3yiQ2d5+KiGkm622V73IRgukx9qXPYJIpG6xWF/lF4=,jHMqK5wu5C0txl0QCxpkSM1xbIev60ii+dc99LXu8EI=,my library,Local playlist more,local-library,1
XHJRZV5Xgcub4dNGuzRj5tVfDD1iwrtoXmdQOWtlc3U=,A8VVQOKrMDk0G8oU6z8qJ5Ggs5DneqlCpdoiKqKYIfY=,explore,Explore,song-based-playlist,0
38LUs5mVWNKfyjL7ilf9JCnWZLjnno2obLXr69JJKcw=,etnpvFVFCKje9Br8nB2pWWlaMRVwN6euSQc9+7ZnXR4=,discover,Explore,song-based-playlist,0
crUeQ6DYDHHRNYmn+n5Kodfvu9ki0IdHfXHNlZEUPHs=,EL5DbsSvhAFtMBBoOjs4aipOjC3Xj4syX/l/wlK+kdM=,search,My library,song,1
YQiox2a4tbRbNBaL+VfOLH8oea77HPJMPWRh8euXZqM=,VkDBgh89umc9m6uAEfD6LXngetyGhln4vh/ArCGO0nY=,radio,Discover Feature,song-based-playlist,0
O6cmcavFpTlX0oU/WxJrYGxLIvR22dVpHz/VJxylp8g=,1GI0GC3w9c0tDD2s0qP15DxrLUs9JX9XW6fKbY0rBZ8=,my library,Discover Feature,song-based-playlist,1
MxCUQ6tAD7LU1yR0gwRck91ZKE88gY8kD/rX9Hi9srQ=,JA6C0GEK1sSCVbHyqtruH/ARD1NKolYrw7HXy6EVNAc=,discover,Local playlist more,local-library,1
qljEWgpUDxIw7Lpc9mpZSYjpH+RmsE3T6s0x852lzRY=,cLpXPLkgvZlNs+wbtHh2zFjvGMH61BU5fj79s+G2/PE=,discover,My library,radio,0
Jc84woRFJuyMAC6hDcH/Rr84MGq9ucuxeZveZ00kI5o=,N21RxItkM+DqGIdEWiPa5urFl3xvDUNVdhr2bFZvMeA=,my library,Local playlist more,song,0
E23IyF1NtT7IeesuDuHWR6g/yMpWrq3cN3U4qTjXE0A=,IiO/4aXuzEtXpyd1A7LV2TlAdIS5Rzl3hwdtbKuNBQ4=,radio,Discover Feature,song-based-playlist,1
nAiRf+UmYT7ZWIOUF6Ig3D0FDVIVpSgUb+H40Vg1eQU=,KcQ4assZxaXsdizqxGjUSAY7CNc6+6hQzpVsjnWsShQ=,explore,My library,song,1
qd03y2Hs/0xCA/dPExadbY5XQdTHOcli3h8w4KTwhZ4=,k8DZF0FFuy2GydI7mnH1tH50pFcEQMPYVD/A7Y/T0QI=,radio,Explore,radio,0
WRwcfUKwDVQ46cylDQ1Tf8ayTojVYeh/00m0ubVNxQo=,Kpyp6PVaOaQz81TH4KYB59FJiO/GVgzDVyCmiyxHTxc=,explore,My library,radio,1
z1IXxOkXP6uCWwFJLibRkXzU7USedggSWIfGJl/HFQg=,yPA+sQt5tJ3NgR6/L9BefmNpA2152zQQ+/Kvtt3iSUs=,discover,Explore,local-library,1
4abUL+lw0T5WFbdgeEyj8UHqyYxA7Exgw2tWiDJVSwY=,BITuBuNyXQydJcjDL2BUnCu4/IXaJg5IPOuycc/4dtY=,my library,Radio,online-playlist,1
a6uMxhS43vQ++TrVP3jdHT4lFfjw61SlIsCkvigQ5ro=,podlycp3c6tOEDw7q8iQBVgvFjiMpkWWXTlXljGdbTY=,discover,Explore,radio,1
ocQB699RoI5sBlRUfv8tu++vqupI35/95l3U507jdpw=,6uCt0I6XmmXX7fta96XlZyxtSWXlTa2ZviRbxnDUa/w=,discover,Radio,song-based-playlist,0
XkORogCcAwIoTSBptOED51tv9wXQ2WCEqGgvwqKsyU0=,izWkEacMHX6lc+hEC3QnWwWd2LXiHZ9tacUNpfUz+aw=,discover,Explore,song-based-playlist,1
rdNI0wgxmcsOgjH0akX2/zzW8qbDZc45D681Mpq45jI=,Bh52i4Qxauj9DCtTLH9CeKZgB59FIP2NofIbc6Dh0Xw=,explore,My library,song,1
ZIThPCdbFdxx0T+qKaAnQprzkTcoMTJL66Of3nlFGLA=,1PR/lVwL4VeYcZjexwBJ2NOSTfgh8JoVxWCunnbJO/8=,my library,Local playlist more,local-library,1
3yBpYWqEybBPazsqB5NIhrXKCFe1Djn5orPBvxz9ArE=,/vRMwxfCQC55cFGMLtxZlAqhDFW/aPQMGdkRnykeWyc=,search,Discover Feature,song,1
AEZNdJt0QGYpBlT97tdnNaNHW5SqpgJb70TFmeZBYbg=,gZphe9aRvr0vVO/oEt23amqyDc+YabbIJ9WIzZTVjG0=,explore,Discover Feature,radio,0
uhEkft9Ht4TsUF5wBkmmZbtbaIVESVfiUnMlxHYl0HI=,qHD46j2HpNipwKHtoE0035AIr+FAdNYaSi1VNT3gACk=,discover,Local playlist more,song,1
OOETiYOFhuTowtgRUIiKommGv0eo6XUHLc1ofgwcJew=,n+pMhj/jpCnpiUcSDl4k3i9FJODDddEXmpE48/HczTI=,discover,Discover Feature,radio,0
dO8vzPwqXvOjrPWDW++gVecwTNnzesp3zW1dtRc6KEk=,dKfxhaRKwvhiYOUQ5JlkxQrJ/dDksdFueybCIdG5dXI=,explore,My library,song,0
saNgxsUQwx4IXBRgFF0w3uJN6KzvQBEv3dI7dDaz97g=,/RYwZD+IL/0YEgpu71HgW9q6c2A80gr/fC/j0BmYGvo=,explore,Discover Feature,online-playlist,0
xjA4Fs3CO4k3jQSXLFhn21zxTcYVRRRTzof3ZPn8KFg=,p6vR55B6kN6DL6mkWo3Ndkzd1KEbmr38ndt04bYuzXo=,explore,Local playlist more,local-library,1
ZIThPCdbFdxx0T+qKaAnQprzkTcoMTJL66Of3nlFGLA=,O+azAuxxhTE27OXm23raLUOTey/RS3+sceZDO2iFXys=,search,Explore,online-playlist,0
dZNojW/n4mqxR6RSZt4CMeCnJzzxBYi6n9qQCKbghvE=,u6/Pb7X4u7KU4gXrBgGqt8RlRrNNFLn03tLAHyxRxwA=,explore,Discover Feature,song-based-playlist,1
vSstkkQzt3KMmyvh0MGHpXpgzHO6kobAYipy6ik6HB8=,zcieWa7/2VeVp0m0fa95RI3i6FIfNTMzVvYXm3X64Y8=,radio,Explore,local-library,1
rRUTKZAVxGBh5XRUk+Lk/b/gHcAOsbk1hiQiEfubDh4=,OE6pqPyTUHX2LrFokqXrAVv6VkRGadC8XQ8CZZpaa3g=,radio,Local playlist more,online-playlist,1
J/KdXo5kGQs+dRxYam3/tZlwhl7ZX+sYvvCdjg8Tqzg=,5myS1WHBGGzoGGXLLGo/tIuHzWsyp0Ez0NoLWKdkA9Y=,discover,Explore,online-playlist,1
Tb5tCteFbk+G5Jyvq9SqD1eAzgZ98WR/xOCvvjkNCog=,+LztcJcPEEwsikk6+K5udm06XJQMzR4+lzavKLUyE0k=,explore,Explore,song-based-playlist,1
MXIMDXO0j3UpaT7FvOSGW6Y5zfhlh+xYjTqGoUdMzEE=,SKRQpz3EM5UIxT2LCGzK5k0aYg4QtyHWtr0L/EK6By8=,my library,Explore,online-playlist,1
oqovZIlVcIUL0aIMGYtXxy3R+xJcxmJBJUXeIb+HJYA=,RiJp0d9j7dfyZ/pyUPtWLXiVp77iitN5lUQTR6qjEOg=,my library,Explore,song-based-playlist,0
Xbrr2Sbq8NuLG+1QZWm/Iu5P52fUTvgspCYNG8wmfPQ=,zuyzUP11fbgoVp6IMfWK378GDToe59ZlK5gkf+7aKdg=,discover,Local playlist more,song-based-playlist,0
uA7h005WTDJTwS1Tv1uzmWcWTpt/7x7Xx8JydbeMi2U=,/6kgyFt1nsLDNbZh0AHM4Pb3sbp3CZ0C4DbPa4++eVE=,radio,Radio,song,1
gxxBbzV3eE2XGjUrFVB2FzAve55Oe1s86HD+OEh36Gw=,8ZT1ADO1qNipe/T41z8XASvyZRgdBUL5oung7zV5am4=,explore,Local playlist more,online-playlist,0
AEZNdJt0QGYpBlT97tdnNaNHW5SqpgJb70TFmeZBYbg=,yLoN4bFNhNb3LXZ4EdnptePHtj3Ztmrw/p13qGn3GTw=,explore,Local playlist more,radio,0
HdnZZ4P0Vjxo2tgTvO1rsT/H3NkG7jvfrnCuF7TBK0A=,A7Z2nDVASy04EpmfzOL9PRMN3hFVbWQ7ah4J+o9sLnE=,radio,My library,song,1
KsjbiO2iw8TpMfu+9Bf2p8GI57Q53lsHXy1xWIMKH/E=,uzU6ntNZT60j0CqFNXTpF6Oo8W3w5UwU/ANEODidW04=,search,Local playlist more,local-library,0
tlFGRF/TtrSwJA9XPHL4cajWghZCbAbhzif/6wJiN6Q=,95c7DAPEYsXPp72TZ4teA4ErdV1TNjajZcdk/if6AVM=,search,Radio,song-based-playlist,0
PwnWgkloewAh6nr1MpRnSm6jbrltEb328ifDj7ccDZc=,kTfvijj0YOM4LkNBb+6RCPKakz/8NEw5y2PMdmc9bc8=,search,Local playlist more,radio,1
FG+WikEK8x1GZIB4E2keTq2SJX4bXjFjG5gkjc8qbcw=,tB7WW8fbj7VdrPYInjSGBfslYr2DKNIeeFKQsqqMZvc=,my library,Explore,song-based-playlist,1
a4aEMKA1bMIwfCarB0qN+Fjag8swMwFfXm6ri5KJvms=,xK0clTH8TvjG6sKmJXZuMLzhikhlEsolLtx2AHBpmbQ=,discover,Local playlist more,song,1
gxxBbzV3eE2XGjUrFVB2FzAve55Oe1s86HD+OEh36Gw=,9YYrODwrXpDcCjOJypHROv3f5z40y11QlmgQjmzp2vQ=,explore,My library,song-based-playlist,0
tiYOcOjJ0qgAJDL3hTboZye11uT8tBbNTscBDWxCWLw=,0ee/D6HjX0jSytUn3v58C0x6zEzN4bcPq3WlqvrG/Xo=,explore,Explore,local-library,1
pRHIP4XdwWx7YpREsLN4sD0gb2BUEbhKytDXlwUAO+k=,3OvsjjGFnEouJggaSOMVUVgzrgoTRtKd97GVQlQXUWQ=,explore,Explore,local-library,1
p9Lk74DKfVohPHjTvzHSVQ3lRaqW2ofcBolP45FJgiQ=,eBme/h4Z4eP7BZY3tifu5Lr/dRB9NQJVIl36jZ5DZGQ=,explore,Local playlist more,local-library,1
WRwcfUKwDVQ46cylDQ1Tf8ayTojVYeh/00m0ubVNxQo=,AJQOsWR+d8TYfx8K3IngAs9/GSQE5ujDqBx/8PYm6zo=,discover,Radio,song-based-playlist,1
FG+WikEK8x1GZIB4E2keTq2SJX4bXjFjG5gkjc8qbcw=,b7yydI1iGdF/kFybrbVHHDXeI/9stzEWK1i77MLj4rU=,discover,Explore,song-based-playlist,1
2LbejuZF550yFLDXLIBw3gd/c462BIJ+S/SOwneSXUM=,/SfOXDLarv4WeXEX6g9GfKgd1R+BnBG2+k/vanWU5FA=,radio,Local playlist more,song-based-playlist,0
UvM0IMLJ11PTOjdjhqapNQmHcbttfsiyv5+dtIR2IK0=,ufjl9/oJJRQx/0JUEBaIeyE82HP0CF7Fy2LwOIiNiYY=,my library,My library,online-playlist,1
cF/VJmBHwhcqdd016oPP1wXBdWSjxEHEzwlhEn4+/4A=,GFWjz4apE8zMiXe6wc0qCjr+DbK9BFkwo/rr+FsNm+g=,discover,My library,online-playlist,0
2+T8pswRgDmvZ6B4esKi3lWZyT4xqeVKmv19J0/y51w=,x+wwBWqNXLShElFWaLs1ahI15dN4cl4ShC1/Wm4PsH4=,my library,Discover Feature,online-playlist,1
0gR6Hl63ExurTrvY9uEfmgDDgRj0nBaIse0DU199YT8=,qHD46j2HpNipwKHtoE0035AIr+FAdNYaSi1VNT3gACk=,search,Explore,song-based-playlist,1
EZmIP7zKgqKwpEHnuDjRIkzCmcLNlHn4hkiglZ5LxK8=,7vGvrf5l1XzNbeLZXzQgaNvc2VBmncarpN3LQpLUZiY=,my library,Radio,online-playlist,1
H/MB+uttGlGIMr7qru4HYG4dVbh0e1mBuoryBOKz/RU=,x6u5YRNWfWRwBSupKIjHonX/pAAr4HtXW4ZUIh7/iPo=,explore,Radio,radio,1
b5XWI+EhZTCGoQ6YK/SLu3tmCnKh8Z7wBK6Gztm49uA=,cLpXPLkgvZlNs+wbtHh2zFjvGMH61BU5fj79s+G2/PE=,explore,My library,song,0
x+k/zTEqdgYq6O+r1iDjKRaQnaCS5118gzBe8c12r1Y=,7Xxzo9Z584Z1AhkaLLWEcpzcEuxcquGE52Ztc4879YI=,explore,Discover Feature,online-playlist,0
+boPBM5G5+vAfbO6zTy7A2FrVQyl91aBPGHkQ6ciNYc=,M9rAajz4dYuRhZ7jLvf9RRayVA3os61X/XXHEuW4giA=,explore,Local playlist more,radio,1
pRHIP4XdwWx7YpREsLN4sD0gb2BUEbhKytDXlwUAO+k=,ajjUpdQjWCwzCHNd6C0hB3Fz8BIPGjSy6IT35+UWD1I=,search,Discover Feature,song,0
FG+WikEK8x1GZIB4E2keTq2SJX4bXjFjG5gkjc8qbcw=,JP0GJixHOHSNDsjKiQY2ttQKbDmWSk35JMMfPtR06BM=,search,Explore,song,0
UvM0IMLJ11PTOjdjhqapNQmHcbttfsiyv5+dtIR2IK0=,OakhL7CLirelAGEP9sYyP6fmTa8HV1mD/qVdpM6o5uE=,explore,Radio,local-library,1
z1IXxOkXP6uCWwFJLibRkXzU7USedggSWIfGJl/HFQg=,A7Z2nDVASy04EpmfzOL9PRMN3hFVbWQ7ah4J+o9sLnE=,search,Explore,radio,1
qljEWgpUDxIw7Lpc9mpZSYjpH+RmsE3T6s0x852lzRY=,8Ckw1wek5d6oEsNUoM4P5iag86TaEmyLwdtrckL0Re8=,search,Discover Feature,local-library,1
8tSgHKzljg7TyPLYrU9L7CgHIdShVvyV/d6PccMRzhw=,dBblcCblxZ/fqu94pTStU055+hRvF2oiyDEq0qHIfiA=,discover,My library,local-library,0
lSkUSnCm60kDLdEsnAVp6jwr2HkyIhDCEZLX82djjHg=,2xoPPf/RyHAxRqSSP41itnzRofW3noLzFLGfmvREFQQ=,my library,My library,song,1
4aRFGkKzGUpqTbjojytAtRQNdx0egL02hjJhSqq0+NA=,UksdvC4qcXmgOvmMSOPWh9sB2z7a+dT1CWlI58lq04U=,radio,My library,radio,1
FG+WikEK8x1GZIB4E2keTq2SJX4bXjFjG5gkjc8qbcw=,qiF4WAvKyVZZIBi4oSntG2GrHa1+p3oMaiZBXUpeDT8=,my library,Radio,online-playlist,1
UGX+2jh3WO5XRuVOPuPCiIetzHlBjh0DPOLPeJSe36E=,TIwOs7iFTKo3Cy2yiNReYYcZc1JyAx+0k08+z97k1dA=,my library,My library,local-library,1
o6lVTGcU8lL0OI4fOMWc21THJHoOjqxxYlYACoyTN6g=,wR+LLM957WfBdaXmUsdE9AiGzOVki7yjelGea+0Ze8E=,my library,My library,song-based-playlist,1
1d4acB2bhEZCFjSRwvO4ls8PrBtvNTlkcAcxYx8FcWE=,HsgJXv1C7iVZiP7CWwWTfsmMhia6Huc0MUccfj+D02o=,radio,Radio,song-based-playlist,0
wobMEyGx2iCkFu27/HPRJIky3S8tO/rS8Rr+tsvEe0k=,h45pWoMzCvsq3e3rBIuHggNB/3NG06/SIVDPEPOF1Gc=,explore,Explore,song-based-playlist,1
uhEkft9Ht4TsUF5wBkmmZbtbaIVESVfiUnMlxHYl0HI=,eaEPf0VwQhIvfAm8xzQucpa0/OnWo18Ig1cfMIUsZ3M=,my library,Local playlist more,local-library,1
NzxFYmHEK32NaephTO2QGtxiR93Cf7U/Tp6jkoY25WE=,BwDDym6Tp7EnGudWBGJyjONZeX0/4ndu5PETiPWzav8=,explore,Local playlist more,local-library,1
TxvdtN1Ehq4kbgU5J7lw+ik6Pc0NZjnQKARPiCCf0fk=,yBHK9ZzaYyeNaPr1ucAkD3RH7dKwaEY8dtplxwkxr44=,search,My library,online-playlist,1
16fsOt7imefLSFsV7mWoP1AL+bpjP1NuWzQ5QP9tj8k=,WLWYK2ULyKhj/FAWvhEOVQuDlZmsmTkKscwahrXsoBM=,discover,Local playlist more,local-library,1
Z56mxjHqnR1FK1d5gkf5ARTxwZF8h0HPI+rHFGRrMHo=,6HofPS0v2MVFsL10yCN7dXUL+gUOnvsD35vx3HmRbdE=,discover,Local playlist more,radio,0
UvM0IMLJ11PTOjdjhqapNQmHcbttfsiyv5+dtIR2IK0=,fLcg1JwIF80DBi1D5gheP1WuO4IXt4HFSd19TZ6y61M=,discover,Discover Feature,song,0
yBXKYfcmQ+TtIEvkLQXabAY2uwudIGn21dEZYAwCDCg=,jZVQRajq2WbbIoSiF5MSCyJKgTt7tpITHayD3PYKg88=,explore,My library,local-library,1
OOETiYOFhuTowtgRUIiKommGv0eo6XUHLc1ofgwcJew=,S9Ceoq7vRyE9wVvIyi8dWYZ+9bN3W/hP8i6nFTM8y70=,radio,Discover Feature,online-playlist,0
+boPBM5G5+vAfbO6zTy7A2FrVQyl91aBPGHkQ6ciNYc=,xK0clTH8TvjG6sKmJXZuMLzhikhlEsolLtx2AHBpmbQ=,search,Local playlist more,radio,0
E3yiQ2d5+KiGkm622V73IRgukx9qXPYJIpG6xWF/lF4=,gZphe9aRvr0vVO/oEt23amqyDc+YabbIJ9WIzZTVjG0=,my library,Local playlist more,online-playlist,1
WtuOpsYQ8St9zt7yySdryqDUCxeT4/v2rLRA7+lsahQ=,2Y7NstzrTnCFlRel5m80hPDe9471QRU9oyqPIx1xIP0=,discover,My library,radio,1
YkG93vvIFdFWVWsYqT5w6t0X4uw9/RS03jqzhBzxFlc=,u6/Pb7X4u7KU4gXrBgGqt8RlRrNNFLn03tLAHyxRxwA=,explore,Local playlist more,radio,1
5LGtbWKwKifap3ECM6HO04gPY339RM0oF7D/MfWzUxg=,DH9SXL888u6VtOCkF/nqFbmtHlEkYgh9atVYPHfSfo4=,discover,Discover Feature,song-based-playlist,1
EZmIP7zKgqKwpEHnuDjRIkzCmcLNlHn4hkiglZ5LxK8=,p6vR55B6kN6DL6mkWo3Ndkzd1KEbmr38ndt04bYuzXo=,my library,Local playlist more,online-playlist,0
08sWvzS2VVyKAVQRi6z4gxGxRQ0YQM0BXsXdVEKuzSQ=,eSerI0GiRKmKVwhbY05QQi6DSRrCz4/vhiyvipqURDk=,radio,Explore,local-library,1
FaH6rl69OOVwbsO30jjdjVXD9wJO8pcVZS6LGy5zTJM=,OE6pqPyTUHX2LrFokqXrAVv6VkRGadC8XQ8CZZpaa3g=,discover,Explore,song-based-playlist,1
WtuOpsYQ8St9zt7yySdryqDUCxeT4/v2rLRA7+lsahQ=,cQI8Uzy06tt/XJ59vDlifTQTl2qOiTFBkf5yVCUNoyg=,radio,Explore,radio,1
n5v6IqRk4CZnELtP0Z2et7EZrdPicfyhvD2gIdq1Mcc=,z8xAhD/t0v/wUKZ8Rz0Pwojr5psdmUQn3/eu0Yw11zQ=,explore,Discover Feature,radio,1
VE8ZRudqIj9zHOSXxGg3cLOBkbykv78DwWN6IXRusWo=,3Yz717mUtR+r4L0zzgDgWnYeFtY9g68ZjKlq1U72KNw=,radio,Radio,song,1
FrYc5vaJMygJR0CjtIqrigWOlEKURefFwGKvr0BlbMI=,Hum12fv82coQWytuQUP8K0cHEdJ9zz10RrGjsGqmDpw=,search,Explore,song-based-playlist,1
a89sofbsaFkpzn8/P10elgzbXDQokPTlsKc1uqi7Zco=,Knq4ruFJI2OJlOtotwq3fuWueMlXcUeS3oxVEYlKoC4=,radio,Local playlist more,local-library,0
gxxBbzV3eE2XGjUrFVB2FzAve55Oe1s86HD+OEh36Gw=,un97bVjGL490RQbl8kr/58qbzkeuFBGMnXFRst9RArs=,radio,Radio,song-based-playlist,1
P+Sxa9gtP8P8IQcpPGbwWmEFdrF16hTrtfXyfa5aGoI=,JRa3KgSwWDyY17usXoi6jN8O6v6t6Tq4xcwjbUkbQFQ=,radio,Explore,song,0
tNvUsQwOJX5OgGsBBN9to3vI+DoUc6S1BFgNXUaYoo0=,YBrWf/Hac5La5V2HZ80Mi70NzUcTehVDWhkIp8h4Klg=,discover,Radio,radio,1
8ncKS6kWM+oSslEfrPcRMcHq5VVQqBcbWoQ0FHlDgPA=,jZVQRajq2WbbIoSiF5MSCyJKgTt7tpITHayD3PYKg88=,discover,Local playlist more,song-based-playlist,1
5LGtbWKwKifap3ECM6HO04gPY339RM0oF7D/MfWzUxg=,7Xxzo9Z584Z1AhkaLLWEcpzcEuxcquGE52Ztc4879YI=,explore,Radio,online-playlist,0
TO253iXvHroemKYZ23M7YL7uu6Um4zEwByNl4wcpIYs=,shYcSF/8MpYMxMzLfRznBZjwoQIvd+RUH06UamCj8ks=,radio,Local playlist more,song,1
w4SNbHDAMuMbulkgcHGYOl/datijVua3CR5D73DylLs=,LnbFBEyneTI7mID7Pw+s14Kf3o73LucRxwS3Wpfjsf4=,radio,Discover Feature,radio,1
2tmUzRCcD0l3et0ck9XfxZT6gT9LM3w8gwfckVNylIU=,oTGg75yjTAP0grXmGld3EUD0b/b9u7lW2JyUX/mBiXI=,radio,Radio,song-based-playlist,0
YU6fAgCFgPkaJ1YSW2838KzGTxmBCfgousTO8jwuHYM=,7vGvrf5l1XzNbeLZXzQgaNvc2VBmncarpN3LQpLUZiY=,explore,Radio,radio,0
5LGtbWKwKifap3ECM6HO04gPY339RM0oF7D/MfWzUxg=,fLcg1JwIF80DBi1D5gheP1WuO4IXt4HFSd19TZ6y61M=,search,Radio,song,1
KXS4mDTuweetiTTxgkbg8uohB20KUXvkXz6g4l3r40c=,01dMXfqYr3EWV8V4ccmHMNy45+7YG8TBmGJ4IVWOduc=,my library,Discover Feature,radio,1
OOETiYOFhuTowtgRUIiKommGv0eo6XUHLc1ofgwcJew=,etnpvFVFCKje9Br8nB2pWWlaMRVwN6euSQc9+7ZnXR4=,explore,Radio,online-playlist,1
n5v6IqRk4CZnELtP0Z2et7EZrdPicfyhvD2gIdq1Mcc=,yBHK9ZzaYyeNaPr1ucAkD3RH7dKwaEY8dtplxwkxr44=,radio,Explore,online-playlist,0
wobMEyGx2iCkFu27/HPRJIky3S8tO/rS8Rr+tsvEe0k=,M9rAajz4dYuRhZ7jLvf9RRayVA3os61X/XXHEuW4giA=,discover,Radio,song-based-playlist,1
4DlS5LiANEKlMTQD08dakyV1JWwPYI/n1wyjx4ImjPc=,KxxFN09YQwSN0eAJSUf2xa5ZKjyZmX3nIVKM+zKxq6Q=,my library,Radio,song-based-playlist,1
+Y+wTRRkZ0QA3bV4+7nwu8qlN5Kb7ygMhqvB5L929YI=,fCCmIa0Y5m+MCGbQga31MOLTIqi7ddgXvkjFPmfslGw=,radio,Discover Feature,online-playlist,1
a4aEMKA1bMIwfCarB0qN+Fjag8swMwFfXm6ri5KJvms=,WTTcFYZNyqe1dL6Rm+jQMLx/tospfRR+PhD1OFix1mQ=,radio,Explore,song-based-playlist,0
BqnomjS+KJtzWrGRkqLEoO3I7KapwN4B8H9in4Fsf+I=,ux6db2W4f9nhapYVkSg81Uzhxnw0vf44cFWHSd2EuJo=,explore,Explore,radio,1
V39VxDdE9SgMQZnX58oQChm9W056pw2lC3TiifMfkKw=,kE+FVLsG03zTzYoGVDqTmVkoSKC9DjJwQr2puF6MkOI=,discover,Explore,local-library,0
00qmlWC3H/cjf2Ig1li5xIO0VNDRgBX0f9ilouDBEZs=,zcieWa7/2VeVp0m0fa95RI3i6FIfNTMzVvYXm3X64Y8=,discover,Local playlist more,song,0
/2A361q3cuoEFZ0FoMEWj8SIVRJyPpHZQ5ni6Oud88M=,35dx60z4m4+Lg+qIS0l2A8vspbthqnpTylWUu51jW+4=,discover,Local playlist more,local-library,1
wv0o115CdKSsFlsV7VvHikjyxLG0LFc5qALhM8xkUZ4=,HsgJXv1C7iVZiP7CWwWTfsmMhia6Huc0MUccfj+D02o=,search,My library,song-based-playlist,1
Xbrr2Sbq8NuLG+1QZWm/Iu5P52fUTvgspCYNG8wmfPQ=,zx4aCmk+b/uPmvESsG8ekvi7qWmifSPNMXg1i8wyG8Q=,radio,My library,radio,0
zYTm2T59lT+Z/hpoywdET+EGMcRhwi4rzL7WD09iRC0=,TLU46LbiJ+1mmJr4Le4Z5eaUQq3TiXgdZpE5EtR4WZI=,my library,Explore,song-based-playlist,0
NzxFYmHEK32NaephTO2QGtxiR93Cf7U/Tp6jkoY25WE=,8f/T4ohROj1wa25YHMItOW2/wJhRXZM0+T5/2p86COc=,my library,Discover Feature,radio,1
EDSn8rAs8qjUvqhhFG5diTbaVbJi8qkoKXeMzf2JGVQ=,G/4+VCRLpfjQJ4SAwMDcf+W8PTw0eOBRgFvg4fHUOO8=,explore,My library,local-library,0
JkQacE3rvmhh65R04eDLbu+M7MCkpzmHwMGrbZo0puc=,W+akwEPQhC1OugUaQlo0DR9xVs49UbJDZbiGvgN6ZyY=,discover,Discover Feature,song,1
hzy7RwzEVDm4JmC0X2qLUvnoE1+2zNTEea4fOe/o6ms=,R1769yIwSejBpG/qGgxdD3BiYXI2fJgMg1jjlKCPhIo=,discover,Discover Feature,song,0
+Y+wTRRkZ0QA3bV4+7nwu8qlN5Kb7ygMhqvB5L929YI=,Ujt3R5hAe0Pix2mURuC+CO6aazhCvEU2lByPzy3E90k=,radio,My library,online-playlist,0
AXKTVBbdr2/z7m5WL1IXzlriNbun8B+7wM41MsWCYDw=,1GI0GC3w9c0tDD2s0qP15DxrLUs9JX9XW6fKbY0rBZ8=,discover,Explore,online-playlist,1
E3yiQ2d5+KiGkm622V73IRgukx9qXPYJIpG6xWF/lF4=,UQeOwfhcqgEcIwp3cgNiLGW1237Qjpvqzt/asQimVp0=,discover,Discover Feature,song-based-playlist,1
uQ6LOBwmu7lIjv+wFaq5+M4IcAZEha2J0uyDB6Y8aqY=,+WZeyJdxSPcag6xHLPjJOfJoc1haKiC4j0BcbZHG5ig=,radio,Explore,song,1
HdnZZ4P0Vjxo2tgTvO1rsT/H3NkG7jvfrnCuF7TBK0A=,wBTWuHbjdjxnG1lQcbqnK4FddV24rUhuyrYLd9c/hmk=,my library,Local playlist more,online-playlist,1
Xbrr2Sbq8NuLG+1QZWm/Iu5P52fUTvgspCYNG8wmfPQ=,ajjUpdQjWCwzCHNd6C0hB3Fz8BIPGjSy6IT35+UWD1I=,my library,Radio,song,0
8ncKS6kWM+oSslEfrPcRMcHq5VVQqBcbWoQ0FHlDgPA=,7dUiqNIuyM+aDRJEw3+ZSYydeZGAQ1AAI0eOd0Nzh8c=,explore,Radio,online-playlist,1
VE8ZRudqIj9zHOSXxGg3cLOBkbykv78DwWN6IXRusWo=,1PR/lVwL4VeYcZjexwBJ2NOSTfgh8JoVxWCunnbJO/8=,discover,My library,local-library,1
crUeQ6DYDHHRNYmn+n5Kodfvu9ki0IdHfXHNlZEUPHs=,fLcg1JwIF80DBi1D5gheP1WuO4IXt4HFSd19TZ6y61M=,my library,Radio,song,0
SZ5NNypqaTWljFO1HiVZwkw3713+rM9x/JNdJd8/fzc=,J3iRhTSYqG12XgzsbOSJYdIFWZ39JaYoP3XSWM/pcHM=,explore,Local playlist more,song-based-playlist,0
6bwk5TTaA1YSOmPoxDgBBlV5CrZJEar2C6SxwT5nDrU=,msy6vSQ15p6RVJfm/bSgcDwd3YSLp445Pdhzw6CEZRM=,my library,Local playlist more,song-based-playlist,1
FG+WikEK8x1GZIB4E2keTq2SJX4bXjFjG5gkjc8qbcw=,01dMXfqYr3EWV8V4ccmHMNy45+7YG8TBmGJ4IVWOduc=,discover,Radio,radio,1
Mn98O4X/zceMt9nswcoq08F16ciCqhuN7lQ951MAL2o=,kTfvijj0YOM4LkNBb+6RCPKakz/8NEw5y2PMdmc9bc8=,explore,Explore,local-library,1
uQ6LOBwmu7lIjv+wFaq5+M4IcAZEha2J0uyDB6Y8aqY=,BgqjNqzsyCpEGvxyUmktvHC8WO5+FQO/pQTaZ4broMU=,discover,Radio,radio,1
TO253iXvHroemKYZ23M7YL7uu6Um4zEwByNl4wcpIYs=,TbrfWJpl81E4alsi2+b84oeUu+b5S/8n9yFlZDriNYs=,my library,Radio,song,1
x+k/zTEqdgYq6O+r1iDjKRaQnaCS5118gzBe8c12r1Y=,5myS1WHBGGzoGGXLLGo/tIuHzWsyp0Ez0NoLWKdkA9Y=,explore,Explore,song-based-playlist,1
BqnomjS+KJtzWrGRkqLEoO3I7KapwN4B8H9in4Fsf+I=,Xpjwi8UAE2Vv9PZ6cZnhc58MCtl3cKZEO1sdAkqJ4mo=,explore,My library,local-library,1
A6DJoTdyfFVxhngH62vlscx6pJsakhdeNs2vDEVTfH0=,o9HWMBZMeIPnYEpSuscGoORKE44sj3BYOdvGuIi0P68=,my library,My library,song,1
cqjRBV/jWN2ujhc+z/4tz+Mj6xEfflAAt6qBXCqxKvw=,GKgBgCnz9R8OWDdGeYgQS0TPHe8no8VWvxj4+4PSjao=,my library,My library,radio,1
NzxFYmHEK32NaephTO2QGtxiR93Cf7U/Tp6jkoY25WE=,fEAIgFRWmhXmo6m3ukQeqRksZCcO/7CjkqNckRHiVQo=,explore,Explore,radio,0
gNqpBxDbTlhvjHhGUzkOXI7uwdcMfsUjThCFibPphkQ=,31Tp9mUO5cVc8fEd67bI5GTrfev3MiXPUokaum1m3K8=,radio,Radio,local-library,1
PwnWgkloewAh6nr1MpRnSm6jbrltEb328ifDj7ccDZc=,KxxFN09YQwSN0eAJSUf2xa5ZKjyZmX3nIVKM+zKxq6Q=,explore,Local playlist more,local-library,1
4MSFgArmrrq1abQEeuHkmNQjEkqn5r/Z6/LNObSm3xc=,msy6vSQ15p6RVJfm/bSgcDwd3YSLp445Pdhzw6CEZRM=,explore,Discover Feature,song,0
0ut67E6+04VZ9RDX1nJYPmPARhbgYbsjEKl7K4dpjDw=,++QfzyM/LiFaCuvkDFK/wJe13ZEMgTgAaVCcolo7nnY=,my library,Discover Feature,local-library,1
cqjRBV/jWN2ujhc+z/4tz+Mj6xEfflAAt6qBXCqxKvw=,ClazTFnk6r0Bnuie44bocdNMM3rdlrq0bCGAsGUWcHE=,discover,My library,song,1
TxvdtN1Ehq4kbgU5J7lw+ik6Pc0NZjnQKARPiCCf0fk=,NhQfOVnptpW5z5qsP/sN+hVS8TM2iYvdy/ZGVe7K+kM=,my library,Local playlist more,local-library,1
rEVqJ3NIxC9LSUZYOj1ft5VSAvFo3AxNu2k36hKKtWc=,p0vznXPDpqFXtJzcvx4f9NxqLDC+1PQ9/Prr8kUdSuc=,my library,Discover Feature,song-based-playlist,1
Bljj9o7B1zgL0RIpZef1SlSigiTIMr0mDPv7aUyzuXo=,eSerI0GiRKmKVwhbY05QQi6DSRrCz4/vhiyvipqURDk=,discover,Local playlist more,online-playlist,0
H/MB+uttGlGIMr7qru4HYG4dVbh0e1mBuoryBOKz/RU=,VkILU0H1h3NMmk9MQrXouNudGk5n8Ls5cqRRuBxeTh4=,my library,Local playlist more,radio,1
EZmIP7zKgqKwpEHnuDjRIkzCmcLNlHn4hkiglZ5LxK8=,YBrWf/Hac5La5V2HZ80Mi70NzUcTehVDWhkIp8h4Klg=,discover,Discover Feature,online-playlist,0
f2c4l3mhW4SmXKRP+OfPUdbQ4U8afe+gqcX9Dmh03Xs=,7XjSvrL47/EJD2mNR0e2Ja+ed/Dm0j35tKPQLiO2Hjk=,radio,Explore,radio,0
V39VxDdE9SgMQZnX58oQChm9W056pw2lC3TiifMfkKw=,3VkD5ekIf5duJm1hmYTZlXjyl0zqV8wCzuAh3uocfCg=,discover,Local playlist more,radio,0
4MSFgArmrrq1abQEeuHkmNQjEkqn5r/Z6/LNObSm3xc=,ayL6eLHKSrmX4smFi1KbGMYrWI9EwsiErGjWUJ9CTrQ=,discover,My library,song,1
1m91HsZUO53drOd2CmAT2nf4JnK4xxBfbzPNTu9pkjU=,6HofPS0v2MVFsL10yCN7dXUL+gUOnvsD35vx3HmRbdE=,explore,My library,song,0
8ncKS6kWM+oSslEfrPcRMcHq5VVQqBcbWoQ0FHlDgPA=,Ujt3R5hAe0Pix2mURuC+CO6aazhCvEU2lByPzy3E90k=,radio,Discover Feature,song-based-playlist,0
9wwJC2y3YDYTilHnM+uYnPS7GCxV625Hs4VZ7sc6OKY=,HTu0yj2OGmSKPV6I6ktmb6DnmnZY8ZSFrrzNFR/MOfQ=,radio,My library,local-library,1
1d4acB2bhEZCFjSRwvO4ls8PrBtvNTlkcAcxYx8FcWE=,IhNTvk4edMSv0PCLIS6Ry23aEYtKEA/KwbJNi1OV84A=,my library,Radio,song-based-playlist,0
z1IXxOkXP6uCWwFJLibRkXzU7USedggSWIfGJl/HFQg=,DT35ri8FZuj7PGLxW/PhK5lt+CFVV85jDqPrBz6kixc=,discover,Discover Feature,song,1
16fsOt7imefLSFsV7mWoP1AL+bpjP1NuWzQ5QP9tj8k=,s84FxzZB6F3J6VOD21RuFLngqi6nMsKA4txNXn+pbK8=,explore,Radio,online-playlist,0
z1IXxOkXP6uCWwFJLibRkXzU7USedggSWIfGJl/HFQg=,8ZT1ADO1qNipe/T41z8XASvyZRgdBUL5oung7zV5am4=,radio,Discover Feature,song-based-playlist,0
ZIThPCdbFdxx0T+qKaAnQprzkTcoMTJL66Of3nlFGLA=,kE+FVLsG03zTzYoGVDqTmVkoSKC9DjJwQr2puF6MkOI=,discover,My library,song,0
6aH1YAi5YwvZUHtpjEaMQwM0p4wP4XLrkWQSdXDF9L8=,Wn5ltxI7NsFk4xGFHOFXv2ajWU9HmuEgDF+xs1EJpFo=,radio,Explore,local-library,0
hYJpPvGod6vy09TnlXdQe3Q0vlxju5u5Ruf8V2XkTio=,WTTcFYZNyqe1dL6Rm+jQMLx/tospfRR+PhD1OFix1mQ=,explore,My library,local-library,1
dO8vzPwqXvOjrPWDW++gVecwTNnzesp3zW1dtRc6KEk=,35dx60z4m4+Lg+qIS0l2A8vspbthqnpTylWUu51jW+4=,discover,Radio,song,1
lq5Q5jIo2pNtn/bTBZy8e07jc4qcIhLI7PXeieo/EgI=,fUGs+CNuo9R1M6NQbuyGVFMJmTf0TSFHjYDrBglyuVI=,radio,Radio,song,1
EZmIP7zKgqKwpEHnuDjRIkzCmcLNlHn4hkiglZ5LxK8=,IXP1a2o3NL8WU4WK1X0WJAKaSW+LgGRpPDn4Gt1HrV8=,discover,Radio,local-library,0
H5DWyI7bujtol5aU1pzvLdfBAs45Ym/5jicdUlerf2s=,IiO/4aXuzEtXpyd1A7LV2TlAdIS5Rzl3hwdtbKuNBQ4=,explore,Radio,song,1
08sWvzS2VVyKAVQRi6z4gxGxRQ0YQM0BXsXdVEKuzSQ=,XgLDH2I0dmKXQNQTMsNyGSy5oz+o6o6jPTqj0I8abFY=,discover,Explore,radio,1
OyELWVNKZMJtqg+BFArzAokp8bn+pGhBWbCZaxyLIus=,JiY2ckGkra5KGchu3Rh6KPH9FL2J0tTmAB3pGyVi4BQ=,my library,Local playlist more,song-based-playlist,1
AEZNdJt0QGYpBlT97tdnNaNHW5SqpgJb70TFmeZBYbg=,6pe6XOKc+06NhkgrFitOb/EKMj910AlS34LdhP510LE=,discover,My library,song,1
E9jsIxPWhebfnR8cbqPgS+FxCt0zBSXP+72mYRFg0+U=,IgMar/mVrJQ+ODFPytDf7jwQMmR09+slyZUdVylRFLc=,discover,Discover Feature,song-based-playlist,0
FGtllVqz18RPiwJj/edr2gV78zirAiY/9SmYvia+kCg=,wp1gSQ4LlMEF6bzvEaJl8VdHlAj/EJMTJ0ASrXeddbo=,my library,Local playlist more,local-library,1
KsjbiO2iw8TpMfu+9Bf2p8GI57Q53lsHXy1xWIMKH/E=,A8VVQOKrMDk0G8oU6z8qJ5Ggs5DneqlCpdoiKqKYIfY=,search,Local playlist more,song,1
4MSFgArmrrq1abQEeuHkmNQjEkqn5r/Z6/LNObSm3xc=,KZ5hwP74wRO6kRapVIprwodtNdVD2EVD3hkZmmyXFPk=,discover,Radio,online-playlist,1
Ty59+gs+lfVbfm1T/SDqLmbFhtkAP4Mm75uYiaKZ6kk=,FcbwzPm3n/PP+UZAjJaKFggjPSjyZ7YyxBA7LlheYi4=,my library,Discover Feature,radio,0
wv0o115CdKSsFlsV7VvHikjyxLG0LFc5qALhM8xkUZ4=,xeyouM+hIjUtImV20of0p7SrDY4UnejP5Q/BnCHYG00=,search,Discover Feature,song-based-playlist,0
J/KdXo5kGQs+dRxYam3/tZlwhl7ZX+sYvvCdjg8Tqzg=,+cP03fE+hnJUB/v2PHLsD9UHBjmDIYvbuX+NrFqeudI=,explore,Discover Feature,song-based-playlist,1
4aRFGkKzGUpqTbjojytAtRQNdx0egL02hjJhSqq0+NA=,fEAIgFRWmhXmo6m3ukQeqRksZCcO/7CjkqNckRHiVQo=,my library,Local playlist more,online-playlist,1
qn0aqqC8dcshYsmcFmFYJtebwjMp6kLr8yanC5QC79o=,G0rUz0kguI35yzj95LX2BXI30PqCcJJtPNfirR0BhIs=,search,Local playlist more,online-playlist,1
QDvq4xn7ZSBkamVnc8nL672oxKVqcR2zdgRGQf0giXs=,fCCmIa0Y5m+MCGbQga31MOLTIqi7ddgXvkjFPmfslGw=,radio,Local playlist more,song,1
KXS4mDTuweetiTTxgkbg8uohB20KUXvkXz6g4l3r40c=,LBnwicJLcepb/l8c68qpMRJIaUcm1UvgtKEfQwITrpI=,explore,Explore,song-based-playlist,1
lfK5QUAaa28niDIyQ2oGkSntvSe7G5EmQ1N6nvnE8lY=,IhNTvk4edMSv0PCLIS6Ry23aEYtKEA/KwbJNi1OV84A=,radio,Explore,song,1
Jc84woRFJuyMAC6hDcH/Rr84MGq9ucuxeZveZ00kI5o=,6pe6XOKc+06NhkgrFitOb/EKMj910AlS34LdhP510LE=,radio,Local playlist more,local-library,0
Xbrr2Sbq8NuLG+1QZWm/Iu5P52fUTvgspCYNG8wmfPQ=,CivTL87a654wHFVt1BEZu+cryDKO8mYRsrxpEW8oVm8=,my library,Discover Feature,local-library,1
qn0aqqC8dcshYsmcFmFYJtebwjMp6kLr8yanC5QC79o=,Sb2AlcokNNB8/NfoJjK+C/N5lmET1mY6HAd781MxQy0=,my library,My library,song,0
a4aEMKA1bMIwfCarB0qN+Fjag8swMwFfXm6ri5KJvms=,JgOfPnluwAsKhpdLQgbfoSHpaZ74zcWYPqhhvhmFAtY=,search,Discover Feature,song,1
b5XWI+EhZTCGoQ6YK/SLu3tmCnKh8Z7wBK6Gztm49uA=,zcieWa7/2VeVp0m0fa95RI3i6FIfNTMzVvYXm3X64Y8=,search,My library,song-based-playlist,1
n5v6IqRk4CZnELtP0Z2et7EZrdPicfyhvD2gIdq1Mcc=,kHpEHXKwwG+dwmOR2NnvrXwsE24vqD7n40tcNQE/niQ=,search,Local playlist more,radio,1
YkG93vvIFdFWVWsYqT5w6t0X4uw9/RS03jqzhBzxFlc=,6pe6XOKc+06NhkgrFitOb/EKMj910AlS34LdhP510LE=,radio,Radio,radio,1
6aH1YAi5YwvZUHtpjEaMQwM0p4wP4XLrkWQSdXDF9L8=,JTMsJNPcL2ambkp1Z/MeBEnFEzZEOKetdLPrJxHf7v8=,explore,My library,local-library,1
YYdQJgjemCT/fAv8s+CwfmgDprAQOneJ2M2SdArq9V4=,NhQfOVnptpW5z5qsP/sN+hVS8TM2iYvdy/ZGVe7K+kM=,discover,Local playlist more,song,0
FG+WikEK8x1GZIB4E2keTq2SJX4bXjFjG5gkjc8qbcw=,9YRkIrpN2f9PtHpeYsE03vYy9X7RpIR9XmGtxuyO5iY=,discover,My library,song-based-playlist,0
Ty59+gs+lfVbfm1T/SDqLmbFhtkAP4Mm75uYiaKZ6kk=,qxDl7URNa8pfCbbdoMNE0cHrU1+hMSIdyqhOGvQo69M=,search,Discover Feature,local-library,1
Bljj9o7B1zgL0RIpZef1SlSigiTIMr0mDPv7aUyzuXo=,A0t3F/l/3A5UvyPnNQNkrwJuW4vH7f/ttZZ9ud7eWx8=,explore,Discover Feature,radio,0
UGX+2jh3WO5XRuVOPuPCiIetzHlBjh0DPOLPeJSe36E=,EL5DbsSvhAFtMBBoOjs4aipOjC3Xj4syX/l/wlK+kdM=,discover,Local playlist more,online-playlist,0
MXIMDXO0j3UpaT7FvOSGW6Y5zfhlh+xYjTqGoUdMzEE=,i7p594HsKb4cYynsE1a80PmSBL9bFI2dmBu16bwdke4=,explore,Radio,song,1
0ut67E6+04VZ9RDX1nJYPmPARhbgYbsjEKl7K4dpjDw=,+yj1hcpU3QLGXS2iW9srqWCBV5NE73L9hHR3kbV2NQg=,discover,Radio,song,0
uCDJmSDTzA5PpnYGqKvNmFbwBIoS3jIXFbO5YfoCv/Y=,9tMmo3BI0ElPvI5O0DoVc4u12TzxgEdtwTadElAbc1U=,my library,Explore,online-playlist,1
ocQB699RoI5sBlRUfv8tu++vqupI35/95l3U507jdpw=,msJWKceAKkJe5FJDUUpnHBL8qS3QQUC2faxjiJrEw5w=,my library,Explore,song-based-playlist,1
4MSFgArmrrq1abQEeuHkmNQjEkqn5r/Z6/LNObSm3xc=,Z+mhovcYbExPp66GnBecKttDRM5S5YCAw9vzJACsQAU=,explore,Radio,local-library,1
SZ5NNypqaTWljFO1HiVZwkw3713+rM9x/JNdJd8/fzc=,A+RNE+nwHzzYdQliLcF1YcaMpmDL91TAbz8xALp4FEM=,radio,Local playlist more,song,0
H5DWyI7bujtol5aU1pzvLdfBAs45Ym/5jicdUlerf2s=,uWfF+7Tl/V+phd01+33EDRjMiRZz4adW0bI/Mh194L8=,my library,Discover Feature,song,1
n7V1D5AuwLykWxCzsU1eNPSyxVbrSXs6IXiWF2zN0gY=,Z2Y3t/lsoBgA/2HAfy3UP+QWfdckt9BK2u6n8xwqkng=,search,Explore,local-library,0
w4SNbHDAMuMbulkgcHGYOl/datijVua3CR5D73DylLs=,IomyG8OwXU9lWvede4KdHxtUZ+eppEdusnOCDDok36g=,radio,Radio,song,1
HfVrxfpxOJuQ4FofEFxdlwm9yvaoy8y0JOH3GaQ/RTs=,kFx6IW7O34CiWxdfV61/cIjZs57ZasQBPjJQSJk2pk0=,discover,Radio,online-playlist,0
nAiRf+UmYT7ZWIOUF6Ig3D0FDVIVpSgUb+H40Vg1eQU=,9uDuRF+ToaleR51vHf8IEw4NEKDJXRo/rVRV2011aSM=,explore,Radio,online-playlist,0
Tb5tCteFbk+G5Jyvq9SqD1eAzgZ98WR/xOCvvjkNCog=,fvFw8C8/hBGjtRs+4+bPpo6Ytw9YG0pLOwWJf3YAVhY=,radio,Discover Feature,local-library,1
qljEWgpUDxIw7Lpc9mpZSYjpH+RmsE3T6s0x852lzRY=,Gew5+s/HwCSjQ6bX7/dZ0pXS6TB4ccOrOYcQg7FWDZI=,my library,Radio,song,0
4tuTIArXO3WO8/zS9y2CC34ywEfChjAKUchlKW00DMM=,kE+FVLsG03zTzYoGVDqTmVkoSKC9DjJwQr2puF6MkOI=,radio,Discover Feature,song-based-playlist,0
OyELWVNKZMJtqg+BFArzAokp8bn+pGhBWbCZaxyLIus=,N21RxItkM+DqGIdEWiPa5urFl3xvDUNVdhr2bFZvMeA=,explore,Radio,radio,0
00qmlWC3H/cjf2Ig1li5xIO0VNDRgBX0f9ilouDBEZs=,fEAIgFRWmhXmo6m3ukQeqRksZCcO/7CjkqNckRHiVQo=,discover,Radio,song,0
0ut67E6+04VZ9RDX1nJYPmPARhbgYbsjEKl7K4dpjDw=,vkagi2Lrvjx/FxLWE6FHZFoDoOaSWI052fEQCwouDUs=,radio,Explore,online-playlist,0
TxneOykZ/MOIbQmA/aJ4EUQUIR9r+Egt6TNQu0WgwpA=,izWkEacMHX6lc+hEC3QnWwWd2LXiHZ9tacUNpfUz+aw=,radio,Discover Feature,radio,1
3nWFLb+IVt1+0JcM73g0wIG2AHtyhsI5RlG7gHziOFA=,VEHQ9uyNfwMBFPtkLOFGSOnovTSfj6RlQbgYZYp1xZQ=,radio,My library,song,1
AXKTVBbdr2/z7m5WL1IXzlriNbun8B+7wM41MsWCYDw=,jFUlstiDM/0JBpQz1N1Mr1uJj0H8kiQsJjfbnx45gHs=,my library,Discover Feature,radio,1
TxneOykZ/MOIbQmA/aJ4EUQUIR9r+Egt6TNQu0WgwpA=,Y87wssIvAzfpJA1z7WGawlIQl7mNFDWzmKS/FlLtLA8=,discover,Local playlist more,song,1
16fsOt7imefLSFsV7mWoP1AL+bpjP1NuWzQ5QP9tj8k=,750RprmFfLV0bymtDH88g24pLZGVi5VpBAI300P6UOA=,radio,Explore,local-library,1
b5XWI+EhZTCGoQ6YK/SLu3tmCnKh8Z7wBK6Gztm49uA=,WTTcFYZNyqe1dL6Rm+jQMLx/tospfRR+PhD1OFix1mQ=,radio,Local playlist more,radio,1
A6DJoTdyfFVxhngH62vlscx6pJsakhdeNs2vDEVTfH0=,LnbFBEyneTI7mID7Pw+s14Kf3o73LucRxwS3Wpfjsf4=,radio,Radio,song-based-playlist,0
V39VxDdE9SgMQZnX58oQChm9W056pw2lC3TiifMfkKw=,4eWKqiadX4L+cYSy1VEcazqQDV1YxvYo1YHU5VR81pM=,discover,Radio,song,0
bEJvXhD1XWK8qi0Lhydk9nt30hOTCkxG0a70s9ZeCEk=,0b8M2FLEH176y/ng1rK9ftUYDYnA+1NdoCOUeuyBMtU=,radio,Local playlist more,online-playlist,0
0gR6Hl63ExurTrvY9uEfmgDDgRj0nBaIse0DU199YT8=,uWfF+7Tl/V+phd01+33EDRjMiRZz4adW0bI/Mh194L8=,radio,Explore,radio,1
dO8vzPwqXvOjrPWDW++gVecwTNnzesp3zW1dtRc6KEk=,xK0clTH8TvjG6sKmJXZuMLzhikhlEsolLtx2AHBpmbQ=,search,Radio,song,1
4DlS5LiANEKlMTQD08dakyV1JWwPYI/n1wyjx4ImjPc=,Z+mhovcYbExPp66GnBecKttDRM5S5YCAw9vzJACsQAU=,my library,Local playlist more,song-based-playlist,1
WtuOpsYQ8St9zt7yySdryqDUCxeT4/v2rLRA7+lsahQ=,kge3dyGXCTqgUbHpFPB0x8gy+cPAamtArhr4sghdRH0=,radio,Discover Feature,song-based-playlist,1
n5v6IqRk4CZnELtP0Z2et7EZrdPicfyhvD2gIdq1Mcc=,fCCmIa0Y5m+MCGbQga31MOLTIqi7ddgXvkjFPmfslGw=,my library,Radio,song-based-playlist,1
HdnZZ4P0Vjxo2tgTvO1rsT/H3NkG7jvfrnCuF7TBK0A=,T86YHdD4C9JSc274b1IlMkLuNdz4BQRB50fWWE7hx9g=,radio,Radio,song,1
WRwcfUKwDVQ46cylDQ1Tf8ayTojVYeh/00m0ubVNxQo=,/6kgyFt1nsLDNbZh0AHM4Pb3sbp3CZ0C4DbPa4++eVE=,radio,Explore,online-playlist,0
UjuPJCQo/YoGVR/yJ+CocmWUk2czJE0BBKqaPpVYV64=,plcKSDtGLCbnZbKxbsASN8Lz+EtSEkRW5WJ8eA8UA8g=,radio,Discover Feature,online-playlist,1
K7obY5lUlZTd6a/byE9NG/e7Q/dlgHfppLbYk8OL7os=,bG9ptdK+Pb7m4ozflF/RjUqbG/uo5ipgAo1ffT8mnfU=,search,Discover Feature,radio,0
UjuPJCQo/YoGVR/yJ+CocmWUk2czJE0BBKqaPpVYV64=,W4gOC3iBXV97C05qyVDGIKAJg76BJcrzWPnLwkKK6kQ=,discover,Local playlist more,radio,0
E3yiQ2d5+KiGkm622V73IRgukx9qXPYJIpG6xWF/lF4=,WLWYK2ULyKhj/FAWvhEOVQuDlZmsmTkKscwahrXsoBM=,radio,Explore,song-based-playlist,0
AEZNdJt0QGYpBlT97tdnNaNHW5SqpgJb70TFmeZBYbg=,BITuBuNyXQydJcjDL2BUnCu4/IXaJg5IPOuycc/4dtY=,radio,My library,song-based-playlist,1
SZ5NNypqaTWljFO1HiVZwkw3713+rM9x/JNdJd8/fzc=,PWxngjBL3gt2KhdKy8MwEYTgAw/lkL9F/lqqjciktFk=,my library,My library,song-based-playlist,1
zYTm2T59lT+Z/hpoywdET+EGMcRhwi4rzL7WD09iRC0=,nW60n6qAGoytY/yX4w0r1IT462C9Xs/ZxbV6MLDSpUk=,my library,Discover Feature,song,0
EZmIP7zKgqKwpEHnuDjRIkzCmcLNlHn4hkiglZ5LxK8=,v/3onppBGoSpGsWb8iaCIO8eX5+iacbH5a4ZUhT7N54=,radio,Radio,local-library,1
dU4RbzpIRRd/EkA9Xncpy9CglzDBZp7nKMfdnfr3Aj8=,KxxFN09YQwSN0eAJSUf2xa5ZKjyZmX3nIVKM+zKxq6Q=,my library,Discover Feature,local-library,1
UhqjLSMwLYzjZFDyYQF6A33phr0tPNXyu7+I08q/u8g=,VEHQ9uyNfwMBFPtkLOFGSOnovTSfj6RlQbgYZYp1xZQ=,my library,Discover Feature,online-playlist,0
A6DJoTdyfFVxhngH62vlscx6pJsakhdeNs2vDEVTfH0=,ajjUpdQjWCwzCHNd6C0hB3Fz8BIPGjSy6IT35+UWD1I=,search,My library,song,0
sgT7F0PbR9/iCyzeSzcl//+E+fK3CeZmM1deeeJ5rZ8=,KxxFN09YQwSN0eAJSUf2xa5ZKjyZmX3nIVKM+zKxq6Q=,radio,My library,online-playlist,0
2+T8pswRgDmvZ6B4esKi3lWZyT4xqeVKmv19J0/y51w=,ra6TLz6Y37OSFOqg4aCvjV7nalatCwZdQvoJRMwSNvk=,explore,Radio,song,1
y3IT85vrzY2iBxFg6nsh4Cmg+mV3oqR73TPekK7x1Rc=,Knq4ruFJI2OJlOtotwq3fuWueMlXcUeS3oxVEYlKoC4=,search,Local playlist more,song-based-playlist,1
UvM0IMLJ11PTOjdjhqapNQmHcbttfsiyv5+dtIR2IK0=,ux6db2W4f9nhapYVkSg81Uzhxnw0vf44cFWHSd2EuJo=,explore,Local playlist more,online-playlist,0
dZNojW/n4mqxR6RSZt4CMeCnJzzxBYi6n9qQCKbghvE=,8f/T4ohROj1wa25YHMItOW2/wJhRXZM0+T5/2p86COc=,discover,My library,song-based-playlist,1
2LbejuZF550yFLDXLIBw3gd/c462BIJ+S/SOwneSXUM=,JTMsJNPcL2ambkp1Z/MeBEnFEzZEOKetdLPrJxHf7v8=,search,My library,radio,1
Tb5tCteFbk+G5Jyvq9SqD1eAzgZ98WR/xOCvvjkNCog=,GQqErVwbH/YaifR6wl2S6prosRVHhwGO2/Aq5aIJLA8=,explore,My library,song-based-playlist,1
LR9NLKme+aT6uoW3R5XlLu9gq7LQG6tt+bJTEPpcrGg=,JiY2ckGkra5KGchu3Rh6KPH9FL2J0tTmAB3pGyVi4BQ=,explore,Explore,local-library,1
OMy7VLQDDDlAqrp/YCl+BvzGIgZoWNejIDqSl8siqIM=,q5/Vwifgv0SGdEIyiMU2F0pIXkeCIW3w2xB8n4iMoS0=,explore,Radio,online-playlist,1
rEVqJ3NIxC9LSUZYOj1ft5VSAvFo3AxNu2k36hKKtWc=,+WZeyJdxSPcag6xHLPjJOfJoc1haKiC4j0BcbZHG5ig=,my library,Explore,song-based-playlist,0
O6cmcavFpTlX0oU/WxJrYGxLIvR22dVpHz/VJxylp8g=,h6SYWHqaMPtbHyqeNQGtCRfq7GAH4+9hrauUwd5z2VA=,discover,Explore,song-based-playlist,1
OyELWVNKZMJtqg+BFArzAokp8bn+pGhBWbCZaxyLIus=,iiifj//EcKnociT6W3nBASJygGe/TyFB41UD1bTtnU0=,discover,Explore,radio,1
BqnomjS+KJtzWrGRkqLEoO3I7KapwN4B8H9in4Fsf+I=,jFUlstiDM/0JBpQz1N1Mr1uJj0H8kiQsJjfbnx45gHs=,explore,Explore,local-library,0
UvM0IMLJ11PTOjdjhqapNQmHcbttfsiyv5+dtIR2IK0=,U9kojfZSKaiWOW94PKh1Riyv/zUWxmBRmv0XInQWLGw=,explore,Explore,local-library,0
OyELWVNKZMJtqg+BFArzAokp8bn+pGhBWbCZaxyLIus=,BgqjNqzsyCpEGvxyUmktvHC8WO5+FQO/pQTaZ4broMU=,discover,Local playlist more,radio,1
/mmecbnAd2Jrji3aonisktBko1/o+F68GqpV8X4gHiI=,Z+mhovcYbExPp66GnBecKttDRM5S5YCAw9vzJACsQAU=,search,My library,song-based-playlist,0
tNvUsQwOJX5OgGsBBN9to3vI+DoUc6S1BFgNXUaYoo0=,+LztcJcPEEwsikk6+K5udm06XJQMzR4+lzavKLUyE0k=,my library,Local playlist more,online-playlist,1
xEeMEDdDCvfLGt6eoayVgVh48nLdPvEm1XzwzY6lT58=,pHaz1pjrzfa+p9u7Ga2ngsEhHUyUgT1Npouo+nP6e8s=,discover,Radio,song-based-playlist,1
Mue3orxlJaHmK07bXWDrchFW1f/Or6TLVfMwx9fO9aA=,b7yydI1iGdF/kFybrbVHHDXeI/9stzEWK1i77MLj4rU=,discover,Local playlist more,radio,1
Z56mxjHqnR1FK1d5gkf5ARTxwZF8h0HPI+rHFGRrMHo=,r5BnHxvuPlLjwr4MHf3dF3yUY+NVS6rHrkVG7wVZ1uE=,search,Local playlist more,local-library,1
UTAElx4+rSh2QViTKHQhC40cphX7ZIYafAOMJOJCshY=,aliCzBpL9zzI8nFr83ElP3cL4bdEPejIRtT7HY09fEs=,explore,Discover Feature,radio,1
3i0jlUKhqqUKqFsoJVgN2UcDOuri7fCiE33XUCnKHXo=,r5BnHxvuPlLjwr4MHf3dF3yUY+NVS6rHrkVG7wVZ1uE=,discover,Radio,online-playlist,0
+3RfkckBHS0oQrrjJj7p69bdwJak+qzKq0fhFaeXUxA=,eW1d3l1sSncU4sGM69MJtIG79wnXbdy8FZKpFVElS0g=,radio,Discover Feature,online-playlist,1
hYJpPvGod6vy09TnlXdQe3Q0vlxju5u5Ruf8V2XkTio=,O+azAuxxhTE27OXm23raLUOTey/RS3+sceZDO2iFXys=,search,Discover Feature,song,1
1d4acB2bhEZCFjSRwvO4ls8PrBtvNTlkcAcxYx8FcWE=,CXdtx7/QxePhjYwYFcXVv+lXjCDEGRJ9r/OC7IQXthw=,explore,Radio,online-playlist,0
HfVrxfpxOJuQ4FofEFxdlwm9yvaoy8y0JOH3GaQ/RTs=,S9Ceoq7vRyE9wVvIyi8dWYZ+9bN3W/hP8i6nFTM8y70=,radio,Local playlist more,song-based-playlist,1
6bwk5TTaA1YSOmPoxDgBBlV5CrZJEar2C6SxwT5nDrU=,NhQfOVnptpW5z5qsP/sN+hVS8TM2iYvdy/ZGVe7K+kM=,my library,Discover Feature,song-based-playlist,1
rEVqJ3NIxC9LSUZYOj1ft5VSAvFo3AxNu2k36hKKtWc=,FaTUlIiCh/6sEOasPm1vgIk9XqavgSGgRGYuOkzTF0o=,discover,Local playlist more,song,1
yBXKYfcmQ+TtIEvkLQXabAY2uwudIGn21dEZYAwCDCg=,gu/lHDjq6qqpU7r3CQkvRpGF9kqc2Mrn9CZhb7jrFvY=,radio,Local playlist more,local-library,1
YU6fAgCFgPkaJ1YSW2838KzGTxmBCfgousTO8jwuHYM=,rcPNzl8xjj74tjZDop961+ugDVJKx4mdgh7L1xJ85FI=,search,Discover Feature,song-based-playlist,1
SyBjgDUF6aV+1d17oV4XPDBkJLU//LAOwWdYh4DAUiU=,6HofPS0v2MVFsL10yCN7dXUL+gUOnvsD35vx3HmRbdE=,search,My library,radio,1
4tuTIArXO3WO8/zS9y2CC34ywEfChjAKUchlKW00DMM=,Hg9Bv1grz9a7lTp6HxpK//dV5AOqft4uk1fjIfPMJFE=,discover,My library,song,1
b5XWI+EhZTCGoQ6YK/SLu3tmCnKh8Z7wBK6Gztm49uA=,h45pWoMzCvsq3e3rBIuHggNB/3NG06/SIVDPEPOF1Gc=,my library,Discover Feature,local-library,1
VE8ZRudqIj9zHOSXxGg3cLOBkbykv78DwWN6IXRusWo=,GKgBgCnz9R8OWDdGeYgQS0TPHe8no8VWvxj4+4PSjao=,radio,My library,song,1
AEZNdJt0QGYpBlT97tdnNaNHW5SqpgJb70TFmeZBYbg=,7vGvrf5l1XzNbeLZXzQgaNvc2VBmncarpN3LQpLUZiY=,discover,Explore,online-playlist,1
NwX1NaVlyw0jvfQNxLTcx9ztIUKVL/sjkccdAmMpfCA=,bFbleyVHx6Nr9tHMr4OybO2i3A4FS2Be0/62K2+FSpY=,search,My library,song,1
cNssc+2L1Fx77CzASou28E9qfWeJjQKZtfoADkl/xkQ=,CivTL87a654wHFVt1BEZu+cryDKO8mYRsrxpEW8oVm8=,discover,Explore,online-playlist,1
uCDJmSDTzA5PpnYGqKvNmFbwBIoS3jIXFbO5YfoCv/Y=,GFWjz4apE8zMiXe6wc0qCjr+DbK9BFkwo/rr+FsNm+g=,explore,Explore,song-based-playlist,0
Tb5tCteFbk+G5Jyvq9SqD1eAzgZ98WR/xOCvvjkNCog=,edlow+cUeR+1RqGQ87VV7D3gqMw0amQYGEZZDm+sm7Q=,search,Local playlist more,song,0
1wiu2UfN0BNhHfPTrDS3S/rQkX/vnwDoKH6ODTUdH9k=,CfOyUSvBAIGhsUEcZ6hTnWLLaQrDtzVmoIdmIMXBOTA=,my library,Local playlist more,radio,1
38LUs5mVWNKfyjL7ilf9JCnWZLjnno2obLXr69JJKcw=,h90KlUZE/mlkkPjhbhz3hXY1zvOhqJXuiKBoFWnTDAo=,radio,Explore,radio,1
2tmUzRCcD0l3et0ck9XfxZT6gT9LM3w8gwfckVNylIU=,gffrcQ9mFCfCwM4Gx7ArXpR8J749p3tfh/tM0chIODo=,my library,Radio,local-library,1
frZtrrN1Y2ZqZX3VFiq7FpAvLth3kZJNovT9cmyn2O4=,cVHsClcaUfj3ZPoqihH1Rd6ZSaDpa6UbdMDcyx8FfVU=,radio,My library,online-playlist,1
1wiu2UfN0BNhHfPTrDS3S/rQkX/vnwDoKH6ODTUdH9k=,s84FxzZB6F3J6VOD21RuFLngqi6nMsKA4txNXn+pbK8=,discover,Local playlist more,song,0
xEeMEDdDCvfLGt6eoayVgVh48nLdPvEm1XzwzY6lT58=,JiY2ckGkra5KGchu3Rh6KPH9FL2J0tTmAB3pGyVi4BQ=,radio,Explore,song-based-playlist,0
B4P1g6sGBILzGhelH/YKkfpkFgWfn/LgS4KgU+bEaD0=,ze0+7p13wqB1hZ/KWd6OT42LBehKmYVQyGGzEv8Q4fA=,discover,Local playlist more,song-based-playlist,1
f2c4l3mhW4SmXKRP+OfPUdbQ4U8afe+gqcX9Dmh03Xs=,DLBDZhOoW7zd7GBV99bi92ZXYUS26lzV+jJKbHshP5c=,discover,Discover Feature,local-library,1
16pGH8W1JKJTrQSZDX3gQY57S3FiO4YJheGRiYbONsU=,yciKx3VagNk6RuCqe0KbTbwl+cWXKVYWAeI8UFe9Dfw=,my library,Radio,online-playlist,1
8Pvl/iQSa1A4J/op1WLFoj9PGFv5WHjDas6efapYoss=,9W/H8tPBKQ7VWmBctuQ6RabciYdr1l+/kg1YPDcPOlU=,my library,Discover Feature,song,1
n7V1D5AuwLykWxCzsU1eNPSyxVbrSXs6IXiWF2zN0gY=,N21RxItkM+DqGIdEWiPa5urFl3xvDUNVdhr2bFZvMeA=,discover,My library,online-playlist,1
wv0o115CdKSsFlsV7VvHikjyxLG0LFc5qALhM8xkUZ4=,2Y7NstzrTnCFlRel5m80hPDe9471QRU9oyqPIx1xIP0=,radio,Explore,online-playlist,1
UTAElx4+rSh2QViTKHQhC40cphX7ZIYafAOMJOJCshY=,ze0+7p13wqB1hZ/KWd6OT42LBehKmYVQyGGzEv8Q4fA=,explore,My library,online-playlist,1
00qmlWC3H/cjf2Ig1li5xIO0VNDRgBX0f9ilouDBEZs=,wfSboJwFBF6YyVmGO0wCeRtMdrqwkOgwPHV+YmSUl5Y=,search,Explore,song-based-playlist,0
OyELWVNKZMJtqg+BFArzAokp8bn+pGhBWbCZaxyLIus=,2yDSviY+pVsksCfkmh9SyW1ulVkGtYFRpITn6jjCcCA=,discover,Discover Feature,song-based-playlist,0
6aH1YAi5YwvZUHtpjEaMQwM0p4wP4XLrkWQSdXDF9L8=,ClazTFnk6r0Bnuie44bocdNMM3rdlrq0bCGAsGUWcHE=,explore,Radio,local-library,1
P3tJU/DjIEbh0ucnC1KT8wojenDDSwx+blB8pFp/KeE=,un97bVjGL490RQbl8kr/58qbzkeuFBGMnXFRst9RArs=,explore,My library,song-based-playlist,0
mGDObQQojFOJfK2rJKcme282huuk0qDxBzWL22/qYbc=,6pe6XOKc+06NhkgrFitOb/EKMj910AlS34LdhP510LE=,my library,Discover Feature,radio,0
V8pNUizcKwTRuSQAtzXJBAJ7B8cyf0EegXkljvIvFqo=,BxDBwZ9N4vb18iY72TA2T1VROqz00TpBvOVeefkm9KM=,my library,Discover Feature,song-based-playlist,1
UTAElx4+rSh2QViTKHQhC40cphX7ZIYafAOMJOJCshY=,2xoPPf/RyHAxRqSSP41itnzRofW3noLzFLGfmvREFQQ=,discover,Local playlist more,song,0
TxneOykZ/MOIbQmA/aJ4EUQUIR9r+Egt6TNQu0WgwpA=,/6kgyFt1nsLDNbZh0AHM4Pb3sbp3CZ0C4DbPa4++eVE=,my library,Radio,song,0
2yBzq7nUBV99ankkp7O46elZikHVB5BvqHcr2Lzetlc=,DhuNF1B0GK4zzZ7U+v/vt/Y+3aQbTRmV2bd99TUAXzI=,search,Local playlist more,radio,1
tnPUP8fJSxqSkuJZygxUzdvY2dVUyPxoKCGHmrwcKEM=,A7Z2nDVASy04EpmfzOL9PRMN3hFVbWQ7ah4J+o9sLnE=,discover,Discover Feature,song,1
f2c4l3mhW4SmXKRP+OfPUdbQ4U8afe+gqcX9Dmh03Xs=,R0OblQ0po9uQ3LqOiECHcoyAupHbLkslFkvX52Ukhek=,explore,My library,song-based-playlist,1
H/MB+uttGlGIMr7qru4HYG4dVbh0e1mBuoryBOKz/RU=,wJdog4OHtULqly94aQ/X2uud6ya+juDh25ay4sqoxuI=,my library,Local playlist more,radio,1
1wiu2UfN0BNhHfPTrDS3S/rQkX/vnwDoKH6ODTUdH9k=,h90KlUZE/mlkkPjhbhz3hXY1zvOhqJXuiKBoFWnTDAo=,radio,My library,local-library,0
0gR6Hl63ExurTrvY9uEfmgDDgRj0nBaIse0DU199YT8=,ys+EL8Sok4HC4i7sDY0+slDNGVZ8+uOQi6TQ6g8VSF4=,discover,Explore,local-library,1
FrYc5vaJMygJR0CjtIqrigWOlEKURefFwGKvr0BlbMI=,YKXNGyMdm+M370+YcJdqTDhPN1gJgBj+F5rmrdnPZT4=,explore,Discover Feature,radio,1
+Y+wTRRkZ0QA3bV4+7nwu8qlN5Kb7ygMhqvB5L929YI=,6QMvPiMG6bKF5+C4fSsfeR/LGNMiwL55HNhd3BcvSKE=,explore,Discover Feature,radio,1
x+k/zTEqdgYq6O+r1iDjKRaQnaCS5118gzBe8c12r1Y=,Zks8Is+xdBwLuMg0lYynAU4FanLNf/tyuZ8d7IEvY9c=,radio,My library,song-based-playlist,0
XkORogCcAwIoTSBptOED51tv9wXQ2WCEqGgvwqKsyU0=,wxghAK3cq1rb0Kkyx6dSxzKGYadE8TQWF9L6dq9B1Is=,discover,My library,local-library,1
cF/VJmBHwhcqdd016oPP1wXBdWSjxEHEzwlhEn4+/4A=,WJyW1Eqg3hXHl2+JB/qMSAQ/3VxqSNVvPniD/ReCo2I=,radio,Explore,song-based-playlist,1
3nWFLb+IVt1+0JcM73g0wIG2AHtyhsI5RlG7gHziOFA=,8OsXpp32oqorzAN4NNkVouaV0I81ddPLZ8DxMRAGJdQ=,my library,Discover Feature,local-library,1
hOyJGmY7tciqGf1EhDj5UT86IfSSnaTHP5JWAPxYN6s=,6QMvPiMG6bKF5+C4fSsfeR/LGNMiwL55HNhd3BcvSKE=,explore,My library,radio,0
tiYOcOjJ0qgAJDL3hTboZye11uT8tBbNTscBDWxCWLw=,XVAiWjCX02nhNZ8t4bKfJOsVU51bG0YJXuOUl00tTgY=,search,Discover Feature,radio,1
NzxFYmHEK32NaephTO2QGtxiR93Cf7U/Tp6jkoY25WE=,DhuNF1B0GK4zzZ7U+v/vt/Y+3aQbTRmV2bd99TUAXzI=,search,Discover Feature,radio,1
cF/VJmBHwhcqdd016oPP1wXBdWSjxEHEzwlhEn4+/4A=,KxxFN09YQwSN0eAJSUf2xa5ZKjyZmX3nIVKM+zKxq6Q=,search,Local playlist more,local-library,1
sgT7F0PbR9/iCyzeSzcl//+E+fK3CeZmM1deeeJ5rZ8=,7NV5ZpaFlc7e3fjuxNiiuL0+HEr8qASFr+HHztIhwGY=,search,My library,song,1
0ut67E6+04VZ9RDX1nJYPmPARhbgYbsjEKl7K4dpjDw=,8qWeDv6RTv+hYJxW94e7n6HBzHPGPEZW9FuGhj6pPhQ=,explore,Radio,local-library,1
jL7ukei/Kb4gDCfTG4+VhV4TzLaDecjji/aW+GqWvac=,yciKx3VagNk6RuCqe0KbTbwl+cWXKVYWAeI8UFe9Dfw=,search,My library,song,1
O3ElkgfVd3DoJysnWAIgIPF4N3Y9LPmlm+aC5G+UXGY=,EELIvnP5lcFg+W/XGvKrKj06DhzWRoowEHGGvBGlDkk=,discover,Radio,radio,0
wobMEyGx2iCkFu27/HPRJIky3S8tO/rS8Rr+tsvEe0k=,A7Z2nDVASy04EpmfzOL9PRMN3hFVbWQ7ah4J+o9sLnE=,explore,My library,song-based-playlist,1
tnPUP8fJSxqSkuJZygxUzdvY2dVUyPxoKCGHmrwcKEM=,e/upMhPFcXl3Rxq0Us1abr0FcThlZOeqKJhBobmltBU=,my library,Radio,song-based-playlist,1
AXKTVBbdr2/z7m5WL1IXzlriNbun8B+7wM41MsWCYDw=,JA6C0GEK1sSCVbHyqtruH/ARD1NKolYrw7HXy6EVNAc=,radio,Discover Feature,song-based-playlist,1
4aRFGkKzGUpqTbjojytAtRQNdx0egL02hjJhSqq0+NA=,Y2CFnBr/mdTuaxOu3vKcbuUBE0UmhAIx+Pkgazp+j4c=,my library,Discover Feature,radio,1
uA7h005WTDJTwS1Tv1uzmWcWTpt/7x7Xx8JydbeMi2U=,HTu0yj2OGmSKPV6I6ktmb6DnmnZY8ZSFrrzNFR/MOfQ=,my library,My library,radio,0
y3IT85vrzY2iBxFg6nsh4Cmg+mV3oqR73TPekK7x1Rc=,KZ5hwP74wRO6kRapVIprwodtNdVD2EVD3hkZmmyXFPk=,explore,Radio,song,1
3nWFLb+IVt1+0JcM73g0wIG2AHtyhsI5RlG7gHziOFA=,yCNGVHLlA+gdUm0RfeIm1xAYXFugchHvED5JVerYSWM=,my library,My library,song,1
OyELWVNKZMJtqg+BFArzAokp8bn+pGhBWbCZaxyLIus=,WWgB6GYGuyplhfw51plAbvpnixjsFA3XKSyEuTN42Tk=,my library,Explore,song,1
EErUQnZWpOhxSvs3UlAQ6Jme7r+DjJyvkqhEceArwBA=,wJdog4OHtULqly94aQ/X2uud6ya+juDh25ay4sqoxuI=,my library,Local playlist more,radio,0
TO253iXvHroemKYZ23M7YL7uu6Um4zEwByNl4wcpIYs=,IIPVkO6EB8ymcuxkuxkum1N5gowLdTzy9sYF9luyhVk=,my library,Discover Feature,radio,0
f2c4l3mhW4SmXKRP+OfPUdbQ4U8afe+gqcX9Dmh03Xs=,9YRkIrpN2f9PtHpeYsE03vYy9X7RpIR9XmGtxuyO5iY=,radio,Explore,local-library,1
A6DJoTdyfFVxhngH62vlscx6pJsakhdeNs2vDEVTfH0=,wJdog4OHtULqly94aQ/X2uud6ya+juDh25ay4sqoxuI=,explore,My library,local-library,0
SyBjgDUF6aV+1d17oV4XPDBkJLU//LAOwWdYh4DAUiU=,opfHqJ0Oz4KsSqM5/TqBERkLI9DFnMD0Jywzh7XSE6Y=,discover,Discover Feature,song-based-playlist,1
xEeMEDdDCvfLGt6eoayVgVh48nLdPvEm1XzwzY6lT58=,2uFTn3kDES2C3JeqzV4cpSAGQ756GFK0XajzEDLqER4=,explore,Local playlist more,song-based-playlist,0
UjuPJCQo/YoGVR/yJ+CocmWUk2czJE0BBKqaPpVYV64=,9zVQUtq/Uzlxk3X7BwI28CSY7FomzpmtsRc8f2bRyJE=,my library,Explore,song,1
vSstkkQzt3KMmyvh0MGHpXpgzHO6kobAYipy6ik6HB8=,HsgJXv1C7iVZiP7CWwWTfsmMhia6Huc0MUccfj+D02o=,discover,Local playlist more,online-playlist,0
EBXSMA3gzTff0F01n56dHSBQR/IDWiwuw5S+ksPgTc0=,NhQfOVnptpW5z5qsP/sN+hVS8TM2iYvdy/ZGVe7K+kM=,discover,My library,local-library,0
o+5RNlSWrzvrphgBNGIo1FLkGxBgyICns6qXj3nS7Pk=,ufjl9/oJJRQx/0JUEBaIeyE82HP0CF7Fy2LwOIiNiYY=,search,Radio,local-library,1
8tSgHKzljg7TyPLYrU9L7CgHIdShVvyV/d6PccMRzhw=,IIPVkO6EB8ymcuxkuxkum1N5gowLdTzy9sYF9luyhVk=,explore,Local playlist more,song,0
o6lVTGcU8lL0OI4fOMWc21THJHoOjqxxYlYACoyTN6g=,S9Ceoq7vRyE9wVvIyi8dWYZ+9bN3W/hP8i6nFTM8y70=,radio,Radio,song,1
JkQacE3rvmhh65R04eDLbu+M7MCkpzmHwMGrbZo0puc=,pCf4HI+z4rQsY9FF79m+Sojnl207qtHqtOWU2VFW1ZE=,discover,My library,online-playlist,1
tiYOcOjJ0qgAJDL3hTboZye11uT8tBbNTscBDWxCWLw=,FcbwzPm3n/PP+UZAjJaKFggjPSjyZ7YyxBA7LlheYi4=,search,Radio,local-library,1
PC0HTwpYB4UtDaA1s7qlkmktEzeiz57VXvIJijk6ChQ=,6uCt0I6XmmXX7fta96XlZyxtSWXlTa2ZviRbxnDUa/w=,explore,My library,local-library,1
o6lVTGcU8lL0OI4fOMWc21THJHoOjqxxYlYACoyTN6g=,6HofPS0v2MVFsL10yCN7dXUL+gUOnvsD35vx3HmRbdE=,explore,Local playlist more,song,1
mGDObQQojFOJfK2rJKcme282huuk0qDxBzWL22/qYbc=,VqOqrfMxAOMwJpyfUSyWuPmHpMtSuzvrCvHgahApvDU=,radio,My library,song,0
3TZaybijIyaqU3P+moI/mzFWcAj6aR0p7bmxLT9iRq8=,EELIvnP5lcFg+W/XGvKrKj06DhzWRoowEHGGvBGlDkk=,explore,Explore,online-playlist,1
E23IyF1NtT7IeesuDuHWR6g/yMpWrq3cN3U4qTjXE0A=,a4TbK5V15pj3YZUOGa9h2U3t0OsE+3aiFw41mNlcgcw=,my library,My library,song,0
2yBzq7nUBV99ankkp7O46elZikHVB5BvqHcr2Lzetlc=,Zks8Is+xdBwLuMg0lYynAU4FanLNf/tyuZ8d7IEvY9c=,radio,My library,song-based-playlist,1
Y4FvDsosFNoz4ZHIAbuwgUBSFK8qY2oE5p7V8wymc/Q=,AJQOsWR+d8TYfx8K3IngAs9/GSQE5ujDqBx/8PYm6zo=,discover,My library,radio,0
uhEkft9Ht4TsUF5wBkmmZbtbaIVESVfiUnMlxHYl0HI=,HTu0yj2OGmSKPV6I6ktmb6DnmnZY8ZSFrrzNFR/MOfQ=,discover,Discover Feature,online-playlist,0
gNqpBxDbTlhvjHhGUzkOXI7uwdcMfsUjThCFibPphkQ=,yBHK9ZzaYyeNaPr1ucAkD3RH7dKwaEY8dtplxwkxr44=,radio,Local playlist more,local-library,1
Tb5tCteFbk+G5Jyvq9SqD1eAzgZ98WR/xOCvvjkNCog=,f0Yvo22LVUbRIlICXcEEym7IYNVjUqghZryP6Vf103A=,explore,My library,song,1
qljEWgpUDxIw7Lpc9mpZSYjpH+RmsE3T6s0x852lzRY=,fEAIgFRWmhXmo6m3ukQeqRksZCcO/7CjkqNckRHiVQo=,search,Discover Feature,radio,0
Y8fGbgG4J6bpoXzljxRIp+hwVjk2ULHaLAfJatxHjg0=,EELIvnP5lcFg+W/XGvKrKj06DhzWRoowEHGGvBGlDkk=,search,My library,online-playlist,0
Xbrr2Sbq8NuLG+1QZWm/Iu5P52fUTvgspCYNG8wmfPQ=,Knq4ruFJI2OJlOtotwq3fuWueMlXcUeS3oxVEYlKoC4=,search,Radio,local-library,1
cqjRBV/jWN2ujhc+z/4tz+Mj6xEfflAAt6qBXCqxKvw=,bFbleyVHx6Nr9tHMr4OybO2i3A4FS2Be0/62K2+FSpY=,search,Local playlist more,song-based-playlist,1
OOUnJuX4SteRhUdJZ9B2DqtfiwsfcZVBefEhXLeBsFg=,IiO/4aXuzEtXpyd1A7LV2TlAdIS5Rzl3hwdtbKuNBQ4=,search,Radio,song-based-playlist,1
Wg1bSRX3JtJ9ElarOhpbEaV5pu9lgTeS33mARTV+Sl8=,Tp37bk/x3F8bFpANiXXKtuLaaNtHDeQwsNUxYHNE4VY=,explore,Radio,radio,0
uQ6LOBwmu7lIjv+wFaq5+M4IcAZEha2J0uyDB6Y8aqY=,L6w2d0w84FjTvFr+BhMfgu7dZAsGiOqUGmvvxIG3gvQ=,search,Local playlist more,online-playlist,1
WRwcfUKwDVQ46cylDQ1Tf8ayTojVYeh/00m0ubVNxQo=,Hg9Bv1grz9a7lTp6HxpK//dV5AOqft4uk1fjIfPMJFE=,explore,Radio,song,1
FrYc5vaJMygJR0CjtIqrigWOlEKURefFwGKvr0BlbMI=,cR+VrCdZkNm/QM0WjQQip9AnOrT/auRDZboM1KpevS4=,my library,Radio,song-based-playlist,1
vBNHobQRQsofef7+9NZk4C6Y6T2PBXSGXUbn6c8UOcg=,VqOqrfMxAOMwJpyfUSyWuPmHpMtSuzvrCvHgahApvDU=,discover,Discover Feature,radio,1
dU4RbzpIRRd/EkA9Xncpy9CglzDBZp7nKMfdnfr3Aj8=,A5cw2rib82lWjtNFr3bxQysyjPVpiYlgmnULDQ8X0BQ=,search,Radio,local-library,0
H1D92jYJ3GyJWLmt3ZAE3QgxgfCCit8WTsT7+KwS+vw=,yPA+sQt5tJ3NgR6/L9BefmNpA2152zQQ+/Kvtt3iSUs=,my library,Discover Feature,local-library,0
hYJpPvGod6vy09TnlXdQe3Q0vlxju5u5Ruf8V2XkTio=,7Xxzo9Z584Z1AhkaLLWEcpzcEuxcquGE52Ztc4879YI=,search,Local playlist more,local-library,0
P3tJU/DjIEbh0ucnC1KT8wojenDDSwx+blB8pFp/KeE=,DKGm2awf1TsLWeXqpDfVVQf5M2qPmcxI9Dwxz+45Qqs=,explore,Radio,radio,0
4MSFgArmrrq1abQEeuHkmNQjEkqn5r/Z6/LNObSm3xc=,/SfOXDLarv4WeXEX6g9GfKgd1R+BnBG2+k/vanWU5FA=,explore,My library,radio,1
MxCUQ6tAD7LU1yR0gwRck91ZKE88gY8kD/rX9Hi9srQ=,bTlSHgnwaBMIKHseTFHanJ3Zr4x82ybrGkexpnxDhTY=,my library,Explore,radio,1
NwX1NaVlyw0jvfQNxLTcx9ztIUKVL/sjkccdAmMpfCA=,NDtiB0N12yjIn9D9reqXF8NPPCq6vMNhOwd9A/c3qd8=,search,My library,song,0
lFQM2AQ0IIifeOgmnRDSFEuWfh7XQZm0Z+O6K696CQk=,cLpXPLkgvZlNs+wbtHh2zFjvGMH61BU5fj79s+G2/PE=,my library,Explore,local-library,1
PC0HTwpYB4UtDaA1s7qlkmktEzeiz57VXvIJijk6ChQ=,Ce8Mui+yVruumWy9pKMDfSRBFg1m93m/+XR8FHlktaE=,radio,Explore,song-based-playlist,0
qn0aqqC8dcshYsmcFmFYJtebwjMp6kLr8yanC5QC79o=,ra6TLz6Y37OSFOqg4aCvjV7nalatCwZdQvoJRMwSNvk=,explore,Radio,online-playlist,1
mrjKYVskMUAksvPgRky/E2g/TiPdbpH1j5CCOzAC5RU=,h45pWoMzCvsq3e3rBIuHggNB/3NG06/SIVDPEPOF1Gc=,radio,Discover Feature,radio,1
2+T8pswRgDmvZ6B4esKi3lWZyT4xqeVKmv19J0/y51w=,jRzcNOC0WGSfwQmr9ZP5mxiPYxAdkGrPFGc0GvS1dOs=,radio,Radio,online-playlist,1
J/KdXo5kGQs+dRxYam3/tZlwhl7ZX+sYvvCdjg8Tqzg=,W4gOC3iBXV97C05qyVDGIKAJg76BJcrzWPnLwkKK6kQ=,search,Local playlist more,online-playlist,1
xEeMEDdDCvfLGt6eoayVgVh48nLdPvEm1XzwzY6lT58=,4brTUuIjK24sVlWzSLLL33b3JbwhNVfaDo7vvBt9FCQ=,discover,Discover Feature,song-based-playlist,0
OOETiYOFhuTowtgRUIiKommGv0eo6XUHLc1ofgwcJew=,UksdvC4qcXmgOvmMSOPWh9sB2z7a+dT1CWlI58lq04U=,explore,My library,local-library,0
BqnomjS+KJtzWrGRkqLEoO3I7KapwN4B8H9in4Fsf+I=,w0/+8z/tSrUK3JctMyhYTh2LfNl9OFga+Tw0yl0IVfc=,discover,Discover Feature,radio,0
SyBjgDUF6aV+1d17oV4XPDBkJLU//LAOwWdYh4DAUiU=,B+lDDFfdRD9WVY2vdfJX3DXLlKohkLJC+mxE+Hfnh/o=,my library,Explore,radio,0
o6lVTGcU8lL0OI4fOMWc21THJHoOjqxxYlYACoyTN6g=,g9qhCRIaFUnq4Z9HJcFQWHWRstWhK4NoB2sRPoD9iuc=,radio,Explore,radio,0
7xiBI5xU3P2/IiR9teB7jySfzWo96JGikGajteLd3Cs=,itxXLRAtaLyj+idcWIsuKB0AEzijUgPrMhAvAKUSE2k=,radio,My library,online-playlist,1
hzy7RwzEVDm4JmC0X2qLUvnoE1+2zNTEea4fOe/o6ms=,JA6C0GEK1sSCVbHyqtruH/ARD1NKolYrw7HXy6EVNAc=,radio,Explore,online-playlist,0
SWoa4UvhuutHxhcRAxlfTc6Jr1j5tGw9cp3Kiq+ayKM=,oTGg75yjTAP0grXmGld3EUD0b/b9u7lW2JyUX/mBiXI=,radio,My library,song-based-playlist,0
9wwJC2y3YDYTilHnM+uYnPS7GCxV625Hs4VZ7sc6OKY=,1UHqpOyecqH+8NytyogNdQz/2zUDpmHzUF5lgH1gvyw=,search,Discover Feature,online-playlist,1
fVZedYe9G51wW8jy3Ws7FuF5IKx7zxQYWvPAfCdIRJE=,f0Yvo22LVUbRIlICXcEEym7IYNVjUqghZryP6Vf103A=,search,My library,radio,1
p9Lk74DKfVohPHjTvzHSVQ3lRaqW2ofcBolP45FJgiQ=,JiHWUXkERiCPai7GKXVal+Cns8SWC8Ft0+5NKSQdbfU=,my library,My library,online-playlist,1
wobMEyGx2iCkFu27/HPRJIky3S8tO/rS8Rr+tsvEe0k=,GFWjz4apE8zMiXe6wc0qCjr+DbK9BFkwo/rr+FsNm+g=,search,Explore,song,1
4tuTIArXO3WO8/zS9y2CC34ywEfChjAKUchlKW00DMM=,M0vkEMBlcbeVSWQQx/6FtXbJ57IiCw27TW8/vmSayk8=,discover,Radio,song-based-playlist,0
TxvdtN1Ehq4kbgU5J7lw+ik6Pc0NZjnQKARPiCCf0fk=,Wn5ltxI7NsFk4xGFHOFXv2ajWU9HmuEgDF+xs1EJpFo=,radio,Local playlist more,song-based-playlist,0
z1IXxOkXP6uCWwFJLibRkXzU7USedggSWIfGJl/HFQg=,22wN6a2Q/qVQosA8OBfVg6AbwvI2KJnZ35DXLqpLHJg=,my library,My library,local-library,1
1wiu2UfN0BNhHfPTrDS3S/rQkX/vnwDoKH6ODTUdH9k=,bTlSHgnwaBMIKHseTFHanJ3Zr4x82ybrGkexpnxDhTY=,search,Discover Feature,local-library,1
XHJRZV5Xgcub4dNGuzRj5tVfDD1iwrtoXmdQOWtlc3U=,r5BnHxvuPlLjwr4MHf3dF3yUY+NVS6rHrkVG7wVZ1uE=,my library,Radio,online-playlist,0
PwnWgkloewAh6nr1MpRnSm6jbrltEb328ifDj7ccDZc=,cVHsClcaUfj3ZPoqihH1Rd6ZSaDpa6UbdMDcyx8FfVU=,discover,Explore,radio,0
MxCUQ6tAD7LU1yR0gwRck91ZKE88gY8kD/rX9Hi9srQ=,wJdog4OHtULqly94aQ/X2uud6ya+juDh25ay4sqoxuI=,radio,My library,local-library,1
wobMEyGx2iCkFu27/HPRJIky3S8tO/rS8Rr+tsvEe0k=,GRaVokpHF2Uk3hgKnyJ2mDSmHvie4lyE0i6l5rA2yWU=,search,Discover Feature,song-based-playlist,0
HVcWdf8CEo9s6qwt5V7TpoPYJfRlQSTA6b7kxEAImpc=,Bh52i4Qxauj9DCtTLH9CeKZgB59FIP2NofIbc6Dh0Xw=,discover,Discover Feature,song-based-playlist,1
tnPUP8fJSxqSkuJZygxUzdvY2dVUyPxoKCGHmrwcKEM=,LBnwicJLcepb/l8c68qpMRJIaUcm1UvgtKEfQwITrpI=,discover,Discover Feature,radio,0
dO8vzPwqXvOjrPWDW++gVecwTNnzesp3zW1dtRc6KEk=,yLoN4bFNhNb3LXZ4EdnptePHtj3Ztmrw/p13qGn3GTw=,radio,Radio,song,1
tiYOcOjJ0qgAJDL3hTboZye11uT8tBbNTscBDWxCWLw=,A0t3F/l/3A5UvyPnNQNkrwJuW4vH7f/ttZZ9ud7eWx8=,my library,Explore,radio,1
baemFqI4x+fpHweCJQeb64jdSmOWUKkJuwK5BrgcsX0=,5myS1WHBGGzoGGXLLGo/tIuHzWsyp0Ez0NoLWKdkA9Y=,my library,Radio,song,0
nAiRf+UmYT7ZWIOUF6Ig3D0FDVIVpSgUb+H40Vg1eQU=,ra6TLz6Y37OSFOqg4aCvjV7nalatCwZdQvoJRMwSNvk=,discover,Local playlist more,song-based-playlist,0
Wg1bSRX3JtJ9ElarOhpbEaV5pu9lgTeS33mARTV+Sl8=,ra6TLz6Y37OSFOqg4aCvjV7nalatCwZdQvoJRMwSNvk=,my library,Discover Feature,local-library,0
ZIThPCdbFdxx0T+qKaAnQprzkTcoMTJL66Of3nlFGLA=,YJKHI4Asj1oM5vJftbISis2QYliVSExtWiWnwb7TOgo=,my library,Local playlist more,online-playlist,0
3yBpYWqEybBPazsqB5NIhrXKCFe1Djn5orPBvxz9ArE=,ayL6eLHKSrmX4smFi1KbGMYrWI9EwsiErGjWUJ9CTrQ=,search,Local playlist more,radio,1
JoGt+PgRGKHAhTQnaRqQygBWdDwGE6gdPbeGiGP4/Lc=,2Y7NstzrTnCFlRel5m80hPDe9471QRU9oyqPIx1xIP0=,explore,Explore,song-based-playlist,1
f2c4l3mhW4SmXKRP+OfPUdbQ4U8afe+gqcX9Dmh03Xs=,nW60n6qAGoytY/yX4w0r1IT462C9Xs/ZxbV6MLDSpUk=,explore,My library,radio,0
1m91HsZUO53drOd2CmAT2nf4JnK4xxBfbzPNTu9pkjU=,o9HWMBZMeIPnYEpSuscGoORKE44sj3BYOdvGuIi0P68=,discover,Radio,online-playlist,1
tnBf+t14y3vlNshUe1XQbIWYtTBMBYmVXIMWdNVRv/o=,fvFw8C8/hBGjtRs+4+bPpo6Ytw9YG0pLOwWJf3YAVhY=,my library,Radio,local-library,0
8Pvl/iQSa1A4J/op1WLFoj9PGFv5WHjDas6efapYoss=,fDBtAj8rHHCQGeSsDEeT0WA3gSp6p7g3z71981gFuQA=,radio,Local playlist more,radio,1
8tSgHKzljg7TyPLYrU9L7CgHIdShVvyV/d6PccMRzhw=,9tMmo3BI0ElPvI5O0DoVc4u12TzxgEdtwTadElAbc1U=,explore,Radio,online-playlist,1
w4SNbHDAMuMbulkgcHGYOl/datijVua3CR5D73DylLs=,IiO/4aXuzEtXpyd1A7LV2TlAdIS5Rzl3hwdtbKuNBQ4=,radio,Radio,online-playlist,1
MxCUQ6tAD7LU1yR0gwRck91ZKE88gY8kD/rX9Hi9srQ=,yLoN4bFNhNb3LXZ4EdnptePHtj3Ztmrw/p13qGn3GTw=,search,Discover Feature,song-based-playlist,0
pJxMd9PL/N7CdwTwKu3YqiqYSRAJHuejlrTonaPfPfU=,M0vkEMBlcbeVSWQQx/6FtXbJ57IiCw27TW8/vmSayk8=,discover,My library,radio,0
Z56mxjHqnR1FK1d5gkf5ARTxwZF8h0HPI+rHFGRrMHo=,+Sm75wnBf/sjm/QMUAFx8N+Ae04kWCXGlgH50tTeM6c=,my library,My library,local-library,1
frZtrrN1Y2ZqZX3VFiq7FpAvLth3kZJNovT9cmyn2O4=,IXP1a2o3NL8WU4WK1X0WJAKaSW+LgGRpPDn4Gt1HrV8=,radio,Discover Feature,local-library,1
a3O5che4tB5RTo8XoApn10uQ+FpVjTNwJfNrrQyaMXk=,XA08z3r0wdQvY3CE0lFDTd/MuAgD7b0XKZnCvo+ylKE=,discover,My library,online-playlist,1
V8pNUizcKwTRuSQAtzXJBAJ7B8cyf0EegXkljvIvFqo=,dKfxhaRKwvhiYOUQ5JlkxQrJ/dDksdFueybCIdG5dXI=,discover,Radio,local-library,0
EDSn8rAs8qjUvqhhFG5diTbaVbJi8qkoKXeMzf2JGVQ=,d2k4F/IYpmudgfCxsRAXVHBdYHPfcWmhCYmjdXxigLE=,explore,Explore,radio,1
mrjKYVskMUAksvPgRky/E2g/TiPdbpH1j5CCOzAC5RU=,ra6TLz6Y37OSFOqg4aCvjV7nalatCwZdQvoJRMwSNvk=,discover,Radio,radio,0
crUeQ6DYDHHRNYmn+n5Kodfvu9ki0IdHfXHNlZEUPHs=,Gew5+s/HwCSjQ6bX7/dZ0pXS6TB4ccOrOYcQg7FWDZI=,explore,Radio,song-based-playlist,1
/mmecbnAd2Jrji3aonisktBko1/o+F68GqpV8X4gHiI=,WOvHYkt7XUOtmMOTsgT+2vJKydJEVInZGliuLUXoV7o=,discover,My library,online-playlist,1
3yBpYWqEybBPazsqB5NIhrXKCFe1Djn5orPBvxz9ArE=,Hg9Bv1grz9a7lTp6HxpK//dV5AOqft4uk1fjIfPMJFE=,search,My library,online-playlist,0
z1IXxOkXP6uCWwFJLibRkXzU7USedggSWIfGJl/HFQg=,27vpOctGRDxfm4nJsYUfvNaoL8ayuXiYAYUH4H1mfJk=,my library,Local playlist more,song,1
3yBpYWqEybBPazsqB5NIhrXKCFe1Djn5orPBvxz9ArE=,EL5DbsSvhAFtMBBoOjs4aipOjC3Xj4syX/l/wlK+kdM=,explore,Local playlist more,song,1
WRwcfUKwDVQ46cylDQ1Tf8ayTojVYeh/00m0ubVNxQo=,+CvzJ0dbjOAypszTDhMrSjJJQYNbEiDrSod3wwcOA1k=,radio,Local playlist more,local-library,1
pJxMd9PL/N7CdwTwKu3YqiqYSRAJHuejlrTonaPfPfU=,G/4+VCRLpfjQJ4SAwMDcf+W8PTw0eOBRgFvg4fHUOO8=,discover,Local playlist more,local-library,0
3i0jlUKhqqUKqFsoJVgN2UcDOuri7fCiE33XUCnKHXo=,IhNTvk4edMSv0PCLIS6Ry23aEYtKEA/KwbJNi1OV84A=,my library,Local playlist more,local-library,1
38LUs5mVWNKfyjL7ilf9JCnWZLjnno2obLXr69JJKcw=,F48LS/DqAt1EnPHRezspUgYaZcmiOoyOD75UFpHenEE=,radio,Radio,song,1
tlFGRF/TtrSwJA9XPHL4cajWghZCbAbhzif/6wJiN6Q=,4ZISq5iNKgBGGW2OvKBBzBsYXRohcJYFkqx3uVFCAuA=,search,My library,online-playlist,0
3i0jlUKhqqUKqFsoJVgN2UcDOuri7fCiE33XUCnKHXo=,edlow+cUeR+1RqGQ87VV7D3gqMw0amQYGEZZDm+sm7Q=,explore,Explore,song-based-playlist,0
JkQacE3rvmhh65R04eDLbu+M7MCkpzmHwMGrbZo0puc=,80hnDqhSe9u2uIaLvDh1tCbwryzDrsf789zgDDF+k+s=,my library,Local playlist more,radio,1
jL7ukei/Kb4gDCfTG4+VhV4TzLaDecjji/aW+GqWvac=,AJQOsWR+d8TYfx8K3IngAs9/GSQE5ujDqBx/8PYm6zo=,radio,Explore,song-based-playlist,1
lFQM2AQ0IIifeOgmnRDSFEuWfh7XQZm0Z+O6K696CQk=,KZ5hwP74wRO6kRapVIprwodtNdVD2EVD3hkZmmyXFPk=,radio,Discover Feature,online-playlist,1
rdNI0wgxmcsOgjH0akX2/zzW8qbDZc45D681Mpq45jI=,3OvsjjGFnEouJggaSOMVUVgzrgoTRtKd97GVQlQXUWQ=,discover,Explore,radio,1
a6uMxhS43vQ++TrVP3jdHT4lFfjw61SlIsCkvigQ5ro=,8OsXpp32oqorzAN4NNkVouaV0I81ddPLZ8DxMRAGJdQ=,search,Discover Feature,local-library,1
5pr+x566HOsYLEv4ouZ5cEHFFwBB74xaFbExdPGJ6b0=,Z+mhovcYbExPp66GnBecKttDRM5S5YCAw9vzJACsQAU=,explore,Radio,song-based-playlist,0
EDSn8rAs8qjUvqhhFG5diTbaVbJi8qkoKXeMzf2JGVQ=,2xoPPf/RyHAxRqSSP41itnzRofW3noLzFLGfmvREFQQ=,explore,Discover Feature,radio,0
3TZaybijIyaqU3P+moI/mzFWcAj6aR0p7bmxLT9iRq8=,B+lDDFfdRD9WVY2vdfJX3DXLlKohkLJC+mxE+Hfnh/o=,discover,Explore,local-library,1
mrjKYVskMUAksvPgRky/E2g/TiPdbpH1j5CCOzAC5RU=,LnbFBEyneTI7mID7Pw+s14Kf3o73LucRxwS3Wpfjsf4=,discover,Explore,song,1
H/MB+uttGlGIMr7qru4HYG4dVbh0e1mBuoryBOKz/RU=,KZ5hwP74wRO6kRapVIprwodtNdVD2EVD3hkZmmyXFPk=,explore,Explore,song-based-playlist,1
VE8ZRudqIj9zHOSXxGg3cLOBkbykv78DwWN6IXRusWo=,cy10N2j2sdY/X4BDUcMu2Iumfz7pV3tqE5iEaup2yGI=,discover,Explore,song,0
lfK5QUAaa28niDIyQ2oGkSntvSe7G5EmQ1N6nvnE8lY=,3OvsjjGFnEouJggaSOMVUVgzrgoTRtKd97GVQlQXUWQ=,radio,My library,song-based-playlist,1
R2FvE4x+hefwL4evbgNGNCng13c1MkP3PHocNtU91qU=,zx4aCmk+b/uPmvESsG8ekvi7qWmifSPNMXg1i8wyG8Q=,my library,Radio,online-playlist,1
cF/VJmBHwhcqdd016oPP1wXBdWSjxEHEzwlhEn4+/4A=,J9EcIEDOoNbdN2ku4SGtIp0pmg/k+NRWLOZIra16DUk=,explore,Discover Feature,radio,0
3yBpYWqEybBPazsqB5NIhrXKCFe1Djn5orPBvxz9ArE=,Xpjwi8UAE2Vv9PZ6cZnhc58MCtl3cKZEO1sdAkqJ4mo=,my library,Explore,song-based-playlist,1
w4SNbHDAMuMbulkgcHGYOl/datijVua3CR5D73DylLs=,p6vR55B6kN6DL6mkWo3Ndkzd1KEbmr38ndt04bYuzXo=,radio,Local playlist more,song,0
Mn98O4X/zceMt9nswcoq08F16ciCqhuN7lQ951MAL2o=,O+azAuxxhTE27OXm23raLUOTey/RS3+sceZDO2iFXys=,discover,Explore,song,1
nAiRf+UmYT7ZWIOUF6Ig3D0FDVIVpSgUb+H40Vg1eQU=,CfOyUSvBAIGhsUEcZ6hTnWLLaQrDtzVmoIdmIMXBOTA=,explore,My library,song,1
oqovZIlVcIUL0aIMGYtXxy3R+xJcxmJBJUXeIb+HJYA=,OE6pqPyTUHX2LrFokqXrAVv6VkRGadC8XQ8CZZpaa3g=,search,Explore,song,0
SWoa4UvhuutHxhcRAxlfTc6Jr1j5tGw9cp3Kiq+ayKM=,WWgB6GYGuyplhfw51plAbvpnixjsFA3XKSyEuTN42Tk=,discover,Local playlist more,local-library,0
mrjKYVskMUAksvPgRky/E2g/TiPdbpH1j5CCOzAC5RU=,IiO/4aXuzEtXpyd1A7LV2TlAdIS5Rzl3hwdtbKuNBQ4=,search,Local playlist more,online-playlist,1
ocQB699RoI5sBlRUfv8tu++vqupI35/95l3U507jdpw=,VkILU0H1h3NMmk9MQrXouNudGk5n8Ls5cqRRuBxeTh4=,search,Explore,song,1
a89sofbsaFkpzn8/P10elgzbXDQokPTlsKc1uqi7Zco=,oDG5WCyUlb9i/Sr34Fljeh0YsONZKxl+7jjUw27vm5U=,explore,My library,online-playlist,0
o+5RNlSWrzvrphgBNGIo1FLkGxBgyICns6qXj3nS7Pk=,yn6Kt6+romPpZ1i6+hqI3WJ42G5SdsX3a+l59IaMcp4=,explore,My library,song,0
O3ElkgfVd3DoJysnWAIgIPF4N3Y9LPmlm+aC5G+UXGY=,zx4aCmk+b/uPmvESsG8ekvi7qWmifSPNMXg1i8wyG8Q=,explore,Local playlist more,radio,1
aMB9nC9PVKXsk/K++qMMG0in0dvk2XiUFuAnr10qiac=,UZ3dBhXYs3u2VWiwH9VQYBWnp1hi25EmxuK8JISoSZU=,my library,Local playlist more,song,1
lfK5QUAaa28niDIyQ2oGkSntvSe7G5EmQ1N6nvnE8lY=,CTwL9Gnx6QsaZ6+ygo/VHirN/XZKxlUJEB2VGQX8yjg=,explore,Radio,online-playlist,1
JoGt+PgRGKHAhTQnaRqQygBWdDwGE6gdPbeGiGP4/Lc=,2uFTn3kDES2C3JeqzV4cpSAGQ756GFK0XajzEDLqER4=,radio,Radio,online-playlist,1
OyELWVNKZMJtqg+BFArzAokp8bn+pGhBWbCZaxyLIus=,+SstqMwhQPBQFTPBhLKPT642IiBDXzZFwlzsLl4cGXo=,explore,Radio,song,1
bEJvXhD1XWK8qi0Lhydk9nt30hOTCkxG0a70s9ZeCEk=,Hum12fv82coQWytuQUP8K0cHEdJ9zz10RrGjsGqmDpw=,search,Discover Feature,local-library,1
+3RfkckBHS0oQrrjJj7p69bdwJak+qzKq0fhFaeXUxA=,HRg8zzy3PcS4sBcZIFOcUL4uCqg7SurUslUQyF2op+o=,search,Radio,online-playlist,0
MxCUQ6tAD7LU1yR0gwRck91ZKE88gY8kD/rX9Hi9srQ=,BwDDym6Tp7EnGudWBGJyjONZeX0/4ndu5PETiPWzav8=,my library,Radio,song-based-playlist,1
UTAElx4+rSh2QViTKHQhC40cphX7ZIYafAOMJOJCshY=,95c7DAPEYsXPp72TZ4teA4ErdV1TNjajZcdk/if6AVM=,my library,Radio,local-library,1
lfK5QUAaa28niDIyQ2oGkSntvSe7G5EmQ1N6nvnE8lY=,SKRQpz3EM5UIxT2LCGzK5k0aYg4QtyHWtr0L/EK6By8=,discover,My library,radio,1
lfK5QUAaa28niDIyQ2oGkSntvSe7G5EmQ1N6nvnE8lY=,hme5eV1flIR0iLiRc0XRKQHssHaz7palP92OutFelak=,discover,Explore,local-library,1
XHJRZV5Xgcub4dNGuzRj5tVfDD1iwrtoXmdQOWtlc3U=,3Yz717mUtR+r4L0zzgDgWnYeFtY9g68ZjKlq1U72KNw=,my library,My library,song,0
FaH6rl69OOVwbsO30jjdjVXD9wJO8pcVZS6LGy5zTJM=,+cP03fE+hnJUB/v2PHLsD9UHBjmDIYvbuX+NrFqeudI=,my library,Local playlist more,local-library,1
b5XWI+EhZTCGoQ6YK/SLu3tmCnKh8Z7wBK6Gztm49uA=,JRa3KgSwWDyY17usXoi6jN8O6v6t6Tq4xcwjbUkbQFQ=,explore,Radio,radio,0
lfK5QUAaa28niDIyQ2oGkSntvSe7G5EmQ1N6nvnE8lY=,XgLDH2I0dmKXQNQTMsNyGSy5oz+o6o6jPTqj0I8abFY=,discover,Explore,radio,1
tNvUsQwOJX5OgGsBBN9to3vI+DoUc6S1BFgNXUaYoo0=,CXdtx7/QxePhjYwYFcXVv+lXjCDEGRJ9r/OC7IQXthw=,search,My library,song,1
4MSFgArmrrq1abQEeuHkmNQjEkqn5r/Z6/LNObSm3xc=,A5cw2rib82lWjtNFr3bxQysyjPVpiYlgmnULDQ8X0BQ=,my library,My library,local-library,1
uCDJmSDTzA5PpnYGqKvNmFbwBIoS3jIXFbO5YfoCv/Y=,1PR/lVwL4VeYcZjexwBJ2NOSTfgh8JoVxWCunnbJO/8=,my library,Radio,radio,0
hOyJGmY7tciqGf1EhDj5UT86IfSSnaTHP5JWAPxYN6s=,IgMar/mVrJQ+ODFPytDf7jwQMmR09+slyZUdVylRFLc=,my library,Discover Feature,radio,1
tnPUP8fJSxqSkuJZygxUzdvY2dVUyPxoKCGHmrwcKEM=,TVtxD8qAAl8KeA5CU+1c4Pg6+/PR3vK2vYMnY/eSGho=,my library,Radio,online-playlist,0
dU4RbzpIRRd/EkA9Xncpy9CglzDBZp7nKMfdnfr3Aj8=,ux6db2W4f9nhapYVkSg81Uzhxnw0vf44cFWHSd2EuJo=,radio,Explore,online-playlist,1
xEeMEDdDCvfLGt6eoayVgVh48nLdPvEm1XzwzY6lT58=,IIPVkO6EB8ymcuxkuxkum1N5gowLdTzy9sYF9luyhVk=,radio,Radio,song,1
5pr+x566HOsYLEv4ouZ5cEHFFwBB74xaFbExdPGJ6b0=,nwSpTQoTbubQRzCAjsWTemzjG0B36aa5Dqpi2py8jsU=,my library,Discover Feature,radio,0
Bljj9o7B1zgL0RIpZef1SlSigiTIMr0mDPv7aUyzuXo=,9Xxvd9J4SpEakcmoYTvt+ekTW15btrc+DKumBSTJZU0=,discover,Explore,radio,1
O3ElkgfVd3DoJysnWAIgIPF4N3Y9LPmlm+aC5G+UXGY=,0ee/D6HjX0jSytUn3v58C0x6zEzN4bcPq3WlqvrG/Xo=,search,My library,song-based-playlist,1
KGXNZ/H3VxvET/+rGxlrAe7Gpz2eKMXyuSg3xh8Ij1M=,TYhx9eqWklddkLQlApQ5MS9jJCO4H3JHdpISZ3kZSRE=,explore,Local playlist more,radio,1
cqjRBV/jWN2ujhc+z/4tz+Mj6xEfflAAt6qBXCqxKvw=,MtFK4NN8Kv1k/xPA3wb8SQaP/jWee52FAaC1s9NFsU4=,discover,My library,song-based-playlist,0
mrjKYVskMUAksvPgRky/E2g/TiPdbpH1j5CCOzAC5RU=,M0vkEMBlcbeVSWQQx/6FtXbJ57IiCw27TW8/vmSayk8=,discover,Local playlist more,song-based-playlist,1
z1IXxOkXP6uCWwFJLibRkXzU7USedggSWIfGJl/HFQg=,sgHKhG2d57U2o88razl9SyG1nuuMDf0J2BuDhzoI12Y=,radio,Discover Feature,radio,1
J/KdXo5kGQs+dRxYam3/tZlwhl7ZX+sYvvCdjg8Tqzg=,+Sm75wnBf/sjm/QMUAFx8N+Ae04kWCXGlgH50tTeM6c=,explore,My library,online-playlist,1
mGDObQQojFOJfK2rJKcme282huuk0qDxBzWL22/qYbc=,UQeOwfhcqgEcIwp3cgNiLGW1237Qjpvqzt/asQimVp0=,discover,Local playlist more,radio,0
dZNojW/n4mqxR6RSZt4CMeCnJzzxBYi6n9qQCKbghvE=,7EnDBkQYJpipCyRd9JBsug4iKnfAunUXc14/96cNotg=,search,Local playlist more,local-library,1
1wiu2UfN0BNhHfPTrDS3S/rQkX/vnwDoKH6ODTUdH9k=,g9qhCRIaFUnq4Z9HJcFQWHWRstWhK4NoB2sRPoD9iuc=,explore,Explore,song,0
mGDObQQojFOJfK2rJKcme282huuk0qDxBzWL22/qYbc=,TLU46LbiJ+1mmJr4Le4Z5eaUQq3TiXgdZpE5EtR4WZI=,search,Radio,online-playlist,1
w4SNbHDAMuMbulkgcHGYOl/datijVua3CR5D73DylLs=,IIPVkO6EB8ymcuxkuxkum1N5gowLdTzy9sYF9luyhVk=,search,My library,song-based-playlist,1
T+FJrpYi77CWTUE5nO/vliojRaTPgt2bRUQHy5lhXrQ=,5TKFWT9ivwAJiqRWz5apDsePXcJZ2b1RA/1gxTm6XoQ=,discover,Discover Feature,song,1
E9jsIxPWhebfnR8cbqPgS+FxCt0zBSXP+72mYRFg0+U=,7dUiqNIuyM+aDRJEw3+ZSYydeZGAQ1AAI0eOd0Nzh8c=,radio,Discover Feature,radio,1
H5DWyI7bujtol5aU1pzvLdfBAs45Ym/5jicdUlerf2s=,43Qm2YzsP99P5wm37B1JIhezUcQ/1CDjYlQx6rBbz2U=,radio,Discover Feature,local-library,0
OyELWVNKZMJtqg+BFArzAokp8bn+pGhBWbCZaxyLIus=,Kpyp6PVaOaQz81TH4KYB59FJiO/GVgzDVyCmiyxHTxc=,discover,Discover Feature,local-library,1
cF/VJmBHwhcqdd016oPP1wXBdWSjxEHEzwlhEn4+/4A=,8ZT1ADO1qNipe/T41z8XASvyZRgdBUL5oung7zV5am4=,explore,My library,song,1
MXIMDXO0j3UpaT7FvOSGW6Y5zfhlh+xYjTqGoUdMzEE=,zuyzUP11fbgoVp6IMfWK378GDToe59ZlK5gkf+7aKdg=,my library,My library,song,1
FaH6rl69OOVwbsO30jjdjVXD9wJO8pcVZS6LGy5zTJM=,eBme/h4Z4eP7BZY3tifu5Lr/dRB9NQJVIl36jZ5DZGQ=,discover,Local playlist more,online-playlist,1
cNssc+2L1Fx77CzASou28E9qfWeJjQKZtfoADkl/xkQ=,qxDl7URNa8pfCbbdoMNE0cHrU1+hMSIdyqhOGvQo69M=,radio,Local playlist more,local-library,0
a3O5che4tB5RTo8XoApn10uQ+FpVjTNwJfNrrQyaMXk=,9tNXaK/yKJfTcoWLRFw6HXplizDxq4bFvzs3scmesCU=,explore,Radio,online-playlist,1
TxneOykZ/MOIbQmA/aJ4EUQUIR9r+Egt6TNQu0WgwpA=,JiY2ckGkra5KGchu3Rh6KPH9FL2J0tTmAB3pGyVi4BQ=,search,Radio,song,0
H/MB+uttGlGIMr7qru4HYG4dVbh0e1mBuoryBOKz/RU=,h6SYWHqaMPtbHyqeNQGtCRfq7GAH4+9hrauUwd5z2VA=,search,Local playlist more,radio,1
baemFqI4x+fpHweCJQeb64jdSmOWUKkJuwK5BrgcsX0=,8OsXpp32oqorzAN4NNkVouaV0I81ddPLZ8DxMRAGJdQ=,radio,Local playlist more,local-library,0
YkG93vvIFdFWVWsYqT5w6t0X4uw9/RS03jqzhBzxFlc=,Kpyp6PVaOaQz81TH4KYB59FJiO/GVgzDVyCmiyxHTxc=,discover,Local playlist more,local-library,0
Y4FvDsosFNoz4ZHIAbuwgUBSFK8qY2oE5p7V8wymc/Q=,31Tp9mUO5cVc8fEd67bI5GTrfev3MiXPUokaum1m3K8=,discover,Radio,local-library,1
TxvdtN1Ehq4kbgU5J7lw+ik6Pc0NZjnQKARPiCCf0fk=,rqNd52MxQ+okfR61j2c7u36DLODO4d2Zt/hMm3jxncM=,discover,My library,song,1
baemFqI4x+fpHweCJQeb64jdSmOWUKkJuwK5BrgcsX0=,yPA+sQt5tJ3NgR6/L9BefmNpA2152zQQ+/Kvtt3iSUs=,my library,Explore,song,0
H5DWyI7bujtol5aU1pzvLdfBAs45Ym/5jicdUlerf2s=,VEHQ9uyNfwMBFPtkLOFGSOnovTSfj6RlQbgYZYp1xZQ=,radio,Radio,radio,1
tnPUP8fJSxqSkuJZygxUzdvY2dVUyPxoKCGHmrwcKEM=,p/yR06j/RQ2J6yGCFL0K+1R06OeG+eXcwxRgOHDo/Tk=,discover,Explore,song,1
2LbejuZF550yFLDXLIBw3gd/c462BIJ+S/SOwneSXUM=,nnGh305rOmte1K/4D+qsL1LyY6P+jvDlzATIqwbCa/0=,radio,My library,local-library,0
cqjRBV/jWN2ujhc+z/4tz+Mj6xEfflAAt6qBXCqxKvw=,jWx64JroBecZQXiaNU1toeSiTyhqdtsj38JTLS2TEhQ=,discover,Radio,radio,0
8tSgHKzljg7TyPLYrU9L7CgHIdShVvyV/d6PccMRzhw=,g9qhCRIaFUnq4Z9HJcFQWHWRstWhK4NoB2sRPoD9iuc=,explore,Radio,online-playlist,1
6bwk5TTaA1YSOmPoxDgBBlV5CrZJEar2C6SxwT5nDrU=,GFWjz4apE8zMiXe6wc0qCjr+DbK9BFkwo/rr+FsNm+g=,my library,Discover Feature,song-based-playlist,0
+boPBM5G5+vAfbO6zTy7A2FrVQyl91aBPGHkQ6ciNYc=,x6u5YRNWfWRwBSupKIjHonX/pAAr4HtXW4ZUIh7/iPo=,search,Explore,radio,0
2+T8pswRgDmvZ6B4esKi3lWZyT4xqeVKmv19J0/y51w=,RxCEvZAXgnh1ZDlQBuVb/J9xpnopFSJBaBxLqGZIXSs=,radio,My library,song-based-playlist,0
0ut67E6+04VZ9RDX1nJYPmPARhbgYbsjEKl7K4dpjDw=,3OvsjjGFnEouJggaSOMVUVgzrgoTRtKd97GVQlQXUWQ=,my library,Discover Feature,radio,0
HVcWdf8CEo9s6qwt5V7TpoPYJfRlQSTA6b7kxEAImpc=,THqGcrzQyUhBn1NI/+Iptc1vKtxBIEg0uA8iaoJnO1Q=,discover,Discover Feature,radio,0
a3O5che4tB5RTo8XoApn10uQ+FpVjTNwJfNrrQyaMXk=,MtFK4NN8Kv1k/xPA3wb8SQaP/jWee52FAaC1s9NFsU4=,explore,Explore,song-based-playlist,1
mDJCU+fKu/mbdk9l4SmPYiJwpeMyK44o9wmG1X3735A=,PWxngjBL3gt2KhdKy8MwEYTgAw/lkL9F/lqqjciktFk=,radio,Local playlist more,song-based-playlist,1
dZNojW/n4mqxR6RSZt4CMeCnJzzxBYi6n9qQCKbghvE=,JVwoBKjxxE9L/IpNKsSCJJIYHcxvwxOKbFnM3TLwcTQ=,discover,Discover Feature,radio,1
fVZedYe9G51wW8jy3Ws7FuF5IKx7zxQYWvPAfCdIRJE=,B2jGIdcFp/C/jeFaJdOwrw72q0kEetFFo+fReLkd6o0=,radio,Discover Feature,online-playlist,1
UvM0IMLJ11PTOjdjhqapNQmHcbttfsiyv5+dtIR2IK0=,s84FxzZB6F3J6VOD21RuFLngqi6nMsKA4txNXn+pbK8=,radio,Explore,song,1
qd03y2Hs/0xCA/dPExadbY5XQdTHOcli3h8w4KTwhZ4=,wJdog4OHtULqly94aQ/X2uud6ya+juDh25ay4sqoxuI=,radio,Local playlist more,local-library,1
8Pvl/iQSa1A4J/op1WLFoj9PGFv5WHjDas6efapYoss=,++QfzyM/LiFaCuvkDFK/wJe13ZEMgTgAaVCcolo7nnY=,explore,Local playlist more,online-playlist,1
Z56mxjHqnR1FK1d5gkf5ARTxwZF8h0HPI+rHFGRrMHo=,B+lDDFfdRD9WVY2vdfJX3DXLlKohkLJC+mxE+Hfnh/o=,explore,My library,song-based-playlist,1
crUeQ6DYDHHRNYmn+n5Kodfvu9ki0IdHfXHNlZEUPHs=,JP0GJixHOHSNDsjKiQY2ttQKbDmWSk35JMMfPtR06BM=,discover,Radio,song-based-playlist,0
AXKTVBbdr2/z7m5WL1IXzlriNbun8B+7wM41MsWCYDw=,750RprmFfLV0bymtDH88g24pLZGVi5VpBAI300P6UOA=,explore,Discover Feature,radio,1
gNqpBxDbTlhvjHhGUzkOXI7uwdcMfsUjThCFibPphkQ=,Bmj+IwjGGnbUyQ02jJpz5K+2vmxCOKfBqVd7ypu6OLo=,my library,My library,online-playlist,1
YU6fAgCFgPkaJ1YSW2838KzGTxmBCfgousTO8jwuHYM=,7XjSvrL47/EJD2mNR0e2Ja+ed/Dm0j35tKPQLiO2Hjk=,discover,Discover Feature,song-based-playlist,0
FG+WikEK8x1GZIB4E2keTq2SJX4bXjFjG5gkjc8qbcw=,A0t3F/l/3A5UvyPnNQNkrwJuW4vH7f/ttZZ9ud7eWx8=,my library,Explore,online-playlist,0
9wwJC2y3YDYTilHnM+uYnPS7GCxV625Hs4VZ7sc6OKY=,8qWeDv6RTv+hYJxW94e7n6HBzHPGPEZW9FuGhj6pPhQ=,explore,Explore,local-library,1
E9jsIxPWhebfnR8cbqPgS+FxCt0zBSXP+72mYRFg0+U=,gvHR5iZ5GWVYZBMTQFo/k0LB3Hh2RDUNhDgOCzICosE=,my library,My library,local-library,1
Wg1bSRX3JtJ9ElarOhpbEaV5pu9lgTeS33mARTV+Sl8=,CfOyUSvBAIGhsUEcZ6hTnWLLaQrDtzVmoIdmIMXBOTA=,explore,Explore,local-library,1
OMy7VLQDDDlAqrp/YCl+BvzGIgZoWNejIDqSl8siqIM=,oAfWzsEYsibZUgmlL8NNYoO0aB4gSyU2tfsQvQp+7f4=,search,Radio,song-based-playlist,0
5pr+x566HOsYLEv4ouZ5cEHFFwBB74xaFbExdPGJ6b0=,JP0GJixHOHSNDsjKiQY2ttQKbDmWSk35JMMfPtR06BM=,explore,Explore,local-library,1
lSkUSnCm60kDLdEsnAVp6jwr2HkyIhDCEZLX82djjHg=,3OvsjjGFnEouJggaSOMVUVgzrgoTRtKd97GVQlQXUWQ=,search,Radio,online-playlist,1
KsjbiO2iw8TpMfu+9Bf2p8GI57Q53lsHXy1xWIMKH/E=,/70HjygVDhHsKBoV8mmsBg/WduSgs4+Zg6GfzhUQbdk=,discover,Radio,song,1
FaH6rl69OOVwbsO30jjdjVXD9wJO8pcVZS6LGy5zTJM=,l71bGvOgjZIJQHa+E1GW7L5QWYSliCUKy+Hg3SmxzOE=,discover,Local playlist more,song,1
EDSn8rAs8qjUvqhhFG5diTbaVbJi8qkoKXeMzf2JGVQ=,GKgBgCnz9R8OWDdGeYgQS0TPHe8no8VWvxj4+4PSjao=,discover,Discover Feature,song-based-playlist,0
/mmecbnAd2Jrji3aonisktBko1/o+F68GqpV8X4gHiI=,HzCFc9gU/AuYNF1ld1ZlyeCpQvVLTonc8+ZrUAidmmY=,my library,My library,song-based-playlist,0
hOyJGmY7tciqGf1EhDj5UT86IfSSnaTHP5JWAPxYN6s=,J4qKkLIoW7aYACuTupHLAPZYmRp08en1AEux+GSUzdw=,search,Local playlist more,radio,1
YkG93vvIFdFWVWsYqT5w6t0X4uw9/RS03jqzhBzxFlc=,F48LS/DqAt1EnPHRezspUgYaZcmiOoyOD75UFpHenEE=,discover,Explore,online-playlist,1
mDJCU+fKu/mbdk9l4SmPYiJwpeMyK44o9wmG1X3735A=,Ot8WIXZXzvgZeZoCwcimfORgLbZJJdslmuvO1ufZB7k=,radio,Local playlist more,local-library,0
Jc84woRFJuyMAC6hDcH/Rr84MGq9ucuxeZveZ00kI5o=,u67UjhgKuy5EciXXCkJvpAYxT+l8agXUqFuD5Hs3STc=,radio,Explore,song-based-playlist,0
EBXSMA3gzTff0F01n56dHSBQR/IDWiwuw5S+ksPgTc0=,ufjl9/oJJRQx/0JUEBaIeyE82HP0CF7Fy2LwOIiNiYY=,explore,Explore,online-playlist,0
BNSYbtaNNCYfKVig95LpQJArTEx/RN2FgivSohB8r8M=,5myS1WHBGGzoGGXLLGo/tIuHzWsyp0Ez0NoLWKdkA9Y=,explore,Radio,song-based-playlist,1
a6uMxhS43vQ++TrVP3jdHT4lFfjw61SlIsCkvigQ5ro=,DhuNF1B0GK4zzZ7U+v/vt/Y+3aQbTRmV2bd99TUAXzI=,search,Explore,online-playlist,1
KXS4mDTuweetiTTxgkbg8uohB20KUXvkXz6g4l3r40c=,/RYwZD+IL/0YEgpu71HgW9q6c2A80gr/fC/j0BmYGvo=,radio,Local playlist more,song,0
8Pvl/iQSa1A4J/op1WLFoj9PGFv5WHjDas6efapYoss=,JgOfPnluwAsKhpdLQgbfoSHpaZ74zcWYPqhhvhmFAtY=,explore,My library,song,0
uCDJmSDTzA5PpnYGqKvNmFbwBIoS3jIXFbO5YfoCv/Y=,9Xxvd9J4SpEakcmoYTvt+ekTW15btrc+DKumBSTJZU0=,search,Explore,song,1
R7AyK9ZUi5d21sCDumgghXW+TNacd/qN0dNMa0C22pA=,nwSpTQoTbubQRzCAjsWTemzjG0B36aa5Dqpi2py8jsU=,my library,My library,song,1
HfVrxfpxOJuQ4FofEFxdlwm9yvaoy8y0JOH3GaQ/RTs=,msJWKceAKkJe5FJDUUpnHBL8qS3QQUC2faxjiJrEw5w=,discover,Radio,online-playlist,1
4tuTIArXO3WO8/zS9y2CC34ywEfChjAKUchlKW00DMM=,p6vR55B6kN6DL6mkWo3Ndkzd1KEbmr38ndt04bYuzXo=,search,Radio,local-library,0
2LbejuZF550yFLDXLIBw3gd/c462BIJ+S/SOwneSXUM=,OE6pqPyTUHX2LrFokqXrAVv6VkRGadC8XQ8CZZpaa3g=,search,Discover Feature,local-library,0
J/KdXo5kGQs+dRxYam3/tZlwhl7ZX+sYvvCdjg8Tqzg=,ajjUpdQjWCwzCHNd6C0hB3Fz8BIPGjSy6IT35+UWD1I=,my library,Local playlist more,radio,0
FG+WikEK8x1GZIB4E2keTq2SJX4bXjFjG5gkjc8qbcw=,A+RNE+nwHzzYdQliLcF1YcaMpmDL91TAbz8xALp4FEM=,radio,Discover Feature,song-based-playlist,0
UvM0IMLJ11PTOjdjhqapNQmHcbttfsiyv5+dtIR2IK0=,x+wwBWqNXLShElFWaLs1ahI15dN4cl4ShC1/Wm4PsH4=,explore,My library,song,0
Z56mxjHqnR1FK1d5gkf5ARTxwZF8h0HPI+rHFGRrMHo=,Y87wssIvAzfpJA1z7WGawlIQl7mNFDWzmKS/FlLtLA8=,search,Explore,song,1
akW+xn32y3X+ZisQokWwV8+caojTEpm3E8lV8E3yuBk=,3OvsjjGFnEouJggaSOMVUVgzrgoTRtKd97GVQlQXUWQ=,explore,Radio,online-playlist,1
uQ6LOBwmu7lIjv+wFaq5+M4IcAZEha2J0uyDB6Y8aqY=,27vpOctGRDxfm4nJsYUfvNaoL8ayuXiYAYUH4H1mfJk=,explore,Discover Feature,radio,0
mDJCU+fKu/mbdk9l4SmPYiJwpeMyK44o9wmG1X3735A=,35dx60z4m4+Lg+qIS0l2A8vspbthqnpTylWUu51jW+4=,my library,Radio,radio,0
Ty59+gs+lfVbfm1T/SDqLmbFhtkAP4Mm75uYiaKZ6kk=,oDG5WCyUlb9i/Sr34Fljeh0YsONZKxl+7jjUw27vm5U=,explore,Explore,local-library,1
A6DJoTdyfFVxhngH62vlscx6pJsakhdeNs2vDEVTfH0=,JP0GJixHOHSNDsjKiQY2ttQKbDmWSk35JMMfPtR06BM=,radio,Radio,song,1
2tmUzRCcD0l3et0ck9XfxZT6gT9LM3w8gwfckVNylIU=,DT35ri8FZuj7PGLxW/PhK5lt+CFVV85jDqPrBz6kixc=,radio,Discover Feature,online-playlist,0
BqnomjS+KJtzWrGRkqLEoO3I7KapwN4B8H9in4Fsf+I=,XA08z3r0wdQvY3CE0lFDTd/MuAgD7b0XKZnCvo+ylKE=,my library,Explore,radio,0
mGDObQQojFOJfK2rJKcme282huuk0qDxBzWL22/qYbc=,yCNGVHLlA+gdUm0RfeIm1xAYXFugchHvED5JVerYSWM=,radio,Explore,radio,1
O3ElkgfVd3DoJysnWAIgIPF4N3Y9LPmlm+aC5G+UXGY=,KcQ4assZxaXsdizqxGjUSAY7CNc6+6hQzpVsjnWsShQ=,my library,Radio,local-library,0
H5DWyI7bujtol5aU1pzvLdfBAs45Ym/5jicdUlerf2s=,9Xxvd9J4SpEakcmoYTvt+ekTW15btrc+DKumBSTJZU0=,search,My library,song-based-playlist,1
2tmUzRCcD0l3et0ck9XfxZT6gT9LM3w8gwfckVNylIU=,+yj1hcpU3QLGXS2iW9srqWCBV5NE73L9hHR3kbV2NQg=,explore,Radio,online-playlist,1
4abUL+lw0T5WFbdgeEyj8UHqyYxA7Exgw2tWiDJVSwY=,HRg8zzy3PcS4sBcZIFOcUL4uCqg7SurUslUQyF2op+o=,radio,Local playlist more,song,1
E23IyF1NtT7IeesuDuHWR6g/yMpWrq3cN3U4qTjXE0A=,ufjl9/oJJRQx/0JUEBaIeyE82HP0CF7Fy2LwOIiNiYY=,my library,My library,song,1
00qmlWC3H/cjf2Ig1li5xIO0VNDRgBX0f9ilouDBEZs=,yLoN4bFNhNb3LXZ4EdnptePHtj3Ztmrw/p13qGn3GTw=,search,My library,local-library,1
TO253iXvHroemKYZ23M7YL7uu6Um4zEwByNl4wcpIYs=,7XjSvrL47/EJD2mNR0e2Ja+ed/Dm0j35tKPQLiO2Hjk=,explore,My library,online-playlist,0
hzy7RwzEVDm4JmC0X2qLUvnoE1+2zNTEea4fOe/o6ms=,/vRMwxfCQC55cFGMLtxZlAqhDFW/aPQMGdkRnykeWyc=,discover,Radio,radio,0
SZ5NNypqaTWljFO1HiVZwkw3713+rM9x/JNdJd8/fzc=,jZVQRajq2WbbIoSiF5MSCyJKgTt7tpITHayD3PYKg88=,search,Radio,song-based-playlist,1
3TZaybijIyaqU3P+moI/mzFWcAj6aR0p7bmxLT9iRq8=,W+akwEPQhC1OugUaQlo0DR9xVs49UbJDZbiGvgN6ZyY=,search,Local playlist more,song,0
0ut67E6+04VZ9RDX1nJYPmPARhbgYbsjEKl7K4dpjDw=,LBFRdBacp7Ob6Ada2N7uCQ47DhiNT2KjUtwOA7oSm7I=,radio,Local playlist more,radio,0
rGbXmjKDOsBV9n2LJEPtx4GcJS00c7Bs9ZFo6icxVJM=,R1769yIwSejBpG/qGgxdD3BiYXI2fJgMg1jjlKCPhIo=,my library,My library,song-based-playlist,1
EBXSMA3gzTff0F01n56dHSBQR/IDWiwuw5S+ksPgTc0=,limwLMOy3/jAQ5dOa3x7k/eJmA1ARXel99C337h+E34=,my library,My library,radio,0
n7V1D5AuwLykWxCzsU1eNPSyxVbrSXs6IXiWF2zN0gY=,Q+minHX51E+PXPs1VxkIlW+XhmV9ANm2rchEcZ8Wt9k=,radio,Radio,song-based-playlist,1
o+5RNlSWrzvrphgBNGIo1FLkGxBgyICns6qXj3nS7Pk=,FynUyq0+drmIARmK1JZ/qcjNZ7DKkqTY6/0O0lTzNUI=,radio,My library,song,1
uQ6LOBwmu7lIjv+wFaq5+M4IcAZEha2J0uyDB6Y8aqY=,Ot8WIXZXzvgZeZoCwcimfORgLbZJJdslmuvO1ufZB7k=,explore,Radio,local-library,1
cNssc+2L1Fx77CzASou28E9qfWeJjQKZtfoADkl/xkQ=,7vGvrf5l1XzNbeLZXzQgaNvc2VBmncarpN3LQpLUZiY=,discover,My library,online-playlist,0
FaH6rl69OOVwbsO30jjdjVXD9wJO8pcVZS6LGy5zTJM=,O+azAuxxhTE27OXm23raLUOTey/RS3+sceZDO2iFXys=,discover,Radio,local-library,0
BqnomjS+KJtzWrGRkqLEoO3I7KapwN4B8H9in4Fsf+I=,NDtiB0N12yjIn9D9reqXF8NPPCq6vMNhOwd9A/c3qd8=,explore,My library,online-playlist,1
B4P1g6sGBILzGhelH/YKkfpkFgWfn/LgS4KgU+bEaD0=,qxDl7URNa8pfCbbdoMNE0cHrU1+hMSIdyqhOGvQo69M=,radio,Radio,local-library,1
4tuTIArXO3WO8/zS9y2CC34ywEfChjAKUchlKW00DMM=,nW7czLK5LBcCT/uAo+03SyWAbaEEaSnXI5uxhC7QiBM=,my library,Discover Feature,local-library,1
Xbrr2Sbq8NuLG+1QZWm/Iu5P52fUTvgspCYNG8wmfPQ=,4MisMKfKs26kWvzPwqJMnqqoeNfOlsfiiFswvWIQOUI=,radio,Radio,local-library,1
3i0jlUKhqqUKqFsoJVgN2UcDOuri7fCiE33XUCnKHXo=,izWkEacMHX6lc+hEC3QnWwWd2LXiHZ9tacUNpfUz+aw=,my library,Explore,song,0
00qmlWC3H/cjf2Ig1li5xIO0VNDRgBX0f9ilouDBEZs=,G21dv1ZiXpa7iO6UrKktIgqRdrvx7nLjRbRHGmtzGvQ=,explore,My library,radio,0
JoGt+PgRGKHAhTQnaRqQygBWdDwGE6gdPbeGiGP4/Lc=,7NV5ZpaFlc7e3fjuxNiiuL0+HEr8qASFr+HHztIhwGY=,radio,Explore,radio,1
lfK5QUAaa28niDIyQ2oGkSntvSe7G5EmQ1N6nvnE8lY=,22wN6a2Q/qVQosA8OBfVg6AbwvI2KJnZ35DXLqpLHJg=,radio,Local playlist more,song,0
3i0jlUKhqqUKqFsoJVgN2UcDOuri7fCiE33XUCnKHXo=,bFbleyVHx6Nr9tHMr4OybO2i3A4FS2Be0/62K2+FSpY=,search,My library,song-based-playlist,1
WtuOpsYQ8St9zt7yySdryqDUCxeT4/v2rLRA7+lsahQ=,Hg9Bv1grz9a7lTp6HxpK//dV5AOqft4uk1fjIfPMJFE=,search,Local playlist more,radio,1
5wvbHjIY9vAARXRg82rOSUqfZlHLqJN88I8W8bwsiSc=,edlow+cUeR+1RqGQ87VV7D3gqMw0amQYGEZZDm+sm7Q=,explore,My library,radio,1
P+Sxa9gtP8P8IQcpPGbwWmEFdrF16hTrtfXyfa5aGoI=,bTlSHgnwaBMIKHseTFHanJ3Zr4x82ybrGkexpnxDhTY=,radio,Discover Feature,song,1
O6cmcavFpTlX0oU/WxJrYGxLIvR22dVpHz/VJxylp8g=,8Ckw1wek5d6oEsNUoM4P5iag86TaEmyLwdtrckL0Re8=,explore,Radio,radio,1
wv0o115CdKSsFlsV7VvHikjyxLG0LFc5qALhM8xkUZ4=,JA6C0GEK1sSCVbHyqtruH/ARD1NKolYrw7HXy6EVNAc=,search,Local playlist more,radio,1
HfVrxfpxOJuQ4FofEFxdlwm9yvaoy8y0JOH3GaQ/RTs=,SKRQpz3EM5UIxT2LCGzK5k0aYg4QtyHWtr0L/EK6By8=,radio,My library,online-playlist,0
3nWFLb+IVt1+0JcM73g0wIG2AHtyhsI5RlG7gHziOFA=,WTTcFYZNyqe1dL6Rm+jQMLx/tospfRR+PhD1OFix1mQ=,search,Explore,local-library,1
WRwcfUKwDVQ46cylDQ1Tf8ayTojVYeh/00m0ubVNxQo=,bTlSHgnwaBMIKHseTFHanJ3Zr4x82ybrGkexpnxDhTY=,explore,Local playlist more,local-library,1
pRHIP4XdwWx7YpREsLN4sD0gb2BUEbhKytDXlwUAO+k=,01dMXfqYr3EWV8V4ccmHMNy45+7YG8TBmGJ4IVWOduc=,discover,Local playlist more,song,1
lSkUSnCm60kDLdEsnAVp6jwr2HkyIhDCEZLX82djjHg=,G0rUz0kguI35yzj95LX2BXI30PqCcJJtPNfirR0BhIs=,discover,Discover Feature,song-based-playlist,1
rdNI0wgxmcsOgjH0akX2/zzW8qbDZc45D681Mpq45jI=,yL8VeuH6lYFA4hYVGX/1HmPogBfp1Ex4ZkL5PjWy11k=,my library,Local playlist more,radio,1
dZNojW/n4mqxR6RSZt4CMeCnJzzxBYi6n9qQCKbghvE=,bTlSHgnwaBMIKHseTFHanJ3Zr4x82ybrGkexpnxDhTY=,search,My library,local-library,1
J/KdXo5kGQs+dRxYam3/tZlwhl7ZX+sYvvCdjg8Tqzg=,zHqZ07gn+YvF36FWzv9+y8KiCMhYhdAUS+vSIKY3UZY=,radio,Radio,song,1
KXS4mDTuweetiTTxgkbg8uohB20KUXvkXz6g4l3r40c=,/RYwZD+IL/0YEgpu71HgW9q6c2A80gr/fC/j0BmYGvo=,search,Radio,song-based-playlist,0
V8pNUizcKwTRuSQAtzXJBAJ7B8cyf0EegXkljvIvFqo=,u6/Pb7X4u7KU4gXrBgGqt8RlRrNNFLn03tLAHyxRxwA=,my library,Explore,radio,1
WtuOpsYQ8St9zt7yySdryqDUCxeT4/v2rLRA7+lsahQ=,oDG5WCyUlb9i/Sr34Fljeh0YsONZKxl+7jjUw27vm5U=,search,My library,local-library,1
wobMEyGx2iCkFu27/HPRJIky3S8tO/rS8Rr+tsvEe0k=,43Qm2YzsP99P5wm37B1JIhezUcQ/1CDjYlQx6rBbz2U=,search,Discover Feature,local-library,1
R2FvE4x+hefwL4evbgNGNCng13c1MkP3PHocNtU91qU=,jFUlstiDM/0JBpQz1N1Mr1uJj0H8kiQsJjfbnx45gHs=,explore,Radio,radio,1
XkORogCcAwIoTSBptOED51tv9wXQ2WCEqGgvwqKsyU0=,eKCra1VJtznUJW/pya0TCpqHRxHxdQ51S3fspJmR2gs=,search,Radio,song-based-playlist,1
YU6fAgCFgPkaJ1YSW2838KzGTxmBCfgousTO8jwuHYM=,QjRlzbxmVxusW6CP2Xr8GjX3BnPitUMFBxCWxd/5AKY=,discover,Radio,local-library,0
pRHIP4XdwWx7YpREsLN4sD0gb2BUEbhKytDXlwUAO+k=,nwSpTQoTbubQRzCAjsWTemzjG0B36aa5Dqpi2py8jsU=,my library,Local playlist more,song,0
E23IyF1NtT7IeesuDuHWR6g/yMpWrq3cN3U4qTjXE0A=,eaEPf0VwQhIvfAm8xzQucpa0/OnWo18Ig1cfMIUsZ3M=,my library,Explore,song,0
16pGH8W1JKJTrQSZDX3gQY57S3FiO4YJheGRiYbONsU=,PWxngjBL3gt2KhdKy8MwEYTgAw/lkL9F/lqqjciktFk=,explore,My library,local-library,0
FGtllVqz18RPiwJj/edr2gV78zirAiY/9SmYvia+kCg=,rcPNzl8xjj74tjZDop961+ugDVJKx4mdgh7L1xJ85FI=,search,My library,online-playlist,1
YYdQJgjemCT/fAv8s+CwfmgDprAQOneJ2M2SdArq9V4=,u6/Pb7X4u7KU4gXrBgGqt8RlRrNNFLn03tLAHyxRxwA=,radio,Explore,local-library,1
AXKTVBbdr2/z7m5WL1IXzlriNbun8B+7wM41MsWCYDw=,BwDDym6Tp7EnGudWBGJyjONZeX0/4ndu5PETiPWzav8=,discover,Local playlist more,radio,1
XHJRZV5Xgcub4dNGuzRj5tVfDD1iwrtoXmdQOWtlc3U=,yCNGVHLlA+gdUm0RfeIm1xAYXFugchHvED5JVerYSWM=,discover,My library,local-library,0
tnPUP8fJSxqSkuJZygxUzdvY2dVUyPxoKCGHmrwcKEM=,+yj1hcpU3QLGXS2iW9srqWCBV5NE73L9hHR3kbV2NQg=,discover,Local playlist more,song-based-playlist,1
s8Oce1igq03hako2pQCfeXyPVkBs77ArjdrZEQAjpbk=,ufjl9/oJJRQx/0JUEBaIeyE82HP0CF7Fy2LwOIiNiYY=,explore,Explore,local-library,1
PwnWgkloewAh6nr1MpRnSm6jbrltEb328ifDj7ccDZc=,SHV52/0W8kZcf3uJZF9+ZP3S5vu2RO4WNGhZ8qQHulU=,discover,Explore,song,1
AEZNdJt0QGYpBlT97tdnNaNHW5SqpgJb70TFmeZBYbg=,dKfxhaRKwvhiYOUQ5JlkxQrJ/dDksdFueybCIdG5dXI=,explore,Local playlist more,song,1
Xbrr2Sbq8NuLG+1QZWm/Iu5P52fUTvgspCYNG8wmfPQ=,bFbleyVHx6Nr9tHMr4OybO2i3A4FS2Be0/62K2+FSpY=,radio,Explore,local-library,1
oqovZIlVcIUL0aIMGYtXxy3R+xJcxmJBJUXeIb+HJYA=,HsgJXv1C7iVZiP7CWwWTfsmMhia6Huc0MUccfj+D02o=,search,Explore,online-playlist,1
NwX1NaVlyw0jvfQNxLTcx9ztIUKVL/sjkccdAmMpfCA=,v/3onppBGoSpGsWb8iaCIO8eX5+iacbH5a4ZUhT7N54=,radio,Discover Feature,song,1
a4aEMKA1bMIwfCarB0qN+Fjag8swMwFfXm6ri5KJvms=,UZ3dBhXYs3u2VWiwH9VQYBWnp1hi25EmxuK8JISoSZU=,my library,Explore,local-library,1
vBNHobQRQsofef7+9NZk4C6Y6T2PBXSGXUbn6c8UOcg=,KcQ4assZxaXsdizqxGjUSAY7CNc6+6hQzpVsjnWsShQ=,radio,My library,radio,1
HVcWdf8CEo9s6qwt5V7TpoPYJfRlQSTA6b7kxEAImpc=,izWkEacMHX6lc+hEC3QnWwWd2LXiHZ9tacUNpfUz+aw=,search,Explore,online-playlist,1
R2FvE4x+hefwL4evbgNGNCng13c1MkP3PHocNtU91qU=,OaEbZ6TJ1NePtNUeEgWsvFLeopkSln9WQu8PBR5B3+A=,discover,Discover Feature,local-library,0
cF/VJmBHwhcqdd016oPP1wXBdWSjxEHEzwlhEn4+/4A=,ih58jIWgit7qPy3VpvbM6E7AIvs57ylCHMVpIl1T+Io=,search,Radio,radio,1
Tb5tCteFbk+G5Jyvq9SqD1eAzgZ98WR/xOCvvjkNCog=,msy6vSQ15p6RVJfm/bSgcDwd3YSLp445Pdhzw6CEZRM=,radio,Local playlist more,radio,1
cqjRBV/jWN2ujhc+z/4tz+Mj6xEfflAAt6qBXCqxKvw=,8Kn45Wt6j2eOQSYFai72rdxvmy6rXFGXCcbi92hzOAY=,explore,Local playlist more,online-playlist,1
SWoa4UvhuutHxhcRAxlfTc6Jr1j5tGw9cp3Kiq+ayKM=,9YYrODwrXpDcCjOJypHROv3f5z40y11QlmgQjmzp2vQ=,my library,Local playlist more,song-based-playlist,1
8Pvl/iQSa1A4J/op1WLFoj9PGFv5WHjDas6efapYoss=,HTu0yj2OGmSKPV6I6ktmb6DnmnZY8ZSFrrzNFR/MOfQ=,my library,Local playlist more,local-library,1
hzy7RwzEVDm4JmC0X2qLUvnoE1+2zNTEea4fOe/o6ms=,kHpEHXKwwG+dwmOR2NnvrXwsE24vqD7n40tcNQE/niQ=,discover,Local playlist more,radio,1
hOyJGmY7tciqGf1EhDj5UT86IfSSnaTHP5JWAPxYN6s=,fvFw8C8/hBGjtRs+4+bPpo6Ytw9YG0pLOwWJf3YAVhY=,explore,My library,local-library,1
2tmUzRCcD0l3et0ck9XfxZT6gT9LM3w8gwfckVNylIU=,TbrfWJpl81E4alsi2+b84oeUu+b5S/8n9yFlZDriNYs=,explore,Radio,song,1
TxneOykZ/MOIbQmA/aJ4EUQUIR9r+Egt6TNQu0WgwpA=,jFUlstiDM/0JBpQz1N1Mr1uJj0H8kiQsJjfbnx45gHs=,discover,Radio,radio,1
rGbXmjKDOsBV9n2LJEPtx4GcJS00c7Bs9ZFo6icxVJM=,H9SPhwq9W0h/3XECeWOjmDRiVN7V5bxTLFlOqWDcqrI=,my library,Local playlist more,song,0
K7obY5lUlZTd6a/byE9NG/e7Q/dlgHfppLbYk8OL7os=,kge3dyGXCTqgUbHpFPB0x8gy+cPAamtArhr4sghdRH0=,my library,Explore,local-library,1
mDJCU+fKu/mbdk9l4SmPYiJwpeMyK44o9wmG1X3735A=,Hl6EBpUuCKh8k8Mzao5hml03O4q0syx+7atSC3vEvok=,explore,Discover Feature,radio,1
TxvdtN1Ehq4kbgU5J7lw+ik6Pc0NZjnQKARPiCCf0fk=,yBHK9ZzaYyeNaPr1ucAkD3RH7dKwaEY8dtplxwkxr44=,discover,Local playlist more,local-library,0
pRHIP4XdwWx7YpREsLN4sD0gb2BUEbhKytDXlwUAO+k=,8Ckw1wek5d6oEsNUoM4P5iag86TaEmyLwdtrckL0Re8=,search,Radio,online-playlist,0
Tb5tCteFbk+G5Jyvq9SqD1eAzgZ98WR/xOCvvjkNCog=,JP0GJixHOHSNDsjKiQY2ttQKbDmWSk35JMMfPtR06BM=,radio,Explore,song-based-playlist,1
Ty59+gs+lfVbfm1T/SDqLmbFhtkAP4Mm75uYiaKZ6kk=,iiifj//EcKnociT6W3nBASJygGe/TyFB41UD1bTtnU0=,my library,Radio,song,0
ocQB699RoI5sBlRUfv8tu++vqupI35/95l3U507jdpw=,zg6SzD3aqsnOqqyhFYTdbCNFrhSACbwefB/ZFi68AO0=,radio,My library,local-library,1
vSstkkQzt3KMmyvh0MGHpXpgzHO6kobAYipy6ik6HB8=,WTTcFYZNyqe1dL6Rm+jQMLx/tospfRR+PhD1OFix1mQ=,explore,My library,online-playlist,0
x+k/zTEqdgYq6O+r1iDjKRaQnaCS5118gzBe8c12r1Y=,CivTL87a654wHFVt1BEZu+cryDKO8mYRsrxpEW8oVm8=,explore,Local playlist more,song-based-playlist,1
YYdQJgjemCT/fAv8s+CwfmgDprAQOneJ2M2SdArq9V4=,TLU46LbiJ+1mmJr4Le4Z5eaUQq3TiXgdZpE5EtR4WZI=,radio,My library,local-library,0
MxCUQ6tAD7LU1yR0gwRck91ZKE88gY8kD/rX9Hi9srQ=,THqGcrzQyUhBn1NI/+Iptc1vKtxBIEg0uA8iaoJnO1Q=,radio,Discover Feature,song,1
FGtllVqz18RPiwJj/edr2gV78zirAiY/9SmYvia+kCg=,+Sm75wnBf/sjm/QMUAFx8N+Ae04kWCXGlgH50tTeM6c=,radio,Discover Feature,online-playlist,1
Y4FvDsosFNoz4ZHIAbuwgUBSFK8qY2oE5p7V8wymc/Q=,etnpvFVFCKje9Br8nB2pWWlaMRVwN6euSQc9+7ZnXR4=,my library,Discover Feature,radio,1
z1IXxOkXP6uCWwFJLibRkXzU7USedggSWIfGJl/HFQg=,N21RxItkM+DqGIdEWiPa5urFl3xvDUNVdhr2bFZvMeA=,discover,My library,song-based-playlist,1
JoGt+PgRGKHAhTQnaRqQygBWdDwGE6gdPbeGiGP4/Lc=,jRzcNOC0WGSfwQmr9ZP5mxiPYxAdkGrPFGc0GvS1dOs=,radio,Local playlist more,song,1
pRHIP4XdwWx7YpREsLN4sD0gb2BUEbhKytDXlwUAO+k=,G0rUz0kguI35yzj95LX2BXI30PqCcJJtPNfirR0BhIs=,radio,Explore,online-playlist,1
mDJCU+fKu/mbdk9l4SmPYiJwpeMyK44o9wmG1X3735A=,BxDBwZ9N4vb18iY72TA2T1VROqz00TpBvOVeefkm9KM=,my library,Discover Feature,local-library,1
Tb5tCteFbk+G5Jyvq9SqD1eAzgZ98WR/xOCvvjkNCog=,YN4T/yvvXtYrBVN8KTnieiQohHL3T9fnzUkbLWcgLro=,explore,Local playlist more,online-playlist,1
16pGH8W1JKJTrQSZDX3gQY57S3FiO4YJheGRiYbONsU=,QZBm8SOwnEjNfCpgsKBBGPMGET6y6XaQgnJiirspW7I=,search,Explore,radio,1
R7AyK9ZUi5d21sCDumgghXW+TNacd/qN0dNMa0C22pA=,IomyG8OwXU9lWvede4KdHxtUZ+eppEdusnOCDDok36g=,explore,Discover Feature,local-library,1
pRHIP4XdwWx7YpREsLN4sD0gb2BUEbhKytDXlwUAO+k=,8ZT1ADO1qNipe/T41z8XASvyZRgdBUL5oung7zV5am4=,explore,Discover Feature,song-based-playlist,1
UTAElx4+rSh2QViTKHQhC40cphX7ZIYafAOMJOJCshY=,GAWjH9Uns87Q1pcQTJZo+PaiJIsUj3DEWjtGqyMUZm4=,radio,My library,local-library,0
a4aEMKA1bMIwfCarB0qN+Fjag8swMwFfXm6ri5KJvms=,GFWjz4apE8zMiXe6wc0qCjr+DbK9BFkwo/rr+FsNm+g=,my library,My library,radio,1
HfVrxfpxOJuQ4FofEFxdlwm9yvaoy8y0JOH3GaQ/RTs=,qxDl7URNa8pfCbbdoMNE0cHrU1+hMSIdyqhOGvQo69M=,my library,Explore,song-based-playlist,1
TDHfjwkLrnoorqjTUFtlzSL47Yl1oEBpHM8k7qHrIdI=,WLWYK2ULyKhj/FAWvhEOVQuDlZmsmTkKscwahrXsoBM=,radio,Local playlist more,online-playlist,1
00qmlWC3H/cjf2Ig1li5xIO0VNDRgBX0f9ilouDBEZs=,BwDDym6Tp7EnGudWBGJyjONZeX0/4ndu5PETiPWzav8=,explore,Explore,radio,1
p9Lk74DKfVohPHjTvzHSVQ3lRaqW2ofcBolP45FJgiQ=,JiY2ckGkra5KGchu3Rh6KPH9FL2J0tTmAB3pGyVi4BQ=,discover,Local playlist more,local-library,0
crUeQ6DYDHHRNYmn+n5Kodfvu9ki0IdHfXHNlZEUPHs=,W+akwEPQhC1OugUaQlo0DR9xVs49UbJDZbiGvgN6ZyY=,discover,Discover Feature,song,0
vSstkkQzt3KMmyvh0MGHpXpgzHO6kobAYipy6ik6HB8=,L6w2d0w84FjTvFr+BhMfgu7dZAsGiOqUGmvvxIG3gvQ=,search,Radio,song-based-playlist,0
R2FvE4x+hefwL4evbgNGNCng13c1MkP3PHocNtU91qU=,Sb2AlcokNNB8/NfoJjK+C/N5lmET1mY6HAd781MxQy0=,my library,My library,song,0
sgT7F0PbR9/iCyzeSzcl//+E+fK3CeZmM1deeeJ5rZ8=,msJWKceAKkJe5FJDUUpnHBL8qS3QQUC2faxjiJrEw5w=,my library,Radio,local-library,1
NwX1NaVlyw0jvfQNxLTcx9ztIUKVL/sjkccdAmMpfCA=,Hum12fv82coQWytuQUP8K0cHEdJ9zz10RrGjsGqmDpw=,explore,Explore,online-playlist,1
YYdQJgjemCT/fAv8s+CwfmgDprAQOneJ2M2SdArq9V4=,n+FLlTL+LrNTa6xpoGkESEzlUMb/hPEM1nLq2U6fEp0=,radio,Radio,song,1
uhEkft9Ht4TsUF5wBkmmZbtbaIVESVfiUnMlxHYl0HI=,ayL6eLHKSrmX4smFi1KbGMYrWI9EwsiErGjWUJ9CTrQ=,search,Local playlist more,song,0
AEZNdJt0QGYpBlT97tdnNaNHW5SqpgJb70TFmeZBYbg=,IIPVkO6EB8ymcuxkuxkum1N5gowLdTzy9sYF9luyhVk=,radio,Discover Feature,radio,1
qljEWgpUDxIw7Lpc9mpZSYjpH+RmsE3T6s0x852lzRY=,ufjl9/oJJRQx/0JUEBaIeyE82HP0CF7Fy2LwOIiNiYY=,my library,Explore,song-based-playlist,1
00qmlWC3H/cjf2Ig1li5xIO0VNDRgBX0f9ilouDBEZs=,d9Flpsyq/y8CR3F213pnXUkrfK1fMClvhYH37pFSc7s=,my library,Radio,online-playlist,0
TxvdtN1Ehq4kbgU5J7lw+ik6Pc0NZjnQKARPiCCf0fk=,f8/yxXLT8/hENDkcudzHhytnOwyUKJ+/JCY7Y+L/Gsw=,search,My library,song,1
ocQB699RoI5sBlRUfv8tu++vqupI35/95l3U507jdpw=,nnGh305rOmte1K/4D+qsL1LyY6P+jvDlzATIqwbCa/0=,search,My library,radio,0
tNvUsQwOJX5OgGsBBN9to3vI+DoUc6S1BFgNXUaYoo0=,8Ckw1wek5d6oEsNUoM4P5iag86TaEmyLwdtrckL0Re8=,explore,Explore,song,0
qn0aqqC8dcshYsmcFmFYJtebwjMp6kLr8yanC5QC79o=,YKXNGyMdm+M370+YcJdqTDhPN1gJgBj+F5rmrdnPZT4=,search,My library,radio,0
HVcWdf8CEo9s6qwt5V7TpoPYJfRlQSTA6b7kxEAImpc=,++QfzyM/LiFaCuvkDFK/wJe13ZEMgTgAaVCcolo7nnY=,search,Radio,radio,0
saNgxsUQwx4IXBRgFF0w3uJN6KzvQBEv3dI7dDaz97g=,4MisMKfKs26kWvzPwqJMnqqoeNfOlsfiiFswvWIQOUI=,search,Discover Feature,song-based-playlist,1
hOyJGmY7tciqGf1EhDj5UT86IfSSnaTHP5JWAPxYN6s=,6pe6XOKc+06NhkgrFitOb/EKMj910AlS34LdhP510LE=,discover,Explore,song-based-playlist,0
hOyJGmY7tciqGf1EhDj5UT86IfSSnaTHP5JWAPxYN6s=,jHMqK5wu5C0txl0QCxpkSM1xbIev60ii+dc99LXu8EI=,discover,Discover Feature,song-based-playlist,1
rEVqJ3NIxC9LSUZYOj1ft5VSAvFo3AxNu2k36hKKtWc=,WLWYK2ULyKhj/FAWvhEOVQuDlZmsmTkKscwahrXsoBM=,explore,Discover Feature,local-library,1
E9jsIxPWhebfnR8cbqPgS+FxCt0zBSXP+72mYRFg0+U=,Z+mhovcYbExPp66GnBecKttDRM5S5YCAw9vzJACsQAU=,radio,Radio,radio,0
VE8ZRudqIj9zHOSXxGg3cLOBkbykv78DwWN6IXRusWo=,66NCw1qHAROy0PiUC1tPNmGYqRvBSfvGUsO+46BooDc=,discover,Explore,song,0
a3O5che4tB5RTo8XoApn10uQ+FpVjTNwJfNrrQyaMXk=,cR+VrCdZkNm/QM0WjQQip9AnOrT/auRDZboM1KpevS4=,discover,Discover Feature,song-based-playlist,0
tNvUsQwOJX5OgGsBBN9to3vI+DoUc6S1BFgNXUaYoo0=,dKsoBHe5cVhyQSU8CimXs4ysaAky4RNgBwIafHaLkik=,discover,Discover Feature,online-playlist,1
JoGt+PgRGKHAhTQnaRqQygBWdDwGE6gdPbeGiGP4/Lc=,xK0clTH8TvjG6sKmJXZuMLzhikhlEsolLtx2AHBpmbQ=,discover,Radio,song,1
XkORogCcAwIoTSBptOED51tv9wXQ2WCEqGgvwqKsyU0=,r5BnHxvuPlLjwr4MHf3dF3yUY+NVS6rHrkVG7wVZ1uE=,search,Local playlist more,radio,0
1wiu2UfN0BNhHfPTrDS3S/rQkX/vnwDoKH6ODTUdH9k=,rcPNzl8xjj74tjZDop961+ugDVJKx4mdgh7L1xJ85FI=,radio,My library,online-playlist,1
rdNI0wgxmcsOgjH0akX2/zzW8qbDZc45D681Mpq45jI=,3DU6F6k6dFSdoQa2tsia5spMXFCxWh4JJdA3OxSo3rM=,radio,Explore,song-based-playlist,1
Z56mxjHqnR1FK1d5gkf5ARTxwZF8h0HPI+rHFGRrMHo=,YN4T/yvvXtYrBVN8KTnieiQohHL3T9fnzUkbLWcgLro=,explore,My library,radio,1
hzy7RwzEVDm4JmC0X2qLUvnoE1+2zNTEea4fOe/o6ms=,msy6vSQ15p6RVJfm/bSgcDwd3YSLp445Pdhzw6CEZRM=,radio,Radio,song,0
V39VxDdE9SgMQZnX58oQChm9W056pw2lC3TiifMfkKw=,9YRkIrpN2f9PtHpeYsE03vYy9X7RpIR9XmGtxuyO5iY=,radio,My library,online-playlist,1
Z56mxjHqnR1FK1d5gkf5ARTxwZF8h0HPI+rHFGRrMHo=,G21dv1ZiXpa7iO6UrKktIgqRdrvx7nLjRbRHGmtzGvQ=,my library,Local playlist more,local-library,1
ZIThPCdbFdxx0T+qKaAnQprzkTcoMTJL66Of3nlFGLA=,x+wwBWqNXLShElFWaLs1ahI15dN4cl4ShC1/Wm4PsH4=,search,Explore,radio,1
3TZaybijIyaqU3P+moI/mzFWcAj6aR0p7bmxLT9iRq8=,ih58jIWgit7qPy3VpvbM6E7AIvs57ylCHMVpIl1T+Io=,my library,Explore,song,1
a4aEMKA1bMIwfCarB0qN+Fjag8swMwFfXm6ri5KJvms=,zx4aCmk+b/uPmvESsG8ekvi7qWmifSPNMXg1i8wyG8Q=,explore,Local playlist more,online-playlist,1
LThaiVqGGnVTPmTcmwN/LLo4fVb5dzkduzd7s1SgzIA=,XgLDH2I0dmKXQNQTMsNyGSy5oz+o6o6jPTqj0I8abFY=,radio,Local playlist more,song-based-playlist,1
rdNI0wgxmcsOgjH0akX2/zzW8qbDZc45D681Mpq45jI=,w4Zku7HxtkAKl/BB8H81ZfWOXwnnmVbZBvFZeRPuRUU=,search,Discover Feature,song,1
o6lVTGcU8lL0OI4fOMWc21THJHoOjqxxYlYACoyTN6g=,uWREia5CNSoapbU9+BpqQxlSfntw1J/01HQGpVxFiM4=,search,Discover Feature,song,1
a3O5che4tB5RTo8XoApn10uQ+FpVjTNwJfNrrQyaMXk=,p6vR55B6kN6DL6mkWo3Ndkzd1KEbmr38ndt04bYuzXo=,my library,Local playlist more,song-based-playlist,1
gxxBbzV3eE2XGjUrFVB2FzAve55Oe1s86HD+OEh36Gw=,msy6vSQ15p6RVJfm/bSgcDwd3YSLp445Pdhzw6CEZRM=,my library,Discover Feature,song-based-playlist,1
a89sofbsaFkpzn8/P10elgzbXDQokPTlsKc1uqi7Zco=,cR+VrCdZkNm/QM0WjQQip9AnOrT/auRDZboM1KpevS4=,search,Local playlist more,song,0
E23IyF1NtT7IeesuDuHWR6g/yMpWrq3cN3U4qTjXE0A=,f0Yvo22LVUbRIlICXcEEym7IYNVjUqghZryP6Vf103A=,radio,Explore,song-based-playlist,1
E3yiQ2d5+KiGkm622V73IRgukx9qXPYJIpG6xWF/lF4=,2uFTn3kDES2C3JeqzV4cpSAGQ756GFK0XajzEDLqER4=,my library,Explore,song,1
JkQacE3rvmhh65R04eDLbu+M7MCkpzmHwMGrbZo0puc=,Xpjwi8UAE2Vv9PZ6cZnhc58MCtl3cKZEO1sdAkqJ4mo=,explore,Discover Feature,song-based-playlist,1
lq5Q5jIo2pNtn/bTBZy8e07jc4qcIhLI7PXeieo/EgI=,Wi0kjTBakpXIWBbaT++vmtjDSEo06lhfiVO4KMSF5jc=,search,Local playlist more,local-library,0
baemFqI4x+fpHweCJQeb64jdSmOWUKkJuwK5BrgcsX0=,WrVBxKvotVYzAKxCxNAGssQ1oCgO0gAJ4sNCfhfdfOY=,search,Discover Feature,online-playlist,1
hOyJGmY7tciqGf1EhDj5UT86IfSSnaTHP5JWAPxYN6s=,R1769yIwSejBpG/qGgxdD3BiYXI2fJgMg1jjlKCPhIo=,discover,My library,song-based-playlist,1
cNssc+2L1Fx77CzASou28E9qfWeJjQKZtfoADkl/xkQ=,9uDuRF+ToaleR51vHf8IEw4NEKDJXRo/rVRV2011aSM=,discover,Radio,radio,1
WRwcfUKwDVQ46cylDQ1Tf8ayTojVYeh/00m0ubVNxQo=,bG9ptdK+Pb7m4ozflF/RjUqbG/uo5ipgAo1ffT8mnfU=,discover,Radio,local-library,1
Z56mxjHqnR1FK1d5gkf5ARTxwZF8h0HPI+rHFGRrMHo=,pkKADcjPLFdP9kX40L8dlmbLWkgUTqUB0LhurVLSTME=,explore,My library,song-based-playlist,0
B4P1g6sGBILzGhelH/YKkfpkFgWfn/LgS4KgU+bEaD0=,HRg8zzy3PcS4sBcZIFOcUL4uCqg7SurUslUQyF2op+o=,discover,Radio,song,0
IU4XmahhntFf39v7Xzd/Nk6fjzZCCpAjOU8xW2TWHGk=,k8DZF0FFuy2GydI7mnH1tH50pFcEQMPYVD/A7Y/T0QI=,search,Radio,song-based-playlist,1
p9Lk74DKfVohPHjTvzHSVQ3lRaqW2ofcBolP45FJgiQ=,zQ42nV6yi4mJlCn/6KEjm+SP6pEwUsd3P9fpI8tDiWE=,search,My library,local-library,0
4abUL+lw0T5WFbdgeEyj8UHqyYxA7Exgw2tWiDJVSwY=,UXK+xHZe1REiVRlOMS5gvqeUY+kLbVyiEdJRTLYoZkk=,discover,Explore,local-library,1
T+FJrpYi77CWTUE5nO/vliojRaTPgt2bRUQHy5lhXrQ=,S9Ceoq7vRyE9wVvIyi8dWYZ+9bN3W/hP8i6nFTM8y70=,search,Local playlist more,radio,1
YkG93vvIFdFWVWsYqT5w6t0X4uw9/RS03jqzhBzxFlc=,kE+FVLsG03zTzYoGVDqTmVkoSKC9DjJwQr2puF6MkOI=,discover,Radio,local-library,0
pRHIP4XdwWx7YpREsLN4sD0gb2BUEbhKytDXlwUAO+k=,limwLMOy3/jAQ5dOa3x7k/eJmA1ARXel99C337h+E34=,radio,My library,radio,0
baemFqI4x+fpHweCJQeb64jdSmOWUKkJuwK5BrgcsX0=,fvFw8C8/hBGjtRs+4+bPpo6Ytw9YG0pLOwWJf3YAVhY=,explore,Explore,online-playlist,1
OMy7VLQDDDlAqrp/YCl+BvzGIgZoWNejIDqSl8siqIM=,jpq9yBIzCyyWbLcrGFWHYyXpFZ8N4b9FgKC4qFj04gk=,discover,Discover Feature,online-playlist,1
lSkUSnCm60kDLdEsnAVp6jwr2HkyIhDCEZLX82djjHg=,2uFTn3kDES2C3JeqzV4cpSAGQ756GFK0XajzEDLqER4=,my library,Discover Feature,song,1
frZtrrN1Y2ZqZX3VFiq7FpAvLth3kZJNovT9cmyn2O4=,ys+EL8Sok4HC4i7sDY0+slDNGVZ8+uOQi6TQ6g8VSF4=,search,Explore,local-library,1
WtuOpsYQ8St9zt7yySdryqDUCxeT4/v2rLRA7+lsahQ=,dKfxhaRKwvhiYOUQ5JlkxQrJ/dDksdFueybCIdG5dXI=,search,Radio,song-based-playlist,0
4abUL+lw0T5WFbdgeEyj8UHqyYxA7Exgw2tWiDJVSwY=,xeyouM+hIjUtImV20of0p7SrDY4UnejP5Q/BnCHYG00=,discover,Local playlist more,local-library,1
16pGH8W1JKJTrQSZDX3gQY57S3FiO4YJheGRiYbONsU=,OE6pqPyTUHX2LrFokqXrAVv6VkRGadC8XQ8CZZpaa3g=,search,Discover Feature,radio,0
s8Oce1igq03hako2pQCfeXyPVkBs77ArjdrZEQAjpbk=,yn6Kt6+romPpZ1i6+hqI3WJ42G5SdsX3a+l59IaMcp4=,explore,Radio,song-based-playlist,1
bEJvXhD1XWK8qi0Lhydk9nt30hOTCkxG0a70s9ZeCEk=,bFbleyVHx6Nr9tHMr4OybO2i3A4FS2Be0/62K2+FSpY=,my library,Local playlist more,local-library,1
TO253iXvHroemKYZ23M7YL7uu6Um4zEwByNl4wcpIYs=,fEAIgFRWmhXmo6m3ukQeqRksZCcO/7CjkqNckRHiVQo=,discover,Explore,song-based-playlist,0
aMB9nC9PVKXsk/K++qMMG0in0dvk2XiUFuAnr10qiac=,BxDBwZ9N4vb18iY72TA2T1VROqz00TpBvOVeefkm9KM=,search,Radio,online-playlist,0
xEeMEDdDCvfLGt6eoayVgVh48nLdPvEm1XzwzY6lT58=,rqNd52MxQ+okfR61j2c7u36DLODO4d2Zt/hMm3jxncM=,radio,Explore,song,0
LThaiVqGGnVTPmTcmwN/LLo4fVb5dzkduzd7s1SgzIA=,7NV5ZpaFlc7e3fjuxNiiuL0+HEr8qASFr+HHztIhwGY=,radio,My library,song-based-playlist,1
